case_id,student_id,submission_id,assignment_id,case_open_date,incident_date,case_type,trigger_source,initial_suspicion_level,evidence_strength,plagiarism_flag,ai_detector_flag,network_flag,faculty_report,investigation_duration_days,student_response,appealed,appeal_date,verdict,sanction_level,sanction_type,sanction_points,case_closed_date
CASE000001,S01092,SUB000011,ASSIGN00001,2026-04-14 10:16:59.447784932,2026-04-13 04:58:18.672594224,Plagiarism,AI Detector,Medium,58.1,False,False,False,False,,No Response,True,,Pending,None,,0.0,
CASE000002,S00747,SUB000017,ASSIGN00001,2026-04-11 17:34:34.304362286,2026-04-11 13:57:03.099571499,Plagiarism,Peer Report,Medium,42.72,False,False,False,False,8.0,Admitted,False,,Dismissed,None,,0.0,2026-04-20 04:34:34.304362286
CASE000003,S00989,SUB000040,ASSIGN00002,2025-11-12 17:55:12.092583653,2025-11-11 07:57:35.390783837,Unauthorized Collaboration,AI Detector,High,75.57,False,True,False,False,1.0,Admitted,True,2025-11-16 22:55:12.092583653,Guilty,Moderate,Academic Probation,8.0,2025-11-13 22:55:12.092583653
CASE000004,S01020,SUB000088,ASSIGN00004,2026-07-14 14:18:47.574789712,2026-07-14 05:41:13.160185008,Academic Misconduct,Automated Monitoring,Medium,50.03,False,False,True,False,8.0,Denied,False,,Insufficient Evidence,None,,0.0,2026-07-23 01:18:47.574789712
CASE000005,S00796,SUB000098,ASSIGN00005,2027-04-09 14:31:56.256885833,2027-04-09 02:07:44.877727941,Unauthorized Collaboration,Faculty Report,Medium,56.9,False,False,True,True,5.0,No Response,False,,Not Guilty,None,,0.0,2027-04-14 16:31:56.256885833
CASE000006,S01280,SUB000100,ASSIGN00005,2027-04-09 16:18:42.891113098,2027-04-09 13:45:41.099220881,Plagiarism,AI Detector,Medium,58.79,False,False,False,False,,Denied,False,,Pending,None,,0.0,
CASE000007,S00541,SUB000147,ASSIGN00008,2026-07-05 01:07:39.695842650,2026-07-03 13:40:11.961685312,AI Misuse,AI Detector,High,71.05,False,True,False,False,7.0,Denied,False,,Insufficient Evidence,None,,0.0,2026-07-12 09:07:39.695842650
CASE000008,S00530,SUB000167,ASSIGN00009,2026-10-22 19:31:35.700117701,2026-10-22 08:09:28.119678224,Academic Misconduct,Similarity Check,Low,26.23,False,True,False,False,10.0,Denied,False,,Guilty,Warning,Formal Warning,1.0,2026-11-02 04:31:35.700117701
CASE000009,S01223,SUB000178,ASSIGN00009,2026-10-22 07:38:35.920672819,2026-10-21 19:05:27.937205658,AI Misuse,Faculty Report,Medium,65.57,False,False,False,True,8.0,Admitted,False,,Guilty,Moderate,Academic Probation,8.0,2026-10-30 15:38:35.920672819
CASE000010,S00381,SUB000193,ASSIGN00010,2027-03-22 22:41:06.337348884,2027-03-22 10:43:01.276231356,AI Misuse,AI Detector,Medium,73.99,False,False,False,False,19.0,Admitted,False,,Guilty,Moderate,Assignment Grade Penalty,4.0,2027-04-11 06:41:06.337348884
CASE000011,S01500,SUB000206,ASSIGN00011,2026-02-22 16:33:02.152196379,2026-02-21 11:08:28.212783354,AI Misuse,Faculty Report,Low,61.82,False,False,False,True,8.0,Denied,False,,Guilty,Warning,Formal Warning,1.0,2026-03-02 18:33:02.152196379
CASE000012,S01398,SUB000209,ASSIGN00011,2026-02-21 07:15:29.871615569,2026-02-21 00:42:49.688006608,AI Misuse,AI Detector,Medium,75.9,False,True,False,False,9.0,Partial Admission,False,,Guilty,Severe,Suspension,15.0,2026-03-02 10:15:29.871615569
CASE000013,S00688,SUB000215,ASSIGN00011,2026-02-22 02:43:29.220672357,2026-02-20 15:27:10.228926471,AI Misuse,AI Detector,High,79.52,False,False,False,False,5.0,Denied,False,,Guilty,Severe,Academic Probation,8.0,2026-02-27 13:43:29.220672357
CASE000014,S00964,SUB000217,ASSIGN00011,2026-02-22 02:11:13.063064474,2026-02-21 01:00:09.691028203,Academic Misconduct,Peer Report,Low,46.13,False,False,False,False,9.0,No Response,False,,Insufficient Evidence,None,,0.0,2026-03-03 03:11:13.063064474
CASE000015,S00375,SUB000236,ASSIGN00012,2027-03-20 21:58:10.871414700,2027-03-20 11:23:52.030627564,AI Misuse,Automated Monitoring,Low,40.01,True,True,False,False,7.0,No Response,True,2027-04-14 03:58:10.871414700,Guilty,Warning,Formal Warning,1.0,2027-03-28 03:58:10.871414700
CASE000016,S01444,SUB000244,ASSIGN00013,2026-04-05 15:31:13.928416128,2026-04-05 05:42:34.048726421,Other Integrity Concern,Similarity Check,Low,46.08,False,False,False,False,1.0,Partial Admission,False,,Not Guilty,None,,0.0,2026-04-07 03:31:13.928416128
CASE000017,S01173,SUB000252,ASSIGN00013,2026-04-03 23:32:54.869493838,2026-04-03 12:57:19.132655925,Plagiarism,Automated Monitoring,High,82.23,False,False,False,False,19.0,Denied,False,,Dismissed,None,,0.0,2026-04-23 02:32:54.869493838
CASE000018,S00461,SUB000255,ASSIGN00014,2026-07-09 05:29:06.113975537,2026-07-08 01:36:26.613517230,Plagiarism,Peer Report,Low,32.56,False,True,False,False,5.0,Denied,False,,Not Guilty,None,,0.0,2026-07-14 14:29:06.113975537
CASE000019,S00598,SUB000262,ASSIGN00014,2026-07-09 06:07:54.039104631,2026-07-08 01:31:26.325598293,Unauthorized Collaboration,Automated Monitoring,High,78.45,False,True,False,False,27.0,Denied,False,,Not Guilty,None,,0.0,2026-08-05 18:07:54.039104631
CASE000020,S01322,SUB000279,ASSIGN00015,2026-04-21 03:58:48.749733285,2026-04-20 02:56:12.036919498,AI Misuse,AI Detector,High,58.96,False,False,False,False,6.0,Partial Admission,True,2026-05-15 05:58:48.749733285,Not Guilty,None,,0.0,2026-04-27 05:58:48.749733285
CASE000021,S00783,SUB000286,ASSIGN00015,2026-04-18 07:27:40.314339595,2026-04-17 05:51:24.335813457,Unauthorized File Sharing,Faculty Report,Medium,55.46,False,True,False,True,10.0,No Response,False,,Insufficient Evidence,None,,0.0,2026-04-28 17:27:40.314339595
CASE000022,S00305,SUB000301,ASSIGN00016,2025-10-11 12:23:22.658060397,2025-10-09 22:58:31.208114757,Plagiarism,Plagiarism Screening,Medium,49.65,True,False,False,False,1.0,Admitted,False,,Guilty,Moderate,Assignment Grade Penalty,4.0,2025-10-12 15:23:22.658060397
CASE000023,S00013,SUB000321,ASSIGN00017,2026-10-27 12:20:07.519048352,2026-10-26 06:57:32.772632312,Unauthorized Collaboration,Automated Monitoring,Medium,73.17,False,True,False,False,3.0,Denied,False,,Not Guilty,None,,0.0,2026-10-30 18:20:07.519048352
CASE000024,S00068,SUB000324,ASSIGN00018,2027-03-23 07:39:55.221398491,2027-03-22 01:23:11.436342528,Academic Misconduct,AI Detector,High,67.74,False,True,False,False,3.0,Denied,False,,Insufficient Evidence,None,,0.0,2027-03-26 08:39:55.221398491
CASE000025,S00376,SUB000353,ASSIGN00019,2025-10-01 06:52:49.073374457,2025-09-30 23:37:06.023662615,AI Misuse,Peer Report,Low,22.61,False,False,False,False,,Denied,True,,Pending,None,,0.0,
CASE000026,S00249,SUB000365,ASSIGN00019,2025-10-03 04:14:39.445560840,2025-10-01 08:18:25.622428599,Academic Misconduct,AI Detector,Medium,72.19,True,False,False,False,8.0,Admitted,True,,Guilty,Severe,Academic Probation,8.0,2025-10-11 13:14:39.445560840
CASE000027,S00132,SUB000366,ASSIGN00019,2025-10-01 19:54:11.940638154,2025-10-01 02:23:15.299605429,AI Misuse,Automated Monitoring,Medium,31.92,False,True,False,False,8.0,Admitted,False,,Guilty,Warning,Formal Warning,1.0,2025-10-10 03:54:11.940638154
CASE000028,S01432,SUB000385,ASSIGN00021,2026-04-15 11:50:20.822824206,2026-04-15 04:09:02.128804383,Plagiarism,Similarity Check,Low,48.83,True,False,False,False,3.0,Admitted,False,,Dismissed,None,,0.0,2026-04-18 19:50:20.822824206
CASE000029,S00652,SUB000387,ASSIGN00021,2026-04-13 08:06:42.595193984,2026-04-12 17:33:50.672566799,Plagiarism,Faculty Report,Low,43.78,False,False,False,True,18.0,Admitted,False,,Not Guilty,None,,0.0,2026-05-01 19:06:42.595193984
CASE000030,S01369,SUB000392,ASSIGN00021,2026-04-14 00:39:42.197668541,2026-04-13 14:39:06.413889947,AI Misuse,Similarity Check,Low,31.16,False,False,False,False,11.0,Admitted,False,,Not Guilty,None,,0.0,2026-04-25 04:39:42.197668541
CASE000031,S00501,SUB000406,ASSIGN00022,2026-07-02 14:01:59.632777924,2026-07-01 03:24:33.957493909,AI Misuse,AI Detector,High,76.62,True,True,False,False,3.0,Partial Admission,False,,Guilty,Moderate,Assignment Grade Penalty,4.0,2026-07-06 02:01:59.632777924
CASE000032,S00537,SUB000420,ASSIGN00023,2025-11-17 19:19:43.645976808,2025-11-16 04:27:17.569488111,AI Misuse,Automated Monitoring,Low,29.36,False,True,False,False,4.0,Denied,False,,Insufficient Evidence,None,,0.0,2025-11-21 21:19:43.645976808
CASE000033,S00794,SUB000423,ASSIGN00023,2025-11-14 03:42:16.286736180,2025-11-13 02:28:24.474987853,Unauthorized File Sharing,AI Detector,High,65.9,False,True,True,False,7.0,Denied,False,,Insufficient Evidence,None,,0.0,2025-11-21 12:42:16.286736180
CASE000034,S00158,SUB000445,ASSIGN00024,2026-03-27 00:21:56.174920987,2026-03-25 03:49:57.020432793,Plagiarism,AI Detector,High,70.63,False,False,False,False,12.0,Denied,False,,Dismissed,None,,0.0,2026-04-08 11:21:56.174920987
CASE000035,S00566,SUB000461,ASSIGN00025,2025-11-15 13:04:39.842857648,2025-11-14 06:54:18.487144301,Plagiarism,Automated Monitoring,Medium,24.07,False,False,True,False,13.0,No Response,False,,Dismissed,None,,0.0,2025-11-28 17:04:39.842857648
CASE000036,S00847,SUB000481,ASSIGN00027,2025-10-03 23:06:09.423421111,2025-10-03 09:34:05.780528523,AI Misuse,AI Detector,Low,46.63,False,True,False,False,,Partial Admission,False,,Pending,None,,0.0,
CASE000037,S00790,SUB000485,ASSIGN00027,2025-10-03 03:48:30.849907402,2025-10-02 02:14:49.714877928,Plagiarism,Automated Monitoring,Medium,67.7,False,True,False,False,7.0,Denied,False,,Dismissed,None,,0.0,2025-10-10 04:48:30.849907402
CASE000038,S01114,SUB000493,ASSIGN00027,2025-10-03 17:19:32.470950415,2025-10-02 13:23:39.278488245,AI Misuse,Faculty Report,Low,27.54,False,False,False,True,,Denied,False,,Pending,None,,0.0,
CASE000039,S01222,SUB000506,ASSIGN00028,2026-07-19 08:43:37.498355279,2026-07-17 17:47:11.528557399,Academic Misconduct,AI Detector,Medium,69.75,False,True,False,False,4.0,Denied,False,,Dismissed,None,,0.0,2026-07-23 13:43:37.498355279
CASE000040,S00846,SUB000510,ASSIGN00028,2026-07-17 21:06:07.711861632,2026-07-16 13:29:07.392975981,AI Misuse,Faculty Report,Low,34.78,False,False,False,True,15.0,Denied,False,,Dismissed,None,,0.0,2026-08-02 06:06:07.711861632
CASE000041,S00352,SUB000527,ASSIGN00030,2026-07-21 15:54:49.420071999,2026-07-21 13:28:57.739998694,AI Misuse,Faculty Report,Low,34.82,False,False,False,True,17.0,Admitted,False,,Not Guilty,None,,0.0,2026-08-07 18:54:49.420071999
CASE000042,S01389,SUB000539,ASSIGN00030,2026-07-23 10:40:42.431452834,2026-07-22 12:04:57.133137038,AI Misuse,Faculty Report,Low,25.34,False,False,False,True,21.0,Denied,False,,Dismissed,None,,0.0,2026-08-13 15:40:42.431452834
CASE000043,S00368,SUB000546,ASSIGN00031,2026-09-27 11:51:14.081704094,2026-09-27 03:46:27.650360687,AI Misuse,Similarity Check,High,81.88,False,True,True,False,16.0,Denied,False,,Guilty,Warning,Formal Warning,1.0,2026-10-13 21:51:14.081704094
CASE000044,S00394,SUB000558,ASSIGN00032,2025-10-19 11:56:01.271479291,2025-10-17 13:31:20.312847393,Unauthorized Collaboration,AI Detector,Medium,68.21,False,True,False,False,5.0,Denied,False,,Dismissed,None,,0.0,2025-10-24 18:56:01.271479291
CASE000045,S00458,SUB000564,ASSIGN00032,2025-10-18 14:16:56.660937310,2025-10-17 07:49:38.267679019,Other Integrity Concern,Faculty Report,Low,48.73,False,False,False,True,13.0,Partial Admission,False,,Dismissed,None,,0.0,2025-10-31 20:16:56.660937310
CASE000046,S00144,SUB000568,ASSIGN00032,2025-10-19 18:03:36.792914442,2025-10-18 12:04:18.921878888,AI Misuse,Faculty Report,Medium,24.46,False,False,False,True,9.0,Partial Admission,False,,Dismissed,None,,0.0,2025-10-29 05:03:36.792914442
CASE000047,S01354,SUB000569,ASSIGN00032,2025-10-20 10:23:52.035248440,2025-10-19 19:49:37.369941876,Unauthorized Collaboration,Peer Report,Medium,32.72,False,False,True,False,5.0,Denied,False,,Insufficient Evidence,None,,0.0,2025-10-25 21:23:52.035248440
CASE000048,S01395,SUB000603,ASSIGN00034,2026-11-05 11:54:55.325997108,2026-11-04 17:26:47.197975506,Plagiarism,Peer Report,Medium,28.88,False,False,True,False,3.0,Denied,False,,Dismissed,None,,0.0,2026-11-08 21:54:55.325997108
CASE000050,S01000,SUB000641,ASSIGN00036,2027-02-16 17:20:08.002074515,2027-02-16 02:09:16.374954768,Plagiarism,Automated Monitoring,Medium,85.55,False,True,False,False,16.0,No Response,False,,Guilty,Severe,Suspension,15.0,2027-03-04 23:20:08.002074515
CASE000051,S01034,SUB000653,ASSIGN00036,2027-02-16 16:22:44.317771307,2027-02-15 08:44:40.030926428,AI Misuse,Similarity Check,Low,39.57,False,True,False,False,10.0,Denied,False,,Not Guilty,None,,0.0,2027-02-26 18:22:44.317771307
CASE000052,S00755,SUB000660,ASSIGN00036,2027-02-17 08:01:38.972558370,2027-02-15 13:22:43.005528982,AI Misuse,AI Detector,High,58.54,False,False,False,False,3.0,Denied,False,,Insufficient Evidence,None,,0.0,2027-02-20 16:01:00.000000000
CASE000053,S01060,SUB000670,ASSIGN00037,2025-11-24 16:05:55.942482452,2025-11-24 11:16:56.622429470,Unauthorized Collaboration,AI Detector,High,83.44,False,False,False,False,8.0,Denied,False,,Guilty,Moderate,Assignment Grade Penalty,4.0,2025-12-03 04:05:55.942482452
CASE000054,S00469,SUB000678,ASSIGN00037,2025-11-24 13:20:27.537711872,2025-11-23 19:54:29.217786860,AI Misuse,Faculty Report,Low,44.06,False,False,False,True,4.0,Admitted,False,,Insufficient Evidence,None,,0.0,2025-11-28 15:20:27.537711872
CASE000055,S00002,SUB000701,ASSIGN00038,2026-10-31 09:15:20.115764471,2026-10-29 17:40:10.412899859,Unauthorized File Sharing,AI Detector,Medium,62.14,False,True,False,False,4.0,Denied,False,,Dismissed,None,,0.0,2026-11-04 19:15:20.115764471
CASE000056,S00029,SUB000706,ASSIGN00039,2025-10-12 00:15:51.350247824,2025-10-11 11:11:57.084297781,AI Misuse,AI Detector,High,77.52,False,True,False,False,3.0,Denied,False,,Guilty,Moderate,Course Grade Reduction,6.0,2025-10-15 07:15:51.350247824
CASE000057,S00460,SUB000722,ASSIGN00040,2026-07-04 02:30:22.490244874,2026-07-03 08:52:07.905384695,AI Misuse,Automated Monitoring,High,68.37,False,True,True,False,8.0,Denied,False,,Dismissed,None,,0.0,2026-07-12 05:30:22.490244874
CASE000058,S00510,SUB000744,ASSIGN00041,2026-11-01 15:40:02.647025871,2026-11-01 08:53:14.193489775,Academic Misconduct,AI Detector,Medium,64.79,False,False,False,False,,Denied,False,,Pending,None,,0.0,
CASE000059,S01277,SUB000755,ASSIGN00041,2026-10-31 22:48:21.266239948,2026-10-31 01:10:25.794319949,Academic Misconduct,Peer Report,Low,30.7,False,False,False,False,14.0,Denied,False,,Guilty,Moderate,Course Grade Reduction,6.0,2026-11-15 08:48:21.266239948
CASE000060,S00052,SUB000783,ASSIGN00043,2026-10-20 15:31:56.999451157,2026-10-19 01:07:12.656145609,Academic Misconduct,AI Detector,Medium,63.53,False,False,False,False,2.0,No Response,False,,Not Guilty,None,,0.0,2026-10-22 20:31:56.999451157
CASE000061,S01358,SUB000807,ASSIGN00045,2026-07-28 19:21:17.883034451,2026-07-27 12:57:28.557169311,AI Misuse,Faculty Report,Low,34.91,False,False,False,True,4.0,Admitted,False,,Dismissed,None,,0.0,2026-08-02 06:21:17.883034451
CASE000062,S00446,SUB000841,ASSIGN00046,2026-10-09 15:36:59.363277763,2026-10-07 18:48:49.778883666,AI Misuse,Faculty Report,Low,46.15,False,True,False,True,9.0,No Response,False,,Insufficient Evidence,None,,0.0,2026-10-19 03:36:59.363277763
CASE000063,S00737,SUB000842,ASSIGN00046,2026-10-07 20:17:40.671022711,2026-10-07 10:18:45.984749250,AI Misuse,Peer Report,Medium,69.62,False,True,False,False,5.0,Denied,False,,Not Guilty,None,,0.0,2026-10-12 21:17:40.671022711
CASE000064,S00413,SUB000845,ASSIGN00047,2026-10-31 01:47:28.124100232,2026-10-30 15:22:38.396299235,Plagiarism,Automated Monitoring,Low,47.98,False,True,False,False,7.0,Denied,False,,Dismissed,None,,0.0,2026-11-07 04:47:28.124100232
CASE000065,S00128,SUB000847,ASSIGN00047,2026-10-30 01:06:03.514024167,2026-10-29 11:35:14.867258574,Academic Misconduct,Similarity Check,High,76.87,False,False,False,False,11.0,Denied,False,,Insufficient Evidence,None,,0.0,2026-11-10 08:06:03.514024167
CASE000066,S00095,SUB000862,ASSIGN00047,2026-11-03 05:10:09.147452125,2026-11-01 20:33:05.184650796,AI Misuse,Similarity Check,High,78.95,False,True,False,False,4.0,Denied,False,,Insufficient Evidence,None,,0.0,2026-11-07 13:10:09.147452125
CASE000067,S00066,SUB000878,ASSIGN00048,2027-02-16 21:19:18.623271282,2027-02-15 22:53:00.962437684,Unauthorized Collaboration,Automated Monitoring,Medium,67.26,False,True,False,False,,No Response,False,,Pending,None,,0.0,
CASE000068,S01166,SUB000879,ASSIGN00048,2027-02-13 23:12:48.104942119,2027-02-13 10:24:09.443413127,AI Misuse,AI Detector,Medium,63.12,False,True,False,False,9.0,Partial Admission,False,,Not Guilty,None,,0.0,2027-02-23 01:12:48.104942119
CASE000069,S00736,SUB000890,ASSIGN00049,2026-10-15 12:50:50.483063371,2026-10-15 01:28:49.304855143,Plagiarism,Faculty Report,Low,37.77,False,False,False,True,8.0,Denied,False,,Insufficient Evidence,None,,0.0,2026-10-23 16:50:50.483063371
CASE000070,S00979,SUB000893,ASSIGN00049,2026-10-15 09:12:10.799983820,2026-10-14 21:27:24.260229854,AI Misuse,AI Detector,Low,72.95,False,True,False,False,16.0,No Response,False,,Dismissed,None,,0.0,2026-10-31 16:12:10.799983820
CASE000071,S00024,SUB000896,ASSIGN00049,2026-10-15 07:53:48.283431098,2026-10-15 03:06:32.427474512,AI Misuse,Faculty Report,Medium,65.28,False,False,False,True,10.0,Denied,True,2026-11-06 15:53:48.283431098,Guilty,Moderate,Course Grade Reduction,6.0,2026-10-25 15:53:48.283431098
CASE000072,S01435,SUB000900,ASSIGN00050,2025-11-03 23:06:31.000062218,2025-11-03 03:53:22.997063557,Plagiarism,AI Detector,Medium,65.9,False,False,False,False,7.0,Admitted,False,,Insufficient Evidence,None,,0.0,2025-11-11 05:06:31.000062218
CASE000073,S00318,SUB000952,ASSIGN00052,2026-07-08 10:19:53.457705148,2026-07-07 14:40:40.340977354,Academic Misconduct,AI Detector,High,86.17,False,False,False,False,3.0,No Response,False,,Guilty,Moderate,Academic Probation,8.0,2026-07-11 14:19:53.457705148
CASE000074,S01050,SUB000961,ASSIGN00053,2025-10-31 23:27:43.075154423,2025-10-30 19:24:30.971857255,Unauthorized File Sharing,AI Detector,High,62.22,False,False,False,False,6.0,Admitted,False,,Guilty,Warning,Formal Warning,1.0,2025-11-07 07:27:43.075154423
CASE000075,S00097,SUB000973,ASSIGN00053,2025-11-01 23:53:44.818583366,2025-10-31 20:07:40.937615954,Unauthorized Collaboration,AI Detector,High,57.48,False,False,False,False,12.0,No Response,False,,Dismissed,None,,0.0,2025-11-14 06:53:44.818583366
CASE000076,S00233,SUB000994,ASSIGN00054,2027-02-27 19:39:02.424579109,2027-02-26 23:08:14.020941977,AI Misuse,AI Detector,High,79.6,False,False,False,False,2.0,Admitted,False,,Guilty,Warning,Formal Warning,1.0,2027-03-02 05:39:02.424579109
CASE000077,S00171,SUB001026,ASSIGN00056,2025-09-28 22:51:55.399265858,2025-09-28 06:35:15.309499913,Plagiarism,AI Detector,Low,66.55,False,True,False,False,,Denied,False,,Pending,None,,0.0,
CASE000078,S00313,SUB001034,ASSIGN00057,2026-07-27 20:48:38.912061307,2026-07-27 06:35:24.703324408,Academic Misconduct,Unknown,Medium,51.6,False,False,False,True,6.0,No Response,False,,Insufficient Evidence,None,,0.0,2026-08-03 03:48:38.912061307
CASE000079,S00553,SUB001035,ASSIGN00057,2026-07-29 05:43:31.002994685,2026-07-27 08:25:08.933809918,Plagiarism,AI Detector,Medium,68.0,False,True,True,False,13.0,Denied,False,,Dismissed,None,,0.0,2026-08-11 16:43:31.002994685
CASE000080,S01093,SUB001037,ASSIGN00057,2026-07-27 09:39:22.221630059,2026-07-26 21:25:20.026751272,Academic Misconduct,AI Detector,Medium,63.22,False,True,False,False,,No Response,False,,Pending,None,,0.0,
CASE000081,S00130,SUB001044,ASSIGN00057,2026-07-26 16:32:25.738862773,2026-07-26 05:31:05.806584683,Unauthorized Collaboration,Similarity Check,High,68.44,False,True,True,False,15.0,Admitted,False,,Insufficient Evidence,None,,0.0,2026-08-11 01:32:25.738862773
CASE000082,S00137,SUB001052,ASSIGN00058,2025-10-20 09:41:37.719220646,2025-10-18 20:34:12.757980567,Unauthorized Collaboration,Automated Monitoring,High,74.16,True,True,True,False,13.0,Partial Admission,False,,Dismissed,None,,0.0,2025-11-02 10:41:37.719220646
CASE000083,S00855,SUB001078,ASSIGN00059,2026-02-10 10:00:21.106586062,2026-02-09 11:34:48.097309050,Plagiarism,Automated Monitoring,High,75.0,False,True,False,False,,Denied,False,,Pending,None,,0.0,
CASE000084,S00643,SUB001084,ASSIGN00060,2026-07-10 04:06:34.655412195,2026-07-10 02:13:28.393416118,Plagiarism,AI Detector,Medium,76.8,False,True,False,False,12.0,No Response,False,,Guilty,Moderate,Course Grade Reduction,6.0,2026-07-22 12:06:34.655412195
CASE000086,S00184,SUB001155,ASSIGN00063,2026-10-27 16:03:36.957026561,2026-10-26 00:17:35.370018981,AI Misuse,Faculty Report,Medium,27.15,False,False,False,True,6.0,Denied,False,,Dismissed,None,,0.0,2026-11-02 23:03:36.000000000
CASE000087,S00068,SUB001162,ASSIGN00063,2026-10-25 10:39:55.947968411,2026-10-24 23:09:54.625890368,Plagiarism,AI Detector,Medium,61.84,False,True,False,False,12.0,No Response,False,,Guilty,Moderate,Assignment Grade Penalty,4.0,2026-11-06 13:39:55.947968411
CASE000088,S01250,SUB001164,ASSIGN00064,2026-04-15 22:40:29.603113983,2026-04-14 05:31:02.308892638,AI Misuse,AI Detector,Low,71.33,False,True,False,False,11.0,Partial Admission,False,,Not Guilty,None,,0.0,2026-04-27 04:40:29.603113983
CASE000089,S00667,SUB001167,ASSIGN00064,2026-04-15 02:49:55.642471705,2026-04-13 06:29:39.073328956,Unauthorized File Sharing,Automated Monitoring,High,66.15,False,True,False,False,4.0,Denied,False,,Insufficient Evidence,None,,0.0,2026-04-19 04:49:55.642471705
CASE000090,S00828,SUB001175,ASSIGN00064,2026-04-14 16:39:52.406446903,2026-04-13 00:02:35.422596622,Unauthorized Collaboration,Faculty Report,Medium,67.16,False,False,False,True,9.0,Denied,False,,Dismissed,None,,0.0,2026-04-24 01:39:52.406446903
CASE000091,S00693,SUB001191,ASSIGN00065,2027-03-26 02:32:06.823581841,2027-03-24 05:52:40.447304370,Plagiarism,Faculty Report,Medium,44.63,False,True,False,True,5.0,Denied,False,,Insufficient Evidence,None,,0.0,2027-03-31 05:32:06.823581841
CASE000092,S01346,SUB001192,ASSIGN00065,2027-03-25 00:23:46.443121764,2027-03-24 23:08:30.092449370,Plagiarism,AI Detector,Medium,66.89,False,True,False,False,11.0,Admitted,True,2027-04-17 03:23:46.443121764,Dismissed,None,,0.0,2027-04-05 03:23:46.443121764
CASE000093,S01039,SUB001196,ASSIGN00065,2027-03-24 11:13:37.586753605,2027-03-23 09:42:59.345277771,Academic Misconduct,AI Detector,High,50.96,False,False,False,False,7.0,Denied,False,,Dismissed,None,,0.0,2027-03-31 23:13:37.000000000
CASE000094,S00372,SUB001206,ASSIGN00066,2025-10-18 20:28:09.876898392,2025-10-18 11:09:18.282653175,Unauthorized Collaboration,Similarity Check,High,76.0,False,True,False,False,13.0,Partial Admission,False,,Insufficient Evidence,None,,0.0,2025-11-01 01:28:09.876898392
CASE000095,S00993,SUB001219,ASSIGN00067,2026-11-22 05:16:00.649000911,2026-11-21 14:19:28.736894485,Plagiarism,AI Detector,Medium,67.91,True,False,False,False,9.0,Denied,False,,Dismissed,None,,0.0,2026-12-01 17:16:00.649000911
CASE000096,S01021,SUB001235,ASSIGN00068,2025-11-16 13:58:57.984475528,2025-11-15 13:33:55.071701560,AI Misuse,Faculty Report,Medium,39.13,False,False,False,True,5.0,Partial Admission,False,,Insufficient Evidence,None,,0.0,2025-11-21 20:58:57.984475528
CASE000097,S00853,SUB001244,ASSIGN00069,2026-07-12 21:39:15.919148031,2026-07-12 13:53:41.839977125,Unauthorized Collaboration,Automated Monitoring,Medium,97.74,True,False,False,False,,Partial Admission,False,,Pending,None,,0.0,
CASE000098,S01492,SUB001256,ASSIGN00069,2026-07-12 14:12:49.024704549,2026-07-11 16:23:12.043830480,AI Misuse,AI Detector,Medium,50.11,False,True,False,False,5.0,Denied,False,,Dismissed,None,,0.0,2026-07-18 01:12:49.024704549
CASE000099,S00691,SUB001258,ASSIGN00069,2026-07-14 09:55:51.325811890,2026-07-13 10:41:16.664734673,Plagiarism,AI Detector,Medium,60.9,False,False,False,False,16.0,Denied,False,,Guilty,Warning,Formal Warning,1.0,2026-07-30 14:55:51.325811890
CASE000100,S00921,SUB001265,ASSIGN00070,2027-02-05 19:20:47.981968196,2027-02-04 01:34:13.506787056,Plagiarism,Automated Monitoring,Medium,50.81,False,False,False,False,8.0,No Response,False,,Dismissed,None,,0.0,2027-02-14 05:20:47.981968196
CASE000101,S00838,SUB001269,ASSIGN00070,2027-02-03 19:30:03.983649868,2027-02-02 23:48:35.650605920,AI Misuse,AI Detector,Medium,74.1,False,True,False,False,11.0,Denied,False,,Dismissed,None,,0.0,2027-02-15 01:30:03.983649868
CASE000102,S01049,SUB001275,ASSIGN00070,2027-02-06 00:36:23.641203112,2027-02-04 09:12:41.884535271,Unauthorized Collaboration,Faculty Report,Medium,24.2,False,False,True,True,14.0,Denied,False,,Not Guilty,None,,0.0,2027-02-20 03:36:23.641203112
CASE000103,S00277,SUB001277,ASSIGN00070,2027-02-07 21:26:21.444825555,2027-02-07 03:06:27.445783284,Academic Misconduct,AI Detector,Medium,59.91,False,True,False,False,5.0,No Response,False,,Insufficient Evidence,None,,0.0,2027-02-12 23:26:21.444825555
CASE000104,S01036,SUB001290,ASSIGN00071,2025-10-16 09:51:11.049656443,2025-10-15 02:54:07.487229606,AI Misuse,Similarity Check,Medium,71.9,False,False,False,False,11.0,Partial Admission,False,,Dismissed,None,,0.0,2025-10-27 19:51:11.049656443
CASE000105,S00746,SUB001334,ASSIGN00073,2027-03-11 23:19:04.742360516,2027-03-10 15:57:38.951682823,Unauthorized Collaboration,AI Detector,High,89.01,False,True,False,False,7.0,Denied,False,,Insufficient Evidence,None,,0.0,2027-03-19 05:19:04.742360516
CASE000106,S01178,SUB001346,ASSIGN00074,2026-04-16 07:41:36.171352794,2026-04-15 13:57:05.296195406,AI Misuse,Similarity Check,High,57.58,False,True,False,False,5.0,Partial Admission,False,,Guilty,Warning,Formal Warning,1.0,2026-04-21 14:41:36.171352794
CASE000107,S00390,SUB001352,ASSIGN00074,2026-04-18 05:43:18.405865460,2026-04-16 23:14:38.789828062,AI Misuse,AI Detector,High,77.26,False,True,False,False,6.0,Denied,True,2026-05-06 17:43:18.405865460,Not Guilty,None,,0.0,2026-04-24 17:43:18.405865460
CASE000108,S01043,SUB001353,ASSIGN00074,2026-04-17 03:39:06.083880813,2026-04-16 20:47:10.486602281,Unauthorized Collaboration,Similarity Check,Medium,67.5,False,True,False,False,,No Response,False,,Pending,None,,0.0,
CASE000109,S00707,SUB001363,ASSIGN00075,2025-09-29 14:26:23.242597307,2025-09-27 18:58:58.520728097,AI Misuse,AI Detector,Medium,65.73,True,True,False,False,17.0,Admitted,False,,Insufficient Evidence,None,,0.0,2025-10-16 22:26:23.242597307
CASE000110,S00318,SUB001374,ASSIGN00075,2025-09-30 17:09:19.084136395,2025-09-30 11:32:47.887731067,Unauthorized File Sharing,Automated Monitoring,High,81.66,False,True,False,False,9.0,Denied,False,,Guilty,Severe,Suspension,15.0,2025-10-10 05:09:19.084136395
CASE000111,S00239,SUB001377,ASSIGN00075,2025-09-29 12:25:28.694613961,2025-09-27 21:19:01.263628300,Academic Misconduct,Faculty Report,High,59.09,False,True,False,True,23.0,Denied,False,,Insufficient Evidence,None,,0.0,2025-10-22 17:25:28.694613961
CASE000112,S01472,SUB001379,ASSIGN00076,2026-07-14 19:12:06.219586850,2026-07-14 06:35:36.310163088,Unauthorized File Sharing,Faculty Report,Medium,65.51,False,False,False,True,26.0,Denied,True,2026-08-28 03:12:06.219586850,Guilty,Moderate,Academic Probation,8.0,2026-08-10 03:12:06.219586850
CASE000113,S00174,SUB001385,ASSIGN00076,2026-07-14 11:53:55.766919720,2026-07-13 06:30:35.677289049,AI Misuse,Faculty Report,Low,38.32,False,False,False,True,8.0,No Response,False,,Insufficient Evidence,None,,0.0,2026-07-22 17:53:55.766919720
CASE000114,S01231,SUB001389,ASSIGN00076,2026-07-15 23:49:45.078192100,2026-07-14 23:04:11.117189244,Plagiarism,AI Detector,Medium,66.07,False,True,False,False,9.0,Admitted,False,,Dismissed,None,,0.0,2026-07-25 01:49:45.078192100
CASE000115,S01018,SUB001391,ASSIGN00076,2026-07-13 13:23:14.665058379,2026-07-13 06:36:13.628311189,Unauthorized Collaboration,Similarity Check,High,66.49,False,False,False,False,6.0,Partial Admission,False,,Not Guilty,None,,0.0,2026-07-19 21:23:14.665058379
CASE000116,S00293,SUB001393,ASSIGN00076,2026-07-15 14:01:34.531914070,2026-07-13 15:16:55.101078941,Plagiarism,Peer Report,Low,41.38,False,True,False,False,8.0,Partial Admission,False,,Insufficient Evidence,None,,0.0,2026-07-23 17:01:34.531914070
CASE000117,S01420,SUB001401,ASSIGN00077,2026-11-04 00:05:35.855828020,2026-11-03 17:33:49.400865997,Academic Misconduct,AI Detector,Medium,64.46,False,True,False,False,13.0,Partial Admission,False,,Guilty,Moderate,Course Grade Reduction,6.0,2026-11-17 07:05:35.855828020
CASE000118,S01224,SUB001404,ASSIGN00077,2026-11-04 00:08:34.695405411,2026-11-03 01:58:14.697754417,Unauthorized Collaboration,Similarity Check,High,80.77,False,True,False,False,6.0,Denied,False,,Guilty,Moderate,Academic Probation,8.0,2026-11-10 12:08:34.695405411
CASE000119,S01174,SUB001407,ASSIGN00077,2026-11-04 01:39:00.945858643,2026-11-03 23:41:49.640888808,AI Misuse,Peer Report,Low,26.92,False,False,False,False,7.0,Denied,False,,Not Guilty,None,,0.0,2026-11-11 12:39:00.945858643
CASE000120,S01312,SUB001415,ASSIGN00077,2026-11-04 20:39:20.754915882,2026-11-03 09:16:38.093318837,AI Misuse,Faculty Report,Medium,29.28,False,False,False,True,2.0,Partial Admission,False,,Not Guilty,None,,0.0,2026-11-07 04:39:20.754915882
CASE000122,S01374,SUB001426,ASSIGN00078,2026-11-21 04:00:27.992921067,2026-11-20 00:01:01.017391575,Unauthorized Collaboration,Unknown,Medium,74.27,False,True,True,False,5.0,Partial Admission,False,,Insufficient Evidence,None,,0.0,2026-11-26 08:00:27.992921067
CASE000123,S01186,SUB001428,ASSIGN00078,2026-11-20 14:19:45.960791383,2026-11-19 05:18:39.302220128,Unauthorized File Sharing,AI Detector,Medium,74.68,True,False,False,False,7.0,Admitted,False,,Dismissed,None,,0.0,2026-11-27 22:19:45.960791383
CASE000124,S00399,SUB001438,ASSIGN00078,2026-11-18 16:59:27.011358600,2026-11-17 10:19:06.732712431,Unauthorized Collaboration,Automated Monitoring,Medium,63.81,False,True,False,False,12.0,No Response,False,,Not Guilty,None,,0.0,2026-12-01 04:59:27.011358600
CASE000125,S00164,SUB001440,ASSIGN00078,2026-11-20 10:37:38.336904290,2026-11-19 22:49:43.958589828,AI Misuse,Similarity Check,Medium,56.87,False,False,False,False,4.0,Partial Admission,True,2026-12-01 18:37:38.336904290,Guilty,Moderate,Academic Probation,8.0,2026-11-24 18:37:38.336904290
CASE000126,S00743,SUB001449,ASSIGN00079,2025-10-04 03:39:31.930987970,2025-10-04 02:37:19.484985520,Academic Misconduct,Automated Monitoring,Low,36.21,False,False,False,False,2.0,No Response,False,,Not Guilty,None,,0.0,2025-10-06 09:39:31.930987970
CASE000127,S00062,SUB001463,ASSIGN00080,2025-10-15 04:18:22.561295473,2025-10-13 06:17:57.697500712,Unauthorized Collaboration,Similarity Check,Low,32.25,False,False,False,False,20.0,Denied,False,,Dismissed,None,,0.0,2025-11-04 07:18:22.561295473
CASE000128,S00475,SUB001474,ASSIGN00080,2025-10-12 00:32:05.013694848,2025-10-10 22:53:33.768855621,Plagiarism,Automated Monitoring,Low,66.72,False,True,True,False,,Denied,False,,Pending,None,,0.0,
CASE000129,S00073,SUB001490,ASSIGN00081,2025-11-05 08:11:11.016615118,2025-11-04 08:14:37.912872440,Academic Misconduct,Peer Report,Low,41.18,False,False,False,False,3.0,Denied,False,,Not Guilty,None,,0.0,2025-11-08 20:11:11.016615118
CASE000130,S00558,SUB001507,ASSIGN00082,2026-09-10 08:41:18.871800374,2026-09-09 10:00:48.546667667,Other Integrity Concern,AI Detector,Medium,63.16,False,True,False,False,6.0,No Response,False,,Insufficient Evidence,None,,0.0,2026-09-16 20:41:18.871800374
CASE000131,S00186,SUB001509,ASSIGN00082,2026-09-09 21:06:29.048989833,2026-09-09 18:05:44.940604948,Unauthorized File Sharing,Automated Monitoring,Medium,65.97,False,False,False,False,23.0,Denied,False,,Dismissed,None,,0.0,2026-10-03 07:06:29.048989833
CASE000132,S01158,SUB001516,ASSIGN00083,2025-10-13 05:42:00.561050248,2025-10-11 20:16:01.232827309,AI Misuse,AI Detector,Low,61.88,False,True,False,False,1.0,No Response,False,,Insufficient Evidence,None,,0.0,2025-10-14 17:42:00.561050248
CASE000133,S00184,SUB001521,ASSIGN00083,2025-10-14 20:26:38.979182611,2025-10-13 02:10:08.236611670,Academic Misconduct,Faculty Report,Medium,26.2,False,False,False,True,19.0,No Response,False,,Insufficient Evidence,None,,0.0,2025-11-03 07:26:38.979182611
CASE000134,S01013,SUB001544,ASSIGN00083,2025-10-16 00:53:56.770353833,2025-10-14 18:16:01.071756942,AI Misuse,AI Detector,Medium,61.0,False,False,False,False,1.0,Admitted,False,,Guilty,Warning,Formal Warning,1.0,2025-10-17 01:53:56.770353833
CASE000135,S00802,SUB001557,ASSIGN00084,2026-03-18 07:49:30.932524255,2026-03-17 00:39:06.000000000,AI Misuse,Automated Monitoring,Low,55.6,False,True,False,False,13.0,Admitted,False,,Dismissed,None,,0.0,2026-03-31 11:49:30.932524255
CASE000136,S01182,SUB001558,ASSIGN00084,2026-03-20 16:54:44.604957632,2026-03-19 06:29:14.113534123,Academic Misconduct,Similarity Check,High,77.79,False,True,False,False,17.0,No Response,True,2026-04-19 17:54:44.604957632,Guilty,Warning,Formal Warning,1.0,2026-04-06 17:54:44.604957632
CASE000137,S01430,SUB001572,ASSIGN00084,2026-03-17 17:04:09.231282725,2026-03-16 13:10:32.033920644,AI Misuse,AI Detector,High,79.82,False,True,False,False,10.0,Denied,False,,Guilty,Warning,Formal Warning,1.0,2026-03-28 01:04:09.231282725
CASE000138,S00211,SUB001581,ASSIGN00085,2027-02-24 10:20:17.247312849,2027-02-22 17:04:55.856799784,Plagiarism,AI Detector,High,92.3,False,True,False,False,8.0,Denied,False,,Guilty,Moderate,Academic Probation,8.0,2027-03-04 21:20:17.247312849
CASE000139,S00842,SUB001584,ASSIGN00085,2027-02-23 22:12:54.750953967,2027-02-23 00:53:13.399882365,AI Misuse,Automated Monitoring,Medium,56.72,True,False,False,False,1.0,No Response,False,,Insufficient Evidence,None,,0.0,2027-02-24 23:12:54.750953967
CASE000140,S00718,SUB001585,ASSIGN00085,2027-02-25 22:45:00.000000000,2027-02-25 03:55:23.021853971,AI Misuse,Similarity Check,High,70.9,False,False,False,False,6.0,Partial Admission,True,2027-03-17 00:45:20.303143654,Insufficient Evidence,None,,0.0,2027-03-04 00:45:20.303143654
CASE000141,S01185,SUB001599,ASSIGN00086,2026-03-20 01:10:16.007316325,2026-03-18 10:11:43.472771893,AI Misuse,AI Detector,Medium,71.92,False,False,False,False,4.0,No Response,False,,Dismissed,None,,0.0,2026-03-24 02:10:16.007316325
CASE000142,S01156,SUB001609,ASSIGN00086,2026-03-20 06:12:09.442877690,2026-03-18 11:06:18.990476860,AI Misuse,AI Detector,Medium,78.52,False,True,False,False,,Denied,False,,Pending,None,,0.0,
CASE000143,S01491,SUB001617,ASSIGN00087,2026-03-18 06:28:22.662716174,2026-03-17 22:35:58.248497945,AI Misuse,Automated Monitoring,Medium,37.95,False,True,False,False,4.0,No Response,False,,Dismissed,None,,0.0,2026-03-22 08:28:22.662716174
CASE000144,S00753,SUB001618,ASSIGN00087,2026-03-17 03:35:17.282806965,2026-03-16 21:52:00.000000000,Unauthorized Collaboration,AI Detector,Medium,69.61,False,False,False,False,3.0,No Response,False,,Guilty,Moderate,,8.0,2026-03-20 15:35:17.282806965
CASE000145,S00774,SUB001640,ASSIGN00088,2026-03-24 17:23:40.687874926,2026-03-23 05:56:09.559477404,Academic Misconduct,AI Detector,High,84.77,False,False,False,False,1.0,Denied,False,,Insufficient Evidence,None,,0.0,2026-03-25 21:23:40.687874926
CASE000146,S00942,SUB001649,ASSIGN00089,2026-03-16 15:40:15.600759954,2026-03-14 21:24:57.193012307,Unauthorized Collaboration,Faculty Report,Medium,74.41,False,True,False,True,11.0,Admitted,False,,Insufficient Evidence,None,,0.0,2026-03-27 22:40:15.600759954
CASE000147,S00645,SUB001662,ASSIGN00089,2026-03-18 23:34:47.439738560,2026-03-17 04:14:00.000000000,Unauthorized Collaboration,AI Detector,High,60.42,False,False,False,False,13.0,Admitted,False,,Guilty,Warning,Formal Warning,1.0,2026-04-01 09:34:47.439738560
CASE000148,S01494,SUB001664,ASSIGN00090,2026-07-16 20:58:02.848637227,2026-07-16 01:16:44.020679259,Academic Misconduct,Automated Monitoring,Low,19.94,False,True,False,False,10.0,Denied,False,,Dismissed,None,,0.0,2026-07-26 22:58:02.848637227
CASE000149,S01070,SUB001679,ASSIGN00091,2025-10-22 08:18:43.553458085,2025-10-20 20:31:34.508064674,Unauthorized Collaboration,Similarity Check,Low,65.25,False,True,False,False,3.0,Partial Admission,False,,Guilty,Moderate,Course Grade Reduction,6.0,2025-10-25 18:18:43.553458085
CASE000150,S00571,SUB001682,ASSIGN00091,2025-10-22 21:19:46.868501265,2025-10-21 15:20:08.747791373,AI Misuse,Similarity Check,Medium,66.79,False,True,False,False,11.0,Denied,False,,Dismissed,None,,0.0,2025-11-03 07:19:46.868501265
CASE000151,S00061,SUB001695,ASSIGN00091,2025-10-22 13:29:40.866591416,2025-10-20 19:03:13.411956040,Academic Misconduct,Automated Monitoring,Medium,70.55,False,False,False,False,13.0,Denied,False,,Insufficient Evidence,None,,0.0,2025-11-04 14:29:40.866591416
CASE000152,S00867,SUB001697,ASSIGN00091,2025-10-20 20:58:53.883683980,2025-10-20 19:14:20.254080221,Plagiarism,Peer Report,Medium,31.46,False,False,False,False,6.0,Denied,False,,Insufficient Evidence,None,,0.0,2025-10-27 02:58:53.883683980
CASE000153,S00615,SUB001705,ASSIGN00091,2025-10-21 01:40:02.288600737,2025-10-20 22:08:26.108795815,Unauthorized Collaboration,Similarity Check,Low,40.49,False,False,True,False,18.0,Admitted,False,,Not Guilty,None,,0.0,2025-11-08 05:40:02.288600737
CASE000154,S00641,SUB001708,ASSIGN00092,2025-10-12 15:08:53.920521774,2025-10-11 05:45:11.468099589,AI Misuse,AI Detector,Medium,74.77,False,True,False,False,7.0,Denied,False,,Dismissed,None,,0.0,2025-10-19 19:08:53.920521774
CASE000155,S00289,SUB001711,ASSIGN00092,2025-10-13 16:04:38.504752910,2025-10-11 23:43:24.500222581,Plagiarism,AI Detector,High,76.61,False,True,False,False,5.0,Partial Admission,False,,Guilty,Moderate,Assignment Grade Penalty,4.0,2025-10-19 03:04:38.504752910
CASE000156,S00409,SUB001719,ASSIGN00092,2025-10-11 16:03:19.123986886,2025-10-10 19:34:06.064929894,Plagiarism,AI Detector,High,76.07,False,True,False,False,32.0,Denied,False,,Insufficient Evidence,None,,0.0,2025-11-12 17:03:19.123986886
CASE000157,S00239,SUB001731,ASSIGN00093,2025-09-12 17:38:05.329179808,2025-09-12 08:55:23.962725417,AI Misuse,Faculty Report,Low,24.36,False,False,False,True,12.0,Partial Admission,False,,Dismissed,None,,0.0,2025-09-24 23:38:05.329179808
CASE000158,S01005,SUB001736,ASSIGN00093,2025-09-15 12:00:51.261681685,2025-09-13 18:50:01.195820310,AI Misuse,Faculty Report,Medium,27.3,False,False,False,True,4.0,Denied,False,,Guilty,Warning,Formal Warning,1.0,2025-09-19 17:00:51.261681685
CASE000159,S01021,SUB001742,ASSIGN00094,2026-10-31 05:24:27.800450889,2026-10-30 19:33:47.311998094,Unauthorized Collaboration,AI Detector,Low,66.49,False,True,False,False,23.0,Denied,False,,Insufficient Evidence,None,,0.0,2026-11-23 10:24:27.800450889
CASE000160,S01004,SUB001757,ASSIGN00095,2027-02-26 12:41:19.679061434,2027-02-26 10:06:08.936954004,AI Misuse,Similarity Check,Low,69.02,False,True,False,False,17.0,Partial Admission,False,,Dismissed,None,,0.0,2027-03-15 14:41:19.679061434
CASE000161,S00508,SUB001766,ASSIGN00096,2025-10-25 17:00:52.291927323,2025-10-24 19:52:13.862294255,Academic Misconduct,AI Detector,Medium,63.55,False,True,False,False,9.0,Partial Admission,False,,Not Guilty,None,,0.0,2025-11-03 23:00:52.291927323
CASE000162,S00320,SUB001779,ASSIGN00097,2026-07-26 01:26:26.503621668,2026-07-24 10:49:22.259065871,AI Misuse,Unknown,Low,68.24,False,True,False,False,7.0,Denied,False,,Guilty,Moderate,Course Grade Reduction,6.0,2026-08-02 08:26:26.503621668
CASE000163,S00553,SUB001783,ASSIGN00097,2026-07-25 02:51:47.281225593,2026-07-23 16:51:40.455084635,Plagiarism,Peer Report,Low,34.74,False,False,False,False,3.0,Denied,False,,Not Guilty,None,,0.0,2026-07-28 04:51:47.281225593
CASE000164,S00325,SUB001793,ASSIGN00098,2025-10-06 13:37:08.527041980,2025-10-05 19:29:59.900333559,Academic Misconduct,Unknown,High,85.17,True,True,True,False,8.0,Denied,False,,Insufficient Evidence,None,,0.0,2025-10-14 19:37:08.527041980
CASE000165,S01353,SUB001803,ASSIGN00098,2025-10-05 14:10:34.879673372,2025-10-05 11:57:44.853565328,AI Misuse,Unknown,Medium,35.42,False,False,False,False,10.0,No Response,False,,Not Guilty,None,,0.0,2025-10-15 18:10:34.879673372
CASE000166,S00693,SUB001817,ASSIGN00098,2025-10-05 05:50:34.742356978,2025-10-04 23:34:00.000000000,Unauthorized File Sharing,Similarity Check,Medium,73.79,False,True,False,False,6.0,Denied,False,,Dismissed,None,,0.0,2025-10-11 08:50:34.742356978
CASE000167,S00990,SUB001834,ASSIGN00100,2026-07-06 10:40:17.849502787,2026-07-05 07:41:46.076370017,AI Misuse,Peer Report,Low,40.44,False,False,False,False,4.0,Admitted,False,,Guilty,Warning,Formal Warning,1.0,2026-07-10 14:40:17.849502787
CASE000168,S00025,SUB001835,ASSIGN00100,2026-07-06 21:48:48.301754479,2026-07-05 03:59:13.336604449,AI Misuse,Automated Monitoring,Medium,42.94,False,True,False,False,2.0,Denied,False,,Dismissed,None,,0.0,2026-07-09 05:48:48.301754479
CASE000169,S00102,SUB001839,ASSIGN00100,2026-07-06 22:52:15.971384455,2026-07-05 18:09:44.497018741,AI Misuse,AI Detector,Medium,67.71,False,False,False,False,17.0,Denied,False,,Guilty,Moderate,Course Grade Reduction,6.0,2026-07-24 02:52:15.971384455
CASE000170,S00316,SUB001840,ASSIGN00100,2026-07-05 14:33:46.095200468,2026-07-04 10:14:59.340407037,Plagiarism,AI Detector,Medium,61.54,False,True,False,False,13.0,Denied,False,,Insufficient Evidence,None,,0.0,2026-07-18 15:33:46.095200468
CASE000171,S01313,SUB001842,ASSIGN00100,2026-07-05 15:55:26.919600562,2026-07-05 12:29:37.683071662,Other Integrity Concern,Similarity Check,Low,56.06,False,False,False,False,,Admitted,False,,Pending,None,,0.0,
CASE000172,S00488,SUB001845,ASSIGN00101,2025-10-13 23:02:48.282936008,2025-10-13 10:58:40.653619398,Unauthorized File Sharing,AI Detector,Medium,63.22,False,False,False,False,22.0,Denied,False,,Dismissed,None,,0.0,2025-11-05 00:02:48.282936008
CASE000173,S00987,SUB001864,ASSIGN00102,2026-11-01 09:24:26.142387708,2026-10-30 11:29:29.990837400,AI Misuse,AI Detector,Low,72.33,False,True,False,False,20.0,Denied,False,,Not Guilty,None,,0.0,2026-11-21 19:24:26.142387708
CASE000174,S00419,SUB001884,ASSIGN00104,2025-10-14 23:47:02.307747586,2025-10-14 13:10:27.653635636,Plagiarism,Faculty Report,Low,27.97,False,False,False,True,,Denied,False,,Pending,None,,0.0,
CASE000175,S01058,SUB001892,ASSIGN00104,2025-10-17 03:57:44.464818882,2025-10-16 07:00:26.587400891,Unauthorized Collaboration,AI Detector,Medium,82.37,False,False,False,False,9.0,Denied,False,,Guilty,Severe,Suspension,15.0,2025-10-26 11:57:44.464818882
CASE000176,S01426,SUB001893,ASSIGN00104,2025-10-15 13:51:43.208571497,2025-10-15 04:13:44.874322758,Other Integrity Concern,AI Detector,Medium,58.46,False,False,False,False,9.0,Denied,False,,Guilty,Moderate,Course Grade Reduction,6.0,2025-10-24 17:51:43.208571497
CASE000177,S00992,SUB001895,ASSIGN00105,2026-03-16 08:52:52.739937732,2026-03-14 11:06:11.667466580,AI Misuse,AI Detector,High,81.82,False,True,False,False,3.0,Denied,False,,Dismissed,None,,0.0,2026-03-19 19:52:52.739937732
CASE000178,S01368,SUB001900,ASSIGN00105,2026-03-14 13:09:18.296519409,2026-03-12 17:03:47.992153886,Plagiarism,Faculty Report,Low,35.15,False,False,False,True,2.0,No Response,False,,Not Guilty,None,,0.0,2026-03-16 23:09:18.296519409
CASE000179,S00289,SUB001905,ASSIGN00105,2026-03-13 16:38:55.953713221,2026-03-13 02:20:19.419306266,AI Misuse,AI Detector,Medium,72.48,False,True,False,False,9.0,Denied,False,,Not Guilty,None,,0.0,2026-03-22 18:38:55.953713221
CASE000180,S01079,SUB001912,ASSIGN00106,2026-10-10 14:56:24.539395901,2026-10-08 23:53:09.659970610,AI Misuse,Faculty Report,Medium,69.95,False,True,False,True,10.0,Denied,False,,Not Guilty,None,,0.0,2026-10-20 19:56:24.539395901
CASE000181,S00746,SUB001930,ASSIGN00107,2027-02-03 03:20:58.592419960,2027-02-03 01:56:56.183297857,Academic Misconduct,AI Detector,Medium,61.81,False,False,False,False,6.0,No Response,False,,Guilty,Warning,Formal Warning,1.0,2027-02-09 15:20:58.592419960
CASE000182,S00720,SUB001959,ASSIGN00108,2026-03-27 22:59:56.844514880,2026-03-26 23:53:02.469263218,AI Misuse,Faculty Report,Low,41.02,False,False,True,True,12.0,No Response,False,,Not Guilty,None,,0.0,2026-04-09 10:59:56.844514880
CASE000183,S00636,SUB001965,ASSIGN00108,2026-03-28 13:07:35.715657441,2026-03-26 15:24:10.699301901,Academic Misconduct,AI Detector,High,84.72,False,False,False,False,,Denied,False,,Pending,None,,0.0,
CASE000184,S00672,SUB001973,ASSIGN00109,2026-11-07 04:52:42.973066538,2026-11-05 07:15:22.760034494,AI Misuse,Similarity Check,High,74.74,False,True,False,False,10.0,Denied,False,,Guilty,Severe,Academic Probation,8.0,2026-11-17 07:52:42.973066538
CASE000185,S00142,SUB001994,ASSIGN00110,2026-10-15 10:14:55.320154090,2026-10-14 18:23:10.561434757,Academic Misconduct,AI Detector,Low,69.62,True,False,False,False,4.0,Denied,False,,Not Guilty,None,,0.0,2026-10-19 17:14:55.320154090
CASE000186,S01369,SUB002023,ASSIGN00113,2026-09-17 18:57:24.416144557,2026-09-17 00:05:14.700938002,Plagiarism,Faculty Report,Medium,26.68,False,False,False,True,12.0,Admitted,False,,Dismissed,None,,0.0,2026-09-30 00:57:24.416144557
CASE000187,S01470,SUB002028,ASSIGN00113,2026-09-17 07:12:25.375916806,2026-09-15 17:06:40.622361183,AI Misuse,Faculty Report,Low,22.26,False,False,False,True,7.0,Denied,False,,Dismissed,None,,0.0,2026-09-24 14:12:25.375916806
CASE000188,S00160,SUB002068,ASSIGN00115,2026-07-08 23:49:13.378356468,2026-07-07 20:53:23.470179576,Academic Misconduct,AI Detector,High,71.98,False,False,False,False,10.0,No Response,True,2026-08-08 05:49:13.378356468,Guilty,Moderate,Academic Probation,8.0,2026-07-19 05:49:13.378356468
CASE000189,S00786,SUB002070,ASSIGN00115,2026-07-09 08:32:07.746721468,2026-07-07 11:41:04.334711427,Academic Misconduct,Automated Monitoring,Medium,61.31,False,True,False,False,16.0,Admitted,False,,Guilty,Warning,Formal Warning,1.0,2026-07-25 12:32:07.746721468
CASE000190,S00905,SUB002077,ASSIGN00115,2026-07-08 12:10:23.391199386,2026-07-07 18:49:26.606120904,Unauthorized Collaboration,Automated Monitoring,Low,28.76,False,True,False,False,4.0,Admitted,True,2026-07-22 22:10:23.391199386,Guilty,Warning,Formal Warning,1.0,2026-07-12 22:10:23.391199386
CASE000191,S00284,SUB002084,ASSIGN00116,2027-02-24 10:49:50.822072690,2027-02-24 04:07:02.699794555,AI Misuse,AI Detector,High,75.63,False,False,False,False,1.0,Denied,False,,Dismissed,None,,0.0,2027-02-25 17:49:50.822072690
CASE000192,S00037,SUB002087,ASSIGN00116,2027-02-26 21:13:45.095679707,2027-02-24 22:08:28.898609690,Academic Misconduct,AI Detector,Medium,83.99,False,False,False,False,4.0,Admitted,True,2027-03-17 07:13:45.095679707,Guilty,Moderate,Assignment Grade Penalty,4.0,2027-03-03 07:13:45.095679707
CASE000193,S00289,SUB002101,ASSIGN00117,2026-09-25 19:55:50.249626068,2026-09-25 14:09:06.381254886,Unauthorized Collaboration,AI Detector,Medium,66.07,False,False,False,False,2.0,Admitted,False,,Insufficient Evidence,None,,0.0,2026-09-28 05:55:50.249626068
CASE000194,S01332,SUB002103,ASSIGN00117,2026-09-26 02:51:50.662651086,2026-09-25 10:36:48.854391848,Other Integrity Concern,Unknown,High,77.79,False,True,False,False,16.0,Denied,False,,Guilty,Moderate,Assignment Grade Penalty,4.0,2026-10-12 03:51:50.662651086
CASE000195,S00471,SUB002130,ASSIGN00118,2026-11-17 13:56:43.839999559,2026-11-17 02:43:16.917851806,Academic Misconduct,Faculty Report,Medium,8.98,False,False,False,True,8.0,Admitted,False,,Not Guilty,None,,0.0,2026-11-25 21:56:43.839999559
CASE000196,S00961,SUB002146,ASSIGN00119,2026-04-08 05:52:54.289663937,2026-04-06 20:55:41.740942791,AI Misuse,Similarity Check,High,82.3,False,True,False,False,1.0,Admitted,False,,Dismissed,None,,0.0,2026-04-09 12:52:54.289663937
CASE000197,S00301,SUB002154,ASSIGN00119,2026-04-08 08:57:26.165019460,2026-04-06 20:29:47.934612665,Plagiarism,Automated Monitoring,Medium,8.24,False,False,False,False,4.0,Partial Admission,False,,Dismissed,None,,0.0,2026-04-12 14:57:26.165019460
CASE000198,S00941,SUB002181,ASSIGN00121,2026-07-09 00:16:49.703682008,2026-07-08 07:44:08.506974957,AI Misuse,Faculty Report,Low,49.38,False,False,False,True,7.0,Denied,False,,Dismissed,None,,0.0,2026-07-16 10:16:49.703682008
CASE000199,S01409,SUB002195,ASSIGN00121,2026-07-09 08:20:31.024515260,2026-07-08 19:43:15.020489036,Plagiarism,Automated Monitoring,Medium,68.18,False,True,False,False,6.0,Admitted,False,,Guilty,Moderate,Academic Probation,8.0,2026-07-15 20:20:31.024515260
CASE000200,S01000,SUB002196,ASSIGN00121,2026-07-11 12:52:01.308045534,2026-07-10 03:36:47.228378535,Unauthorized Collaboration,AI Detector,High,74.43,False,True,True,False,16.0,Denied,False,,Dismissed,None,,0.0,2026-07-27 14:52:01.308045534
CASE000202,S01242,SUB002204,ASSIGN00122,2026-07-12 09:01:54.084084770,2026-07-11 15:48:33.986574585,Unauthorized File Sharing,Similarity Check,Medium,78.69,False,True,False,False,4.0,Denied,False,,Not Guilty,None,,0.0,2026-07-16 10:01:54.084084770
CASE000203,S00050,SUB002224,ASSIGN00123,2026-07-16 09:19:47.280128791,2026-07-15 08:03:32.960263384,Plagiarism,Similarity Check,Low,34.26,False,False,True,False,20.0,Denied,False,,Not Guilty,None,,0.0,2026-08-05 13:19:47.280128791
CASE000204,S00772,SUB002226,ASSIGN00123,2026-07-16 14:41:39.911115778,2026-07-14 19:36:01.612395520,Other Integrity Concern,AI Detector,Medium,69.76,False,True,False,False,10.0,Denied,False,,Not Guilty,None,,0.0,2026-07-27 02:41:39.911115778
CASE000205,S00910,SUB002253,ASSIGN00124,2026-03-14 18:12:33.464896271,2026-03-13 07:23:28.522683928,AI Misuse,Faculty Report,Low,30.76,False,False,False,True,17.0,Denied,False,,Not Guilty,None,,0.0,2026-04-01 05:12:33.464896271
CASE000206,S01050,SUB002255,ASSIGN00124,2026-03-15 01:50:30.754645506,2026-03-13 12:19:20.382897217,Unauthorized Collaboration,Automated Monitoring,Low,37.89,False,True,False,False,,No Response,False,,Pending,None,,0.0,
CASE000207,S00641,SUB002268,ASSIGN00125,2027-04-06 16:55:13.315666191,2027-04-06 00:18:33.151040664,AI Misuse,AI Detector,High,76.72,False,True,False,False,3.0,Admitted,False,,Guilty,Moderate,Academic Probation,8.0,2027-04-09 20:55:13.315666191
CASE000208,S00484,SUB002272,ASSIGN00125,2027-04-04 23:56:04.617081733,2027-04-03 22:35:19.513641382,Academic Misconduct,AI Detector,Medium,59.84,False,True,False,False,2.0,Denied,True,2027-04-28 05:56:04.617081733,Guilty,Moderate,Course Grade Reduction,6.0,2027-04-07 05:56:04.617081733
CASE000209,S00184,SUB002276,ASSIGN00125,2027-04-06 05:46:16.015169311,2027-04-05 13:15:27.018905723,Plagiarism,AI Detector,Medium,66.01,False,True,False,False,2.0,Denied,False,,Insufficient Evidence,None,,0.0,2027-04-08 16:46:16.015169311
CASE000210,S00753,SUB002282,ASSIGN00125,2027-04-04 19:54:12.258682079,2027-04-03 07:44:39.244454721,AI Misuse,AI Detector,High,76.82,False,False,False,False,4.0,Partial Admission,False,,Insufficient Evidence,None,,0.0,2027-04-08 20:54:12.258682079
CASE000211,S01187,SUB002284,ASSIGN00125,2027-04-05 09:33:35.807198210,2027-04-03 15:52:47.096512677,Unauthorized Collaboration,AI Detector,Medium,61.99,False,True,False,False,9.0,Admitted,False,,Not Guilty,None,,0.0,2027-04-14 18:33:35.807198210
CASE000212,S00891,SUB002296,ASSIGN00126,2025-09-18 02:33:34.476165354,2025-09-16 08:27:21.627861393,AI Misuse,AI Detector,Medium,73.29,False,True,False,False,13.0,Partial Admission,False,,Insufficient Evidence,None,,0.0,2025-10-01 10:33:34.476165354
CASE000213,S00208,SUB002297,ASSIGN00126,2025-09-17 14:04:33.071501583,2025-09-17 09:37:18.997559864,AI Misuse,AI Detector,Medium,59.35,False,True,True,False,14.0,No Response,True,2025-10-21 20:04:33.071501583,Dismissed,None,,0.0,2025-10-01 20:04:33.071501583
CASE000214,S01357,SUB002302,ASSIGN00126,2025-09-17 02:17:49.400038090,2025-09-16 22:18:50.350559457,Academic Misconduct,Automated Monitoring,Low,29.38,False,False,False,False,6.0,Denied,False,,Not Guilty,None,,0.0,2025-09-23 05:17:49.400038090
CASE000215,S01304,SUB002307,ASSIGN00127,2026-02-24 04:13:30.341989407,2026-02-22 12:38:01.972228517,Other Integrity Concern,Similarity Check,Medium,67.1,False,True,False,False,5.0,Partial Admission,False,,Guilty,Moderate,Course Grade Reduction,6.0,2026-03-01 11:13:30.341989407
CASE000216,S01073,SUB002316,ASSIGN00127,2026-02-24 02:29:17.340531474,2026-02-23 04:20:11.275032950,Academic Misconduct,AI Detector,Medium,75.0,False,True,False,False,,Denied,False,,Pending,None,,0.0,
CASE000217,S00180,SUB002319,ASSIGN00127,2026-02-25 08:02:34.045244946,2026-02-23 13:35:00.451765433,AI Misuse,Similarity Check,High,76.13,True,False,False,False,14.0,Denied,False,,Dismissed,None,,0.0,2026-03-11 11:02:34.045244946
CASE000218,S00272,SUB002340,ASSIGN00128,2027-02-13 06:45:01.000000000,2027-02-12 04:02:24.896115095,Academic Misconduct,Automated Monitoring,Low,34.77,False,False,False,False,15.0,Admitted,False,,Not Guilty,None,,0.0,2027-02-28 11:45:01.608728865
CASE000219,S00473,SUB002341,ASSIGN00128,2027-02-12 07:00:58.985199085,2027-02-10 13:00:02.127825691,Plagiarism,Similarity Check,Medium,38.86,False,True,False,False,4.0,Partial Admission,False,,Insufficient Evidence,None,,0.0,2027-02-16 08:00:58.985199085
CASE000220,S00049,SUB002372,ASSIGN00130,2027-03-25 13:27:40.225367466,2027-03-25 04:01:46.646220958,Plagiarism,Faculty Report,Low,27.09,False,True,True,True,13.0,Partial Admission,False,,Not Guilty,None,,0.0,2027-04-07 15:27:40.225367466
CASE000221,S00239,SUB002373,ASSIGN00130,2027-03-27 05:59:52.730169321,2027-03-26 16:24:39.360370975,Plagiarism,AI Detector,Medium,68.01,False,True,False,False,,Denied,False,,Pending,None,,0.0,
CASE000222,S00134,SUB002387,ASSIGN00130,2027-03-28 02:03:20.238801424,2027-03-26 18:07:04.600601913,Plagiarism,AI Detector,Medium,66.11,False,False,True,False,3.0,Denied,False,,Insufficient Evidence,None,,0.0,2027-03-31 08:03:20.238801424
CASE000223,S00663,SUB002399,ASSIGN00131,2026-09-23 23:37:13.159816855,2026-09-23 15:01:02.642300764,Plagiarism,AI Detector,Medium,71.07,False,True,False,False,3.0,Partial Admission,False,,Dismissed,None,,0.0,2026-09-27 11:37:13.159816855
CASE000224,S00174,SUB002404,ASSIGN00131,2026-09-22 19:48:20.210815912,2026-09-22 13:09:45.393890549,AI Misuse,Peer Report,Low,30.32,False,False,False,False,35.0,Denied,True,2026-11-16 07:48:20.210815912,Dismissed,None,,0.0,2026-10-28 07:48:20.210815912
CASE000225,S00207,SUB002410,ASSIGN00132,2026-03-05 23:32:40.470204907,2026-03-04 11:40:43.154555873,AI Misuse,AI Detector,Low,65.69,False,True,False,False,2.0,No Response,False,,Guilty,Moderate,Course Grade Reduction,6.0,2026-03-08 03:32:40.470204907
CASE000226,S00524,SUB002417,ASSIGN00132,2026-03-05 05:08:04.990358203,2026-03-04 06:14:25.327484695,Plagiarism,Faculty Report,High,88.0,False,True,False,True,19.0,No Response,False,,Guilty,Moderate,Academic Probation,8.0,2026-03-24 11:08:04.990358203
CASE000227,S00251,SUB002434,ASSIGN00133,2026-09-07 11:56:27.135264150,2026-09-05 19:21:02.273206365,Academic Misconduct,Automated Monitoring,Medium,70.0,False,True,False,False,16.0,Denied,False,,Guilty,Warning,Formal Warning,1.0,2026-09-23 21:56:27.135264150
CASE000228,S00956,SUB002447,ASSIGN00134,2026-09-26 22:09:51.341832964,2026-09-26 10:09:16.812814559,Other Integrity Concern,Automated Monitoring,Medium,72.24,False,True,False,False,5.0,Partial Admission,False,,Not Guilty,None,,0.0,2026-10-02 00:09:51.341832964
CASE000229,S00068,SUB002453,ASSIGN00134,2026-09-25 04:51:55.324136736,2026-09-24 23:03:21.112895999,Unauthorized File Sharing,Automated Monitoring,Medium,40.11,False,False,True,False,26.0,No Response,True,2026-10-28 14:51:55.324136736,Insufficient Evidence,None,,0.0,2026-10-21 14:51:55.324136736
CASE000230,S00529,SUB002458,ASSIGN00134,2026-09-25 18:15:14.555800290,2026-09-24 11:07:52.585850743,Plagiarism,Peer Report,Medium,58.82,False,True,False,False,9.0,Denied,False,,Guilty,Moderate,Course Grade Reduction,6.0,2026-10-05 05:15:14.555800290
CASE000231,S00560,SUB002462,ASSIGN00135,2025-10-03 10:54:37.491747413,2025-10-02 10:45:46.973247648,AI Misuse,Automated Monitoring,Low,28.45,False,True,False,False,3.0,Denied,False,,Not Guilty,None,,0.0,2025-10-06 21:54:37.491747413
CASE000232,S00299,SUB002463,ASSIGN00135,2025-10-03 11:44:54.847531860,2025-10-03 06:14:48.238288208,Unauthorized Collaboration,AI Detector,High,70.22,False,True,True,False,16.0,Denied,False,,Not Guilty,None,,0.0,2025-10-19 18:44:54.847531860
CASE000233,S00438,SUB002469,ASSIGN00135,2025-10-06 22:01:26.173133343,2025-10-05 01:51:08.706136999,Unauthorized Collaboration,Similarity Check,High,86.69,False,True,True,False,17.0,Denied,True,2025-11-05 06:01:26.173133343,Guilty,Moderate,Assignment Grade Penalty,4.0,2025-10-24 06:01:26.173133343
CASE000234,S01338,SUB002498,ASSIGN00137,2026-10-28 17:31:51.861740495,2026-10-28 12:31:32.254024321,AI Misuse,AI Detector,Medium,58.92,False,False,True,False,16.0,Partial Admission,False,,Insufficient Evidence,None,,0.0,2026-11-13 23:31:51.861740495
CASE000235,S00223,SUB002510,ASSIGN00138,2026-10-24 14:10:00.000000000,2026-10-24 07:22:36.812334256,Unauthorized Collaboration,Plagiarism Screening,Low,39.68,True,False,False,False,16.0,No Response,False,,Dismissed,None,,0.0,2026-11-09 17:10:37.783229301
CASE000236,S00544,SUB002515,ASSIGN00138,2026-10-24 04:26:59.865360251,2026-10-23 20:57:02.268980905,Academic Misconduct,Faculty Report,Low,21.36,False,False,False,True,2.0,Denied,True,2026-11-10 13:26:59.865360251,Insufficient Evidence,None,,0.0,2026-10-26 13:26:59.865360251
CASE000237,S00996,SUB002519,ASSIGN00138,2026-10-23 16:26:16.270279931,2026-10-22 00:05:43.604500117,Unauthorized Collaboration,Peer Report,Low,39.13,False,False,True,False,7.0,Denied,False,,Insufficient Evidence,None,,0.0,2026-10-31 04:26:16.270279931
CASE000238,S01395,SUB002530,ASSIGN00138,2026-10-24 21:33:27.642085236,2026-10-23 17:32:52.723309930,AI Misuse,AI Detector,Medium,60.99,False,False,False,False,2.0,Partial Admission,True,2026-11-07 09:33:27.642085236,Guilty,Moderate,Assignment Grade Penalty,4.0,2026-10-27 09:33:27.000000000
CASE000239,S00181,SUB002531,ASSIGN00138,2026-10-24 11:58:50.589725113,2026-10-23 23:36:04.405366074,AI Misuse,AI Detector,Medium,51.93,False,False,False,False,3.0,Denied,False,,Dismissed,None,,0.0,2026-10-27 14:58:50.589725113
CASE000240,S00048,SUB002537,ASSIGN00139,2027-03-17 12:47:11.935814658,2027-03-16 08:21:05.656865842,Unauthorized Collaboration,AI Detector,High,80.91,False,False,False,False,9.0,Partial Admission,False,,Guilty,Severe,Suspension,15.0,2027-03-26 22:47:11.935814658
CASE000241,S00213,SUB002539,ASSIGN00139,2027-03-16 08:41:14.094971725,2027-03-15 01:38:15.895275089,AI Misuse,Automated Monitoring,Medium,64.35,False,True,False,False,5.0,Denied,False,,Dismissed,None,,0.0,2027-03-21 11:41:14.094971725
CASE000242,S00407,SUB002549,ASSIGN00139,2027-03-17 04:51:07.666276235,2027-03-15 13:39:42.219345768,Unauthorized Collaboration,Faculty Report,Low,41.08,False,False,False,True,12.0,Denied,False,,Insufficient Evidence,None,,0.0,2027-03-29 13:51:07.666276235
CASE000243,S00373,SUB002574,ASSIGN00141,2027-03-28 19:49:21.274072879,2027-03-28 07:23:53.529913865,Academic Misconduct,AI Detector,High,70.51,False,True,False,False,2.0,Admitted,False,,Guilty,Moderate,Academic Probation,8.0,2027-03-30 21:49:21.274072879
CASE000244,S00926,SUB002586,ASSIGN00141,2027-03-30 18:38:56.300404760,2027-03-29 04:40:43.434626595,Unauthorized File Sharing,Automated Monitoring,Low,38.12,False,False,True,False,14.0,No Response,False,,Insufficient Evidence,None,,0.0,2027-04-14 03:38:56.300404760
CASE000245,S00548,SUB002596,ASSIGN00142,2026-02-12 21:46:04.799848283,2026-02-12 05:20:19.001882728,AI Misuse,Similarity Check,Low,39.67,False,False,False,False,4.0,Denied,False,,Insufficient Evidence,None,,0.0,2026-02-17 07:46:04.799848283
CASE000246,S01220,SUB002630,ASSIGN00143,2026-07-21 04:15:33.857477684,2026-07-19 18:58:24.382641859,AI Misuse,Faculty Report,Low,34.26,False,False,False,True,1.0,Denied,False,,Not Guilty,None,,0.0,2026-07-22 07:15:33.857477684
CASE000247,S00024,SUB002636,ASSIGN00143,2026-07-17 22:04:38.718614978,2026-07-17 19:26:34.520098612,Unauthorized Collaboration,AI Detector,High,70.82,False,False,False,False,7.0,No Response,False,,Guilty,Moderate,Assignment Grade Penalty,4.0,2026-07-25 05:04:38.718614978
CASE000248,S00158,SUB002638,ASSIGN00143,2026-07-20 20:35:46.559026007,2026-07-19 19:14:12.134415152,AI Misuse,AI Detector,Low,67.65,False,True,False,False,4.0,Denied,False,,Insufficient Evidence,None,,0.0,2026-07-25 06:35:46.559026007
CASE000249,S01105,SUB002648,ASSIGN00144,2026-03-20 08:08:59.382723955,2026-03-19 21:05:49.184725267,Plagiarism,Peer Report,Low,30.67,False,False,False,False,17.0,No Response,False,,Not Guilty,None,,0.0,2026-04-06 18:08:59.382723955
CASE000250,S01026,SUB002656,ASSIGN00144,2026-03-21 04:36:57.480949609,2026-03-19 15:20:40.252707075,Unauthorized Collaboration,Faculty Report,Low,49.67,False,False,True,True,,Partial Admission,False,,Pending,None,,0.0,
CASE000251,S01228,SUB002674,ASSIGN00145,2026-10-13 16:51:13.850547613,2026-10-12 13:13:09.097448091,AI Misuse,Automated Monitoring,Medium,64.54,False,True,False,False,11.0,Denied,False,,Dismissed,None,,0.0,2026-10-24 20:51:13.850547613
CASE000252,S00513,SUB002680,ASSIGN00145,2026-10-11 06:02:00.711782454,2026-10-10 16:58:44.628372167,Academic Misconduct,Similarity Check,Low,22.98,False,False,True,False,2.0,Partial Admission,False,,Not Guilty,None,,0.0,2026-10-13 07:02:00.711782454
CASE000253,S00468,SUB002686,ASSIGN00145,2026-10-14 18:59:12.833388208,2026-10-13 04:31:44.290516756,Plagiarism,Automated Monitoring,Low,71.95,False,True,False,False,5.0,Denied,False,,Guilty,Moderate,Assignment Grade Penalty,4.0,2026-10-19 20:59:12.833388208
CASE000254,S01242,SUB002717,ASSIGN00147,2027-04-07 06:53:58.633861940,2027-04-06 04:26:54.765137145,AI Misuse,Faculty Report,Low,22.79,False,False,False,True,5.0,Admitted,False,,Dismissed,None,,0.0,2027-04-12 12:53:58.633861940
CASE000255,S00318,SUB002718,ASSIGN00147,2027-04-04 22:30:22.086880401,2027-04-04 17:37:52.531536236,Plagiarism,Automated Monitoring,High,84.72,False,True,True,False,,Admitted,False,,Pending,None,,0.0,
CASE000256,S00916,SUB002739,ASSIGN00148,2026-02-24 15:30:34.022258769,2026-02-23 15:13:56.711257723,Unauthorized Collaboration,AI Detector,High,81.32,False,False,False,False,9.0,Denied,True,2026-03-19 02:30:34.022258769,Guilty,Severe,Suspension,15.0,2026-03-06 02:30:34.022258769
CASE000257,S00379,SUB002743,ASSIGN00148,2026-02-22 15:03:35.452715896,2026-02-21 12:21:26.612228518,Unauthorized Collaboration,Faculty Report,Low,25.31,False,False,False,True,14.0,Admitted,False,,Dismissed,None,,0.0,2026-03-09 03:03:35.452715896
CASE000258,S01308,SUB002758,ASSIGN00149,2026-10-17 05:08:56.209534110,2026-10-15 07:34:29.086843019,Unauthorized Collaboration,AI Detector,Low,44.09,False,False,False,False,13.0,No Response,True,2026-11-16 09:08:56.209534110,Guilty,Moderate,Academic Probation,8.0,2026-10-30 09:08:56.209534110
CASE000259,S01116,SUB002761,ASSIGN00149,2026-10-17 05:06:17.972745781,2026-10-16 01:40:24.828951557,Unauthorized Collaboration,Automated Monitoring,Medium,62.77,True,True,False,False,2.0,No Response,False,,Dismissed,None,,0.0,2026-10-19 16:06:17.972745781
CASE000260,S00510,SUB002768,ASSIGN00149,2026-10-18 00:34:42.198472522,2026-10-16 03:19:52.639824799,AI Misuse,Similarity Check,Low,46.43,False,False,False,False,13.0,Denied,False,,Dismissed,None,,0.0,2026-10-31 02:34:42.198472522
CASE000261,S00002,SUB002789,ASSIGN00150,2025-11-05 05:12:30.371479070,2025-11-04 19:46:59.566071765,AI Misuse,AI Detector,High,80.85,False,True,False,False,4.0,Denied,True,2025-11-23 15:12:30.371479070,Guilty,Moderate,Course Grade Reduction,6.0,2025-11-09 15:12:30.371479070
CASE000262,S00529,SUB002791,ASSIGN00150,2025-11-04 00:21:47.447285856,2025-11-03 15:47:09.215111347,Academic Misconduct,AI Detector,Medium,54.57,False,True,True,False,20.0,Admitted,False,,Dismissed,None,,0.0,2025-11-24 07:21:47.447285856
CASE000263,S00929,SUB002805,ASSIGN00151,2025-10-08 14:01:21.447678268,2025-10-08 09:17:04.223333657,AI Misuse,AI Detector,Medium,64.11,False,True,False,False,15.0,No Response,False,,Not Guilty,None,,0.0,2025-10-24 00:01:21.447678268
CASE000264,S01215,SUB002807,ASSIGN00151,2025-10-10 00:42:01.993867016,2025-10-08 11:15:22.200720291,Academic Misconduct,AI Detector,Medium,67.18,False,True,False,False,8.0,Admitted,False,,Guilty,Warning,Formal Warning,1.0,2025-10-18 08:42:01.993867016
CASE000265,S01241,SUB002818,ASSIGN00152,2026-10-23 18:23:00.000000000,2026-10-23 07:48:04.395102031,AI Misuse,Unknown,Medium,72.21,True,False,False,False,,Partial Admission,False,,Pending,None,,0.0,
CASE000266,S00380,SUB002845,ASSIGN00152,2026-10-24 15:13:05.630387638,2026-10-22 17:24:56.681390867,Plagiarism,Faculty Report,Low,35.04,False,False,True,True,8.0,Partial Admission,False,,Insufficient Evidence,None,,0.0,2026-11-02 01:13:05.630387638
CASE000267,S01103,SUB002861,ASSIGN00153,2027-02-11 13:44:15.432752199,2027-02-11 06:20:55.920480360,AI Misuse,Similarity Check,High,83.09,False,True,False,False,11.0,No Response,False,,Dismissed,None,,0.0,2027-02-23 01:44:15.432752199
CASE000268,S01415,SUB002865,ASSIGN00153,2027-02-14 10:53:43.078657712,2027-02-13 07:48:35.703388002,AI Misuse,Automated Monitoring,Medium,76.69,False,True,False,False,8.0,No Response,False,,Insufficient Evidence,None,,0.0,2027-02-22 15:53:43.078657712
CASE000270,S01235,SUB002880,ASSIGN00154,2026-10-25 09:08:16.289766599,2026-10-24 21:53:01.247991236,Academic Misconduct,Automated Monitoring,Medium,67.82,False,True,False,False,17.0,Admitted,True,2026-11-16 12:08:16.289766599,Guilty,Moderate,Academic Probation,8.0,2026-11-11 12:08:16.289766599
CASE000271,S01330,SUB002887,ASSIGN00154,2026-10-27 18:10:55.967889220,2026-10-27 12:02:57.909017774,Plagiarism,Faculty Report,Low,46.57,False,True,False,True,6.0,No Response,False,,Insufficient Evidence,None,,0.0,2026-11-02 23:10:55.967889220
CASE000272,S00526,SUB002888,ASSIGN00154,2026-10-25 05:16:37.482586137,2026-10-25 02:50:01.432583071,Other Integrity Concern,Faculty Report,High,76.04,False,True,False,True,13.0,Denied,False,,Not Guilty,None,,0.0,2026-11-07 16:16:37.482586137
CASE000273,S00592,SUB002906,ASSIGN00155,2025-11-03 03:17:53.737021577,2025-11-01 18:39:01.522131345,AI Misuse,Peer Report,Low,45.52,False,False,False,False,,Denied,False,,Pending,None,,0.0,
CASE000274,S00047,SUB002910,ASSIGN00155,2025-11-05 03:43:02.863716002,2025-11-03 20:05:48.825808531,Academic Misconduct,Similarity Check,High,77.37,True,True,False,False,24.0,Partial Admission,False,,Guilty,Moderate,Course Grade Reduction,6.0,2025-11-29 13:43:02.863716002
CASE000275,S00556,SUB002919,ASSIGN00156,2025-11-27 18:21:42.412015350,2025-11-27 09:56:00.013218881,Unauthorized Collaboration,AI Detector,High,87.36,False,True,False,False,4.0,Admitted,False,,Guilty,Moderate,Course Grade Reduction,6.0,2025-12-01 20:21:42.412015350
CASE000276,S01185,SUB002929,ASSIGN00157,2027-03-13 06:33:40.606826565,2027-03-13 04:09:47.479092328,AI Misuse,Automated Monitoring,Medium,55.7,False,True,False,False,2.0,No Response,False,,Not Guilty,None,,0.0,2027-03-15 11:33:40.606826565
CASE000277,S01077,SUB002950,ASSIGN00158,2026-02-24 20:40:30.048975793,2026-02-22 23:34:22.332210934,Academic Misconduct,AI Detector,High,91.05,False,True,False,False,13.0,Admitted,False,,Guilty,Moderate,Assignment Grade Penalty,4.0,2026-03-10 03:40:30.048975793
CASE000278,S01321,SUB002954,ASSIGN00158,2026-02-26 19:40:37.311422303,2026-02-25 00:50:32.629120440,Plagiarism,Automated Monitoring,Medium,69.59,False,False,False,False,17.0,Partial Admission,False,,Guilty,Moderate,Assignment Grade Penalty,4.0,2026-03-15 20:40:37.311422303
CASE000279,S00462,SUB002962,ASSIGN00158,2026-02-24 07:32:13.282020047,2026-02-22 22:05:52.351160511,Academic Misconduct,AI Detector,High,75.69,False,True,False,False,4.0,Denied,False,,Dismissed,None,,0.0,2026-02-28 10:32:13.282020047
CASE000280,S01156,SUB002964,ASSIGN00158,2026-02-23 02:37:20.084485536,2026-02-22 20:05:19.278631797,AI Misuse,Similarity Check,Low,40.5,False,False,False,False,11.0,Partial Admission,False,,Guilty,Moderate,Course Grade Reduction,6.0,2026-03-06 09:37:20.084485536
CASE000281,S01116,SUB002996,ASSIGN00160,2027-02-15 20:27:40.692571771,2027-02-15 14:40:53.792640274,Plagiarism,Automated Monitoring,Medium,64.67,False,False,False,False,4.0,Denied,False,,Dismissed,None,,0.0,2027-02-19 23:27:40.692571771
CASE000282,S00130,SUB002997,ASSIGN00160,2027-02-17 03:02:45.396923270,2027-02-15 16:22:55.360220760,AI Misuse,AI Detector,High,75.02,False,True,False,False,1.0,Admitted,False,,Guilty,Moderate,Academic Probation,8.0,2027-02-18 06:02:45.396923270
CASE000283,S00973,SUB003006,ASSIGN00160,2027-02-16 09:40:30.744046394,2027-02-15 05:58:33.872707511,AI Misuse,Faculty Report,Medium,35.23,False,False,False,True,10.0,Denied,False,,Dismissed,None,,0.0,2027-02-26 21:40:30.744046394
CASE000284,S00208,SUB003023,ASSIGN00162,2026-03-06 13:42:53.187693325,2026-03-05 14:04:06.215468581,AI Misuse,Faculty Report,Low,44.01,False,False,False,True,4.0,Admitted,False,,Dismissed,None,,0.0,2026-03-10 15:42:53.187693325
CASE000285,S00495,SUB003087,ASSIGN00165,2026-07-13 22:06:25.035116419,2026-07-12 05:14:11.276665363,Plagiarism,Peer Report,Medium,53.45,False,True,False,False,7.0,Denied,False,,Dismissed,None,,0.0,2026-07-21 04:06:25.035116419
CASE000286,S00407,SUB003095,ASSIGN00165,2026-07-11 10:40:20.939559708,2026-07-10 09:25:09.996160136,AI Misuse,Peer Report,Medium,32.75,False,False,False,False,,Partial Admission,False,,Pending,None,,0.0,
CASE000287,S00410,SUB003099,ASSIGN00165,2026-07-15 17:38:54.680220772,2026-07-14 14:05:58.612958441,Academic Misconduct,AI Detector,High,54.35,True,True,False,False,9.0,Denied,False,,Not Guilty,None,,0.0,2026-07-25 05:38:54.680220772
CASE000288,S00954,SUB003106,ASSIGN00166,2027-02-19 20:47:39.958950447,2027-02-19 01:43:46.515996422,Unauthorized File Sharing,Faculty Report,Low,34.3,False,False,False,True,12.0,Partial Admission,True,2027-03-11 03:47:39.958950447,Not Guilty,None,,0.0,2027-03-04 03:47:39.958950447
CASE000289,S00512,SUB003110,ASSIGN00166,2027-02-17 15:14:29.197442984,2027-02-17 01:53:32.624833235,Academic Misconduct,AI Detector,Medium,74.4,False,True,False,False,22.0,Denied,False,,Not Guilty,None,,0.0,2027-03-11 22:14:29.197442984
CASE000290,S00691,SUB003116,ASSIGN00166,2027-02-20 13:10:22.357274271,2027-02-19 21:28:04.176061334,Unauthorized Collaboration,Unknown,High,85.55,False,True,False,True,3.0,Denied,False,,Guilty,Severe,Suspension,15.0,2027-02-23 16:10:22.357274271
CASE000291,S00379,SUB003143,ASSIGN00168,2026-07-26 20:48:17.456119489,2026-07-25 21:24:46.645081528,AI Misuse,Unknown,Medium,87.51,False,True,False,True,15.0,Partial Admission,False,,Guilty,Severe,Suspension,15.0,2026-08-11 06:48:17.456119489
CASE000292,S01150,SUB003148,ASSIGN00169,2027-04-13 10:52:19.783423064,2027-04-11 17:33:47.022008820,AI Misuse,Automated Monitoring,Low,67.1,False,True,False,False,6.0,Admitted,False,,Not Guilty,None,,0.0,2027-04-19 21:52:19.783423064
CASE000293,S00087,SUB003161,ASSIGN00169,2027-04-13 09:56:35.603825065,2027-04-12 08:06:40.716483025,Academic Misconduct,AI Detector,Medium,75.57,False,False,False,False,5.0,No Response,False,,Insufficient Evidence,None,,0.0,2027-04-18 10:56:35.603825065
CASE000294,S00872,SUB003173,ASSIGN00170,2025-10-18 04:04:00.000000000,2025-10-17 22:43:39.831977512,AI Misuse,AI Detector,Medium,69.03,False,True,False,False,18.0,Admitted,True,2025-11-12 05:04:43.831780568,Guilty,Moderate,Course Grade Reduction,6.0,2025-11-05 05:04:43.831780568
CASE000295,S00877,SUB003178,ASSIGN00170,2025-10-18 22:04:39.497651606,2025-10-18 02:06:17.806899568,Unauthorized Collaboration,Similarity Check,Low,30.39,False,False,False,False,7.0,Partial Admission,False,,Insufficient Evidence,None,,0.0,2025-10-26 09:04:39.497651606
CASE000296,S01063,SUB003185,ASSIGN00170,2025-10-17 07:27:38.135266016,2025-10-16 23:43:14.622708592,Plagiarism,AI Detector,Medium,52.63,False,True,False,False,4.0,Partial Admission,False,,Dismissed,None,,0.0,2025-10-21 17:27:38.135266016
CASE000297,S00319,SUB003191,ASSIGN00171,2026-07-29 01:58:03.334369163,2026-07-27 16:01:54.179771763,Academic Misconduct,Automated Monitoring,High,63.03,False,True,False,False,3.0,Denied,True,2026-08-21 03:58:03.334369163,Insufficient Evidence,None,,0.0,2026-08-01 03:58:03.334369163
CASE000298,S00930,SUB003194,ASSIGN00171,2026-07-30 03:37:58.694289678,2026-07-29 22:04:58.867085847,AI Misuse,Similarity Check,Low,69.01,False,True,False,False,4.0,Partial Admission,False,,Not Guilty,None,,0.0,2026-08-03 13:37:58.694289678
CASE000299,S01197,SUB003207,ASSIGN00172,2026-10-09 05:23:00.473374632,2026-10-08 06:18:55.533265972,AI Misuse,Automated Monitoring,Low,40.4,False,True,False,False,14.0,No Response,False,,Dismissed,None,,0.0,2026-10-23 12:23:00.473374632
CASE000300,S01081,SUB003214,ASSIGN00172,2026-10-09 02:18:22.821955940,2026-10-07 22:30:49.177956122,Plagiarism,Similarity Check,High,84.83,False,True,False,False,17.0,Partial Admission,False,,Not Guilty,None,,0.0,2026-10-26 06:18:22.821955940
CASE000301,S00440,SUB003221,ASSIGN00172,2026-10-09 02:21:00.000000000,2026-10-07 13:22:54.726055318,Academic Misconduct,Peer Report,Medium,13.41,False,False,False,False,11.0,Denied,False,,Insufficient Evidence,None,,0.0,2026-10-20 06:21:48.001966387
CASE000302,S00210,SUB003238,ASSIGN00173,2026-09-23 06:43:29.996533308,2026-09-23 04:14:12.000000000,Plagiarism,Similarity Check,Medium,54.92,False,False,False,False,10.0,Admitted,False,,Insufficient Evidence,None,,0.0,2026-10-03 08:43:29.996533308
CASE000303,S00275,SUB003246,ASSIGN00173,2026-09-23 00:02:44.785751840,2026-09-21 22:54:27.649702135,Plagiarism,Faculty Report,Low,38.56,False,False,False,True,12.0,No Response,False,,Insufficient Evidence,None,,0.0,2026-10-05 10:02:44.785751840
CASE000304,S00140,SUB003264,ASSIGN00174,2026-03-07 03:46:39.561022119,2026-03-06 07:07:02.751500892,Academic Misconduct,AI Detector,High,75.41,False,True,False,False,7.0,No Response,True,2026-04-02 11:46:39.561022119,Guilty,Moderate,Assignment Grade Penalty,4.0,2026-03-14 11:46:39.561022119
CASE000305,S00908,SUB003277,ASSIGN00175,2026-07-06 00:30:52.707108187,2026-07-04 01:06:37.955583073,Other Integrity Concern,AI Detector,High,63.4,False,True,False,False,9.0,Denied,False,,Guilty,Warning,Formal Warning,1.0,2026-07-15 04:30:52.707108187
CASE000306,S00926,SUB003278,ASSIGN00175,2026-07-04 12:48:12.498867901,2026-07-02 16:40:04.000146805,AI Misuse,Similarity Check,Low,47.79,False,False,True,False,4.0,Denied,False,,Dismissed,None,,0.0,2026-07-08 13:48:12.498867901
CASE000307,S00001,SUB003286,ASSIGN00175,2026-07-03 21:49:03.544167742,2026-07-03 03:15:15.513022549,AI Misuse,AI Detector,Medium,76.77,True,True,False,False,17.0,Denied,False,,Insufficient Evidence,None,,0.0,2026-07-21 06:49:03.544167742
CASE000308,S01391,SUB003295,ASSIGN00176,2026-03-24 21:56:53.292033889,2026-03-22 23:33:39.738645617,Unauthorized Collaboration,Similarity Check,Medium,73.03,False,True,False,False,7.0,Denied,True,2026-04-18 22:56:53.292033889,Insufficient Evidence,None,,0.0,2026-03-31 22:56:53.292033889
CASE000309,S01074,SUB003302,ASSIGN00176,2026-03-24 13:54:36.674835035,2026-03-23 13:35:17.873195205,Academic Misconduct,Similarity Check,High,81.61,False,True,False,False,12.0,Denied,False,,Guilty,Warning,Formal Warning,1.0,2026-04-05 20:54:36.674835035
CASE000310,S00107,SUB003329,ASSIGN00178,2026-11-01 16:51:50.032098363,2026-10-31 12:37:36.190406905,Unauthorized Collaboration,Faculty Report,Low,42.21,False,False,False,True,11.0,Partial Admission,False,,Insufficient Evidence,None,,0.0,2026-11-13 01:51:50.032098363
CASE000311,S00786,SUB003347,ASSIGN00179,2026-07-14 04:40:02.382498857,2026-07-13 17:02:32.059830520,Plagiarism,AI Detector,Low,60.85,False,True,False,False,4.0,Admitted,False,,Insufficient Evidence,None,,0.0,2026-07-18 05:40:02.382498857
CASE000312,S00346,SUB003359,ASSIGN00179,2026-07-13 09:14:16.859231353,2026-07-12 19:05:11.449833002,AI Misuse,AI Detector,Medium,65.08,False,True,False,False,12.0,No Response,False,,Not Guilty,None,,0.0,2026-07-25 16:14:16.859231353
CASE000314,S01357,SUB003390,ASSIGN00181,2027-04-21 11:35:28.040649365,2027-04-20 05:35:22.273983446,Plagiarism,AI Detector,Medium,73.3,False,True,False,False,9.0,No Response,False,,Dismissed,None,,0.0,2027-04-30 16:35:28.040649365
CASE000315,S00299,SUB003398,ASSIGN00182,2026-10-14 20:01:26.493473007,2026-10-13 07:44:32.538998933,AI Misuse,Peer Report,Medium,42.09,False,True,False,False,14.0,Denied,False,,Dismissed,None,,0.0,2026-10-29 07:01:26.493473007
CASE000316,S00945,SUB003409,ASSIGN00182,2026-10-13 19:14:32.403203591,2026-10-13 06:52:17.197690666,AI Misuse,Peer Report,Medium,64.32,False,False,False,False,2.0,No Response,False,,Not Guilty,None,,0.0,2026-10-15 23:14:32.403203591
CASE000317,S00955,SUB003417,ASSIGN00182,2026-10-14 04:01:36.320327505,2026-10-13 12:28:17.714147260,AI Misuse,Faculty Report,High,82.78,True,False,False,True,24.0,No Response,False,,Guilty,Warning,Formal Warning,1.0,2026-11-07 09:01:36.320327505
CASE000318,S00772,SUB003464,ASSIGN00184,2027-03-27 15:59:32.984794276,2027-03-27 06:01:02.601794167,Plagiarism,Unknown,Medium,75.79,False,True,False,False,12.0,No Response,False,,Not Guilty,None,,0.0,2027-04-08 23:59:32.984794276
CASE000319,S00017,SUB003468,ASSIGN00185,2026-02-06 03:37:51.699247647,2026-02-05 03:35:20.503372621,Other Integrity Concern,Similarity Check,Medium,72.15,False,True,False,False,11.0,Denied,True,2026-03-08 08:37:51.699247647,Not Guilty,None,,0.0,2026-02-17 08:37:51.699247647
CASE000320,S01439,SUB003475,ASSIGN00185,2026-02-05 19:47:21.745597989,2026-02-03 20:38:33.910071061,Plagiarism,AI Detector,High,83.75,False,True,False,False,22.0,No Response,False,,Guilty,Warning,Formal Warning,1.0,2026-02-27 22:47:21.745597989
CASE000321,S01025,SUB003479,ASSIGN00185,2026-02-06 12:58:56.737503792,2026-02-05 02:10:01.790338840,AI Misuse,Faculty Report,High,77.81,False,True,False,True,3.0,No Response,False,,Insufficient Evidence,None,,0.0,2026-02-09 16:58:56.737503792
CASE000322,S00230,SUB003489,ASSIGN00186,2025-09-27 12:58:18.161573494,2025-09-27 00:57:14.656670087,Other Integrity Concern,Faculty Report,Medium,67.09,False,False,False,True,2.0,Denied,False,,Dismissed,None,,0.0,2025-09-29 14:58:18.161573494
CASE000323,S00263,SUB003512,ASSIGN00188,2025-10-26 17:47:13.481189102,2025-10-24 19:59:58.505791435,Plagiarism,Automated Monitoring,Low,43.34,False,True,False,False,17.0,Denied,False,,Insufficient Evidence,None,,0.0,2025-11-13 04:47:13.481189102
CASE000324,S00848,SUB003527,ASSIGN00188,2025-10-25 10:03:34.563894712,2025-10-25 02:38:06.317994306,Plagiarism,AI Detector,Medium,69.01,False,True,False,False,1.0,Denied,True,2025-11-14 16:03:34.563894712,Guilty,Moderate,Course Grade Reduction,6.0,2025-10-26 16:03:34.563894712
CASE000325,S00712,SUB003565,ASSIGN00190,2026-03-30 03:17:04.807047555,2026-03-28 06:44:36.891566902,Plagiarism,Peer Report,Medium,65.34,False,False,False,False,,Admitted,False,,Pending,None,,0.0,
CASE000326,S00266,SUB003591,ASSIGN00192,2026-10-13 14:18:39.748885559,2026-10-12 02:43:43.718729852,Plagiarism,Similarity Check,Low,45.19,False,False,False,False,4.0,Denied,False,,Dismissed,None,,0.0,2026-10-17 19:18:39.748885559
CASE000327,S00390,SUB003600,ASSIGN00192,2026-10-14 02:08:41.673912270,2026-10-12 04:48:48.746411926,Unauthorized Collaboration,Faculty Report,Medium,61.68,False,True,True,True,9.0,No Response,False,,Guilty,Warning,Formal Warning,1.0,2026-10-23 13:08:41.673912270
CASE000328,S00176,SUB003608,ASSIGN00193,2026-03-27 10:14:05.536644920,2026-03-27 00:08:44.663665636,Other Integrity Concern,Unknown,Medium,71.02,False,False,False,False,8.0,Admitted,False,,Guilty,Warning,Formal Warning,1.0,2026-04-04 18:14:05.536644920
CASE000329,S00070,SUB003615,ASSIGN00193,2026-03-27 17:55:41.699278933,2026-03-27 02:10:17.293605022,Plagiarism,Peer Report,Medium,79.81,False,True,False,False,3.0,No Response,False,,Guilty,Severe,Academic Probation,8.0,2026-03-31 03:55:41.699278933
CASE000330,S00645,SUB003634,ASSIGN00194,2026-03-07 18:51:00.000000000,2026-03-06 15:16:52.653304008,Plagiarism,AI Detector,Medium,72.63,False,True,True,False,14.0,Denied,False,,Insufficient Evidence,None,,0.0,2026-03-21 19:51:32.313374283
CASE000331,S01009,SUB003658,ASSIGN00195,2026-10-12 19:34:11.545834587,2026-10-11 05:23:34.405652614,AI Misuse,AI Detector,Low,49.36,False,True,False,False,3.0,No Response,False,,Dismissed,None,,0.0,2026-10-16 07:34:11.545834587
CASE000332,S00776,SUB003666,ASSIGN00196,2026-10-31 07:21:24.035009908,2026-10-30 07:39:03.028619722,Plagiarism,AI Detector,Medium,55.86,False,False,False,False,22.0,Denied,False,,Guilty,Moderate,Assignment Grade Penalty,4.0,2026-11-22 14:21:24.035009908
CASE000333,S00004,SUB003675,ASSIGN00196,2026-11-01 18:51:39.263383537,2026-10-31 09:30:31.367971405,Plagiarism,Automated Monitoring,Medium,38.39,False,False,False,False,15.0,No Response,False,,Dismissed,None,,0.0,2026-11-17 01:51:39.263383537
CASE000334,S00555,SUB003677,ASSIGN00196,2026-11-02 15:03:16.877174041,2026-10-31 18:16:25.517675104,AI Misuse,Faculty Report,High,78.15,False,False,False,True,12.0,No Response,False,,Guilty,Severe,Suspension,15.0,2026-11-14 21:03:16.877174041
CASE000335,S01125,SUB003685,ASSIGN00196,2026-11-04 07:37:41.710152455,2026-11-02 11:48:19.634326835,Plagiarism,AI Detector,Medium,61.67,False,True,False,False,8.0,Denied,False,,Dismissed,None,,0.0,2026-11-12 12:37:41.710152455
CASE000336,S00623,SUB003694,ASSIGN00197,2026-07-21 14:35:29.715614579,2026-07-20 03:44:42.847313385,Academic Misconduct,Faculty Report,Medium,65.48,False,True,True,True,17.0,Denied,False,,Guilty,Moderate,Assignment Grade Penalty,4.0,2026-08-07 22:35:29.715614579
CASE000337,S01464,SUB003700,ASSIGN00197,2026-07-24 00:19:30.150749375,2026-07-22 08:37:21.893549580,Academic Misconduct,Automated Monitoring,Medium,71.8,False,True,False,False,2.0,Admitted,False,,Insufficient Evidence,None,,0.0,2026-07-26 02:19:30.150749375
CASE000338,S01215,SUB003701,ASSIGN00197,2026-07-21 16:14:24.447834447,2026-07-19 23:01:54.153338459,Academic Misconduct,AI Detector,Medium,41.69,False,False,False,False,5.0,Admitted,False,,Insufficient Evidence,None,,0.0,2026-07-26 20:14:24.447834447
CASE000339,S01042,SUB003723,ASSIGN00198,2026-07-01 19:24:23.062808239,2026-07-01 03:18:43.570525264,Academic Misconduct,Peer Report,Low,35.6,False,False,False,False,19.0,Admitted,False,,Dismissed,None,,0.0,2026-07-20 21:24:23.062808239
CASE000340,S01324,SUB003735,ASSIGN00199,2027-03-21 14:20:25.025864776,2027-03-20 04:44:40.569510968,Unauthorized Collaboration,Similarity Check,High,61.56,False,False,False,False,6.0,Denied,False,,Guilty,Moderate,Assignment Grade Penalty,4.0,2027-03-27 16:20:25.025864776
CASE000341,S00407,SUB003742,ASSIGN00200,2026-09-28 01:17:25.684196165,2026-09-26 03:57:20.028387304,Unauthorized Collaboration,Peer Report,Low,74.7,False,True,False,False,2.0,Denied,False,,Dismissed,None,,0.0,2026-09-30 06:17:25.684196165
CASE000342,S00852,SUB003760,ASSIGN00201,2026-10-04 04:15:47.572139893,2026-10-02 07:01:19.643073001,AI Misuse,AI Detector,Low,58.36,False,True,False,False,19.0,No Response,False,,Dismissed,None,,0.0,2026-10-23 14:15:47.572139893
CASE000343,S00865,SUB003763,ASSIGN00201,2026-10-05 07:51:59.323979329,2026-10-04 21:27:27.833229525,AI Misuse,Faculty Report,Medium,52.88,False,False,False,True,17.0,Denied,False,,Dismissed,None,,0.0,2026-10-22 09:51:59.323979329
CASE000344,S00525,SUB003775,ASSIGN00201,2026-10-04 19:12:42.372532712,2026-10-02 23:41:04.658918438,Plagiarism,AI Detector,High,79.91,False,True,False,False,16.0,Admitted,True,2026-11-07 04:12:42.372532712,Guilty,Moderate,Course Grade Reduction,6.0,2026-10-21 04:12:42.372532712
CASE000345,S00602,SUB003777,ASSIGN00202,2026-07-05 00:43:44.485588179,2026-07-03 08:14:59.182294382,Academic Misconduct,AI Detector,High,80.04,False,True,False,False,24.0,No Response,True,2026-08-04 11:43:44.485588179,Insufficient Evidence,None,,0.0,2026-07-29 11:43:44.485588179
CASE000346,S00778,SUB003778,ASSIGN00202,2026-07-04 02:30:49.681893860,2026-07-02 23:33:57.730627745,Plagiarism,Peer Report,High,64.775,False,True,False,False,7.0,Denied,False,,Insufficient Evidence,None,,0.0,2026-07-11 05:30:49.681893860
CASE000347,S00105,SUB003779,ASSIGN00202,2026-07-04 22:47:47.915543732,2026-07-04 21:03:27.675174839,Unauthorized Collaboration,AI Detector,Medium,64.13,False,False,False,False,36.0,Partial Admission,False,,Dismissed,None,,0.0,2026-08-10 01:47:47.915543732
CASE000348,S00944,SUB003781,ASSIGN00202,2026-07-01 21:56:01.656304028,2026-07-01 17:16:48.410093498,AI Misuse,AI Detector,Low,73.84,False,True,False,False,3.0,Denied,False,,Dismissed,None,,0.0,2026-07-04 23:56:01.656304028
CASE000349,S00710,SUB003783,ASSIGN00202,2026-07-04 20:49:50.590708740,2026-07-03 07:55:04.188716020,Academic Misconduct,Faculty Report,Medium,59.14,False,True,False,True,6.0,Admitted,False,,Guilty,Moderate,Academic Probation,8.0,2026-07-11 05:49:50.590708740
CASE000350,S00760,SUB003789,ASSIGN00202,2026-07-02 16:13:46.202656914,2026-07-02 10:52:37.482372357,Plagiarism,Similarity Check,Medium,50.16,False,False,False,False,1.0,Partial Admission,False,,Insufficient Evidence,None,,0.0,2026-07-03 17:13:46.202656914
CASE000351,S00123,SUB003793,ASSIGN00202,2026-07-05 19:09:30.016308096,2026-07-04 11:10:35.579308968,AI Misuse,AI Detector,Medium,74.54,False,True,False,False,7.0,Admitted,False,,Guilty,Moderate,Academic Probation,8.0,2026-07-13 05:09:30.016308096
CASE000352,S01452,SUB003796,ASSIGN00203,2026-07-20 17:49:12.890544820,2026-07-19 22:31:38.361300600,Plagiarism,AI Detector,High,55.18,False,False,True,False,30.0,No Response,False,,Guilty,Moderate,Course Grade Reduction,6.0,2026-08-20 04:49:12.890544820
CASE000353,S00136,SUB003800,ASSIGN00203,2026-07-21 04:01:18.829991592,2026-07-20 10:02:09.502735313,AI Misuse,AI Detector,Medium,69.3,False,True,False,False,2.0,Denied,False,,Dismissed,None,,0.0,2026-07-23 14:01:18.829991592
CASE000354,S00158,SUB003823,ASSIGN00204,2026-06-27 07:03:51.819280248,2026-06-25 09:29:25.848016731,Unauthorized Collaboration,AI Detector,High,72.42,False,False,False,False,4.0,Denied,False,,Guilty,Moderate,Assignment Grade Penalty,4.0,2026-07-01 17:03:51.819280248
CASE000355,S00425,SUB003826,ASSIGN00204,2026-06-26 08:11:35.894892262,2026-06-26 04:25:39.790347194,Unauthorized File Sharing,Unknown,Low,39.34,False,False,False,False,5.0,No Response,False,,Dismissed,None,,0.0,2026-07-01 17:11:35.894892262
CASE000356,S00375,SUB003828,ASSIGN00204,2026-06-25 15:44:16.619049136,2026-06-25 01:50:08.484075688,AI Misuse,Similarity Check,Low,27.47,False,False,True,False,6.0,No Response,False,,Not Guilty,None,,0.0,2026-07-01 20:44:16.619049136
CASE000357,S00635,SUB003840,ASSIGN00205,2025-10-13 00:05:53.285584042,2025-10-11 18:00:20.366074988,Unauthorized File Sharing,Similarity Check,Low,30.26,False,False,False,False,4.0,Admitted,False,,Not Guilty,None,,0.0,2025-10-17 05:05:53.285584042
CASE000358,S00324,SUB003849,ASSIGN00206,2025-10-24 21:20:01.983896430,2025-10-23 07:22:21.922228170,Plagiarism,Faculty Report,Medium,63.68,False,True,False,True,14.0,Denied,False,,Insufficient Evidence,None,,0.0,2025-11-08 04:20:01.983896430
CASE000359,S00244,SUB003852,ASSIGN00206,2025-10-23 14:54:05.645827036,2025-10-22 23:26:18.391270354,Plagiarism,Similarity Check,High,88.59,False,False,False,False,2.0,Denied,True,2025-10-29 23:54:05.645827036,Guilty,Moderate,Assignment Grade Penalty,4.0,2025-10-25 23:54:05.645827036
CASE000360,S00877,SUB003871,ASSIGN00207,2026-03-29 10:45:51.611349401,2026-03-27 23:12:57.891206800,AI Misuse,AI Detector,Medium,78.15,False,False,False,False,,Admitted,False,,Pending,None,,0.0,
CASE000361,S01315,SUB003881,ASSIGN00208,2026-10-11 00:58:00.749092126,2026-10-10 11:20:09.376880953,AI Misuse,AI Detector,Medium,57.21,False,False,False,False,,Denied,False,,Pending,None,,0.0,
CASE000362,S00618,SUB003884,ASSIGN00208,2026-10-09 05:24:56.520590915,2026-10-08 18:45:28.257521822,AI Misuse,Similarity Check,Low,41.16,False,False,False,False,7.0,No Response,False,,Insufficient Evidence,None,,0.0,2026-10-16 13:24:56.520590915
CASE000363,S00224,SUB003895,ASSIGN00208,2026-10-10 08:26:12.834348154,2026-10-09 12:43:04.828592888,Plagiarism,AI Detector,Medium,67.76,False,True,False,False,2.0,Partial Admission,False,,Not Guilty,None,,0.0,2026-10-12 10:26:12.834348154
CASE000364,S00730,SUB003913,ASSIGN00209,2026-10-29 22:07:03.286947734,2026-10-29 17:18:07.120596817,Academic Misconduct,Peer Report,High,55.62,False,True,False,False,,Admitted,True,,Pending,None,,0.0,
CASE000365,S00379,SUB003916,ASSIGN00209,2026-11-02 06:31:01.590455786,2026-10-31 23:59:57.046520443,Academic Misconduct,Automated Monitoring,Medium,70.09,False,True,False,False,10.0,Denied,False,,Guilty,Warning,Formal Warning,1.0,2026-11-12 14:31:01.590455786
CASE000366,S00710,SUB003919,ASSIGN00209,2026-10-31 18:13:46.073708477,2026-10-31 07:02:04.593619173,Unauthorized File Sharing,AI Detector,High,82.5,False,True,False,False,14.0,Partial Admission,False,,Guilty,Moderate,Assignment Grade Penalty,4.0,2026-11-15 03:13:46.073708477
CASE000367,S01150,SUB003941,ASSIGN00210,2025-10-29 09:48:21.376204200,2025-10-28 13:54:00.554976924,Academic Misconduct,Automated Monitoring,Low,31.98,False,False,False,False,,Admitted,False,,Pending,None,,0.0,
CASE000368,S01009,SUB003942,ASSIGN00210,2025-10-30 23:23:33.752411774,2025-10-29 20:43:15.762077950,AI Misuse,Faculty Report,Medium,73.56,False,True,True,True,8.0,Denied,False,,Insufficient Evidence,None,,0.0,2025-11-08 10:23:33.752411774
CASE000369,S00864,SUB003971,ASSIGN00211,2026-10-30 13:14:53.088794877,2026-10-29 14:18:21.306851809,Unauthorized File Sharing,Faculty Report,Low,38.7,False,True,False,True,2.0,Admitted,False,,Dismissed,None,,0.0,2026-11-01 21:14:53.088794877
CASE000370,S00555,SUB003977,ASSIGN00211,2026-10-30 23:33:02.264875387,2026-10-29 08:13:45.130518120,Plagiarism,Faculty Report,Medium,64.57,False,True,False,True,6.0,Partial Admission,False,,Dismissed,None,,0.0,2026-11-06 06:33:02.264875387
CASE000371,S00026,SUB003978,ASSIGN00211,2026-10-31 10:59:10.055549126,2026-10-29 14:40:18.957811089,Plagiarism,Peer Report,Medium,72.07,False,True,False,False,8.0,Admitted,True,2026-11-11 21:59:10.055549126,Guilty,Warning,Formal Warning,1.0,2026-11-08 21:59:10.055549126
CASE000372,S01187,SUB003979,ASSIGN00211,2026-10-31 11:50:11.765664523,2026-10-30 06:37:05.002653431,Academic Misconduct,AI Detector,Medium,69.42,False,False,False,False,25.0,Denied,False,,Guilty,Severe,Suspension,15.0,2026-11-25 18:50:11.765664523
CASE000373,S01090,SUB003981,ASSIGN00211,2026-10-29 08:42:14.585831274,2026-10-29 04:38:21.214940936,AI Misuse,AI Detector,Medium,69.22,False,False,False,False,12.0,Denied,False,,Guilty,Warning,Formal Warning,1.0,2026-11-10 20:42:14.585831274
CASE000374,S00238,SUB003990,ASSIGN00212,2026-02-20 15:50:23.944582994,2026-02-19 14:33:00.000000000,Unauthorized Collaboration,Faculty Report,Low,12.59,False,False,False,True,,Denied,False,,Pending,None,,0.0,
CASE000375,S01418,SUB004010,ASSIGN00213,2026-03-11 03:58:43.773813871,2026-03-11 02:30:25.279659381,Plagiarism,AI Detector,Medium,62.04,False,True,True,False,3.0,Admitted,False,,Dismissed,None,,0.0,2026-03-14 05:58:43.773813871
CASE000376,S01470,SUB004024,ASSIGN00214,2026-09-27 02:55:12.469769447,2026-09-26 21:40:21.806760892,Plagiarism,Faculty Report,Medium,35.84,False,False,False,True,13.0,Denied,False,,Not Guilty,None,,0.0,2026-10-10 11:55:12.000000000
CASE000377,S01438,SUB004029,ASSIGN00214,2026-09-27 16:18:38.792731228,2026-09-27 01:12:08.347875759,AI Misuse,Faculty Report,Low,35.04,False,True,False,True,8.0,No Response,False,,Dismissed,None,,0.0,2026-10-06 00:18:38.792731228
CASE000378,S00856,SUB004030,ASSIGN00214,2026-09-27 20:43:57.052584646,2026-09-26 10:33:51.615286128,Plagiarism,Faculty Report,Low,39.74,False,False,False,True,24.0,Denied,False,,Dismissed,None,,0.0,2026-10-22 08:43:57.052584646
CASE000379,S00233,SUB004043,ASSIGN00215,2026-03-27 00:53:54.866087645,2026-03-25 17:47:21.995011130,AI Misuse,AI Detector,Medium,78.06,False,True,False,False,15.0,Denied,True,2026-04-18 03:53:54.866087645,Guilty,Warning,Formal Warning,1.0,2026-04-11 03:53:54.866087645
CASE000380,S00823,SUB004044,ASSIGN00215,2026-03-25 22:58:28.419379999,2026-03-25 19:32:57.691290121,AI Misuse,Faculty Report,Medium,67.07,False,True,False,True,10.0,Partial Admission,False,,Guilty,Warning,Formal Warning,1.0,2026-04-05 10:58:28.419379999
CASE000381,S00043,SUB004054,ASSIGN00216,2026-03-17 02:06:53.673982878,2026-03-15 06:25:21.866695584,Unauthorized Collaboration,AI Detector,Medium,60.52,False,False,False,False,1.0,Partial Admission,False,,Dismissed,None,,0.0,2026-03-18 05:06:53.673982878
CASE000382,S01452,SUB004059,ASSIGN00216,2026-03-18 22:13:48.804420677,2026-03-17 11:37:27.270588426,AI Misuse,AI Detector,High,75.79,False,True,False,False,20.0,Partial Admission,False,,Not Guilty,None,,0.0,2026-04-08 06:13:48.804420677
CASE000383,S00075,SUB004103,ASSIGN00219,2027-02-12 13:15:06.533484668,2027-02-11 14:23:44.017095557,Plagiarism,AI Detector,Medium,77.95,False,False,False,False,,No Response,False,,Pending,None,,0.0,
CASE000384,S00664,SUB004130,ASSIGN00221,2026-10-03 17:58:22.237029446,2026-10-03 16:29:47.540618412,Unauthorized Collaboration,AI Detector,Medium,63.93,False,True,False,False,23.0,Denied,False,,Insufficient Evidence,None,,0.0,2026-10-27 01:58:22.237029446
CASE000385,S01304,SUB004155,ASSIGN00222,2027-03-18 18:09:58.633119980,2027-03-17 16:50:24.854233828,Unauthorized File Sharing,Faculty Report,Low,23.26,False,False,False,True,2.0,Denied,False,,Dismissed,None,,0.0,2027-03-21 06:09:58.633119980
CASE000386,S00653,SUB004170,ASSIGN00223,2025-11-01 20:04:13.141017110,2025-10-31 09:50:30.250837699,Plagiarism,AI Detector,Medium,60.67,False,False,False,False,13.0,Admitted,False,,Guilty,Warning,Formal Warning,1.0,2025-11-14 22:04:13.141017110
CASE000387,S00745,SUB004176,ASSIGN00223,2025-11-03 14:11:51.735014574,2025-11-01 23:36:42.265493556,Unauthorized Collaboration,Similarity Check,Low,60.9,False,False,False,False,20.0,No Response,False,,Dismissed,None,,0.0,2025-11-23 20:11:51.735014574
CASE000388,S01102,SUB004184,ASSIGN00223,2025-11-02 13:35:13.469751935,2025-11-01 20:11:07.835540344,Academic Misconduct,AI Detector,Medium,67.76,False,False,False,False,5.0,Admitted,False,,Dismissed,None,,0.0,2025-11-08 01:35:13.469751935
CASE000389,S00104,SUB004194,ASSIGN00224,2026-03-16 04:55:25.279969008,2026-03-15 14:32:41.083326720,AI Misuse,Faculty Report,Low,36.02,False,False,False,True,9.0,Denied,False,,Dismissed,None,,0.0,2026-03-25 12:55:25.279969008
CASE000390,S00345,SUB004204,ASSIGN00224,2026-03-14 21:53:45.319701426,2026-03-13 22:58:03.044089353,Unauthorized Collaboration,AI Detector,Medium,68.48,False,True,False,False,10.0,Denied,True,2026-03-30 07:53:45.319701426,Dismissed,None,,0.0,2026-03-25 07:53:45.319701426
CASE000391,S01164,SUB004212,ASSIGN00225,2026-02-27 18:41:53.843828521,2026-02-27 04:55:32.529630298,Unauthorized Collaboration,Unknown,Medium,70.1,False,True,False,False,1.0,Denied,False,,Guilty,Moderate,Course Grade Reduction,6.0,2026-03-01 05:41:53.843828521
CASE000392,S00046,SUB004217,ASSIGN00225,2026-02-28 06:29:11.422389297,2026-02-27 04:28:34.534850402,AI Misuse,Faculty Report,Low,49.49,False,False,False,True,7.0,No Response,False,,Dismissed,None,,0.0,2026-03-07 14:29:11.422389297
CASE000393,S00620,SUB004218,ASSIGN00225,2026-03-02 01:47:13.952701083,2026-03-01 12:09:40.285250001,Plagiarism,AI Detector,High,52.75,False,False,False,False,24.0,Denied,False,,Not Guilty,None,,0.0,2026-03-26 12:47:13.952701083
CASE000394,S00510,SUB004232,ASSIGN00226,2026-10-16 17:26:02.359466134,2026-10-15 09:58:22.918267831,Plagiarism,Faculty Report,Medium,65.85,False,True,True,True,6.0,Admitted,False,,Insufficient Evidence,None,,0.0,2026-10-23 01:26:02.359466134
CASE000395,S00319,SUB004270,ASSIGN00228,2026-07-23 06:56:21.269219848,2026-07-22 06:52:54.227046074,AI Misuse,AI Detector,Medium,60.66,False,False,False,False,,Denied,False,,Pending,None,,0.0,
CASE000396,S00529,SUB004280,ASSIGN00228,2026-07-24 20:17:43.849517988,2026-07-23 03:23:38.164616862,Unauthorized Collaboration,Faculty Report,Medium,60.41,False,True,False,True,,Denied,False,,Pending,None,,0.0,
CASE000397,S00956,SUB004284,ASSIGN00229,2026-07-24 14:00:11.648761951,2026-07-23 06:55:03.890950840,Plagiarism,AI Detector,Medium,74.29,False,True,False,False,18.0,Admitted,False,,Guilty,Moderate,Academic Probation,8.0,2026-08-11 17:00:11.648761951
CASE000398,S01073,SUB004298,ASSIGN00229,2026-07-21 13:26:42.799595455,2026-07-21 03:48:58.069137876,Academic Misconduct,AI Detector,Medium,72.31,False,True,False,False,,Denied,False,,Pending,None,,0.0,
CASE000399,S00094,SUB004303,ASSIGN00230,2025-10-22 03:22:19.392344171,2025-10-20 07:20:07.412241434,Academic Misconduct,Automated Monitoring,Medium,36.44,False,False,False,False,6.0,Denied,False,,Guilty,Warning,Formal Warning,1.0,2025-10-28 04:22:19.392344171
CASE000400,S00047,SUB004308,ASSIGN00230,2025-10-20 23:21:28.839355413,2025-10-20 00:11:49.671175220,Academic Misconduct,Faculty Report,Low,73.06,False,False,False,True,2.0,Denied,False,,Guilty,Moderate,Assignment Grade Penalty,4.0,2025-10-23 09:21:28.839355413
CASE000401,S00814,SUB004313,ASSIGN00230,2025-10-20 05:25:08.977976330,2025-10-19 18:06:33.990351856,AI Misuse,AI Detector,Medium,65.44,False,False,True,False,3.0,Admitted,True,2025-11-06 14:25:08.977976330,Guilty,Severe,Suspension,15.0,2025-10-23 14:25:08.977976330
CASE000402,S00411,SUB004316,ASSIGN00230,2025-10-22 08:28:52.208039358,2025-10-20 13:40:55.967323726,Plagiarism,AI Detector,Medium,63.0,False,True,False,False,9.0,Denied,False,,Guilty,Moderate,Course Grade Reduction,6.0,2025-10-31 19:28:52.208039358
CASE000403,S00566,SUB004318,ASSIGN00231,2027-04-11 10:25:54.394612382,2027-04-10 17:57:18.323038154,Academic Misconduct,AI Detector,High,66.28,False,True,False,False,,No Response,False,,Pending,None,,0.0,
CASE000404,S00053,SUB004329,ASSIGN00231,2027-04-13 04:35:16.721032861,2027-04-11 15:20:36.850160546,AI Misuse,AI Detector,High,76.47,False,False,False,False,2.0,Denied,False,,Guilty,Moderate,Academic Probation,8.0,2027-04-15 13:35:16.721032861
CASE000405,S00297,SUB004335,ASSIGN00232,2026-10-03 03:14:29.574057171,2026-10-01 03:34:52.727262364,Plagiarism,Faculty Report,Medium,75.03,False,False,False,True,14.0,Partial Admission,False,,Guilty,Moderate,Course Grade Reduction,6.0,2026-10-17 09:14:29.574057171
CASE000406,S01200,SUB004358,ASSIGN00233,2026-07-09 04:24:33.175861998,2026-07-09 02:30:06.517912708,Other Integrity Concern,Similarity Check,Low,34.82,False,False,False,False,2.0,Partial Admission,False,,Dismissed,None,,0.0,2026-07-11 09:24:33.175861998
CASE000407,S00210,SUB004383,ASSIGN00234,2027-03-10 12:05:50.540713145,2027-03-10 05:20:43.758738151,Plagiarism,Faculty Report,High,61.43,False,False,False,True,2.0,Partial Admission,False,,Not Guilty,None,,0.0,2027-03-12 18:05:50.540713145
CASE000408,S00066,SUB004410,ASSIGN00235,2026-07-19 16:02:19.970688353,2026-07-18 08:38:45.094424914,Plagiarism,AI Detector,Medium,64.25,False,True,False,False,18.0,Denied,False,,Guilty,Moderate,Course Grade Reduction,6.0,2026-08-06 22:02:19.970688353
CASE000409,S01235,SUB004422,ASSIGN00236,2026-07-04 04:41:59.629997696,2026-07-03 05:57:27.943988750,Unauthorized Collaboration,Peer Report,High,82.95,False,True,False,False,9.0,No Response,False,,Guilty,Moderate,Course Grade Reduction,6.0,2026-07-13 13:41:59.629997696
CASE000410,S00759,SUB004429,ASSIGN00237,2026-07-24 22:45:41.573386569,2026-07-24 17:12:29.194455737,AI Misuse,AI Detector,High,77.2,False,True,False,False,,Denied,False,,Pending,None,,0.0,
CASE000411,S00514,SUB004438,ASSIGN00238,2025-11-02 11:56:38.480116668,2025-11-01 09:11:05.550697691,Academic Misconduct,Peer Report,Low,36.81,False,False,False,False,8.0,Partial Admission,False,,Dismissed,None,,0.0,2025-11-10 13:56:38.480116668
CASE000412,S00012,SUB004448,ASSIGN00238,2025-11-01 20:33:46.164327956,2025-10-31 14:05:16.376011480,Plagiarism,AI Detector,High,77.69,False,True,False,False,,No Response,False,,Pending,None,,0.0,
CASE000413,S01491,SUB004456,ASSIGN00238,2025-11-02 13:51:31.841901071,2025-11-01 22:11:11.332129295,Unauthorized Collaboration,AI Detector,Medium,73.44,False,True,False,False,15.0,Denied,False,,Dismissed,None,,0.0,2025-11-17 14:51:31.841901071
CASE000414,S00632,SUB004462,ASSIGN00238,2025-11-03 08:27:45.546445317,2025-11-02 17:55:07.138660553,Plagiarism,Automated Monitoring,Low,38.02,True,True,False,False,16.0,No Response,False,,Dismissed,None,,0.0,2025-11-19 09:27:45.546445317
CASE000415,S00656,SUB004495,ASSIGN00241,2025-10-12 07:10:08.552813744,2025-10-10 21:03:00.000000000,AI Misuse,Automated Monitoring,High,79.94,False,True,False,False,2.0,Admitted,False,,Guilty,Moderate,,6.0,2025-10-14 17:10:08.552813744
CASE000416,S01008,SUB004507,ASSIGN00241,2025-10-11 04:57:26.476887360,2025-10-09 22:11:58.781673095,AI Misuse,Similarity Check,Low,22.21,False,False,False,False,5.0,Denied,False,,Dismissed,None,,0.0,2025-10-16 07:57:26.476887360
CASE000417,S00710,SUB004538,ASSIGN00243,2026-10-16 06:04:34.525406383,2026-10-14 12:23:39.861270207,AI Misuse,Peer Report,Medium,78.06,False,True,False,False,,Partial Admission,True,,Pending,None,,0.0,
CASE000419,S00223,SUB004584,ASSIGN00245,2026-07-10 13:27:45.797262584,2026-07-10 07:11:50.121905151,Plagiarism,Automated Monitoring,High,79.26,False,True,False,False,,Denied,False,,Pending,None,,0.0,
CASE000420,S01376,SUB004609,ASSIGN00247,2026-04-12 02:56:39.834259221,2026-04-11 05:07:33.024113713,Unauthorized Collaboration,Automated Monitoring,Low,45.03,False,True,False,False,19.0,Admitted,False,,Guilty,Warning,Formal Warning,1.0,2026-05-01 04:56:39.834259221
CASE000421,S00190,SUB004626,ASSIGN00247,2026-04-10 17:22:08.866354868,2026-04-10 00:12:47.691400599,Unauthorized Collaboration,AI Detector,Medium,52.61,False,False,False,False,1.0,No Response,False,,Not Guilty,None,,0.0,2026-04-11 18:22:08.866354868
CASE000422,S00858,SUB004635,ASSIGN00248,2026-11-01 00:15:39.196298313,2026-10-31 06:09:52.168786768,AI Misuse,AI Detector,Medium,72.8,False,True,False,False,32.0,Denied,False,,Guilty,Moderate,Academic Probation,8.0,2026-12-03 03:15:39.196298313
CASE000423,S01404,SUB004637,ASSIGN00248,2026-11-01 16:16:19.129600457,2026-10-30 17:41:59.011244692,Plagiarism,Faculty Report,Low,42.37,False,False,False,True,7.0,No Response,False,,Insufficient Evidence,None,,0.0,2026-11-08 17:16:19.129600457
CASE000424,S01151,SUB004642,ASSIGN00248,2026-10-31 02:26:29.083754336,2026-10-30 05:57:25.257540363,AI Misuse,AI Detector,Medium,72.84,False,True,False,False,10.0,Denied,False,,Guilty,Warning,Formal Warning,1.0,2026-11-10 12:26:29.083754336
CASE000425,S01162,SUB004666,ASSIGN00249,2026-03-04 06:05:33.489365199,2026-03-02 18:34:40.143755051,Unauthorized Collaboration,Faculty Report,Low,42.97,False,False,False,True,2.0,Denied,False,,Dismissed,None,,0.0,2026-03-06 17:05:33.489365199
CASE000426,S00628,SUB004688,ASSIGN00250,2025-10-18 04:39:28.598638231,2025-10-16 18:48:28.658518557,Unauthorized Collaboration,Automated Monitoring,Medium,77.84,False,True,False,False,13.0,Denied,False,,Guilty,Warning,Formal Warning,1.0,2025-10-31 16:39:28.598638231
CASE000427,S00233,SUB004689,ASSIGN00250,2025-10-16 16:56:25.521778306,2025-10-16 07:11:54.850336086,AI Misuse,AI Detector,High,74.66,False,True,False,False,7.0,Partial Admission,False,,Guilty,Warning,Formal Warning,1.0,2025-10-24 00:56:25.521778306
CASE000428,S01265,SUB004711,ASSIGN00252,2026-10-13 01:01:53.066446235,2026-10-12 05:43:22.884097480,Unauthorized File Sharing,Automated Monitoring,Low,43.46,True,False,False,False,4.0,Denied,False,,Not Guilty,None,,0.0,2026-10-17 03:01:53.066446235
CASE000429,S00860,SUB004764,ASSIGN00254,2025-10-07 01:41:43.542757199,2025-10-06 23:21:54.022405629,AI Misuse,Automated Monitoring,Medium,59.12,False,True,False,False,2.0,Denied,False,,Dismissed,None,,0.0,2025-10-09 08:41:43.542757199
CASE000430,S00924,SUB004766,ASSIGN00254,2025-10-08 03:05:08.223996734,2025-10-07 00:51:07.737074645,AI Misuse,Similarity Check,Low,43.83,False,False,False,False,1.0,Admitted,False,,Dismissed,None,,0.0,2025-10-09 09:05:08.223996734
CASE000431,S00036,SUB004778,ASSIGN00255,2026-11-25 00:29:25.057037834,2026-11-24 01:46:13.239464154,Academic Misconduct,Peer Report,Medium,28.7,False,False,False,False,2.0,No Response,False,,Not Guilty,None,,0.0,2026-11-27 03:29:25.057037834
CASE000432,S00148,SUB004783,ASSIGN00255,2026-11-27 16:08:07.587136969,2026-11-26 03:52:04.912218820,Academic Misconduct,Similarity Check,High,77.78,False,True,False,False,18.0,No Response,False,,Guilty,Severe,Suspension,15.0,2026-12-15 22:08:07.587136969
CASE000433,S00694,SUB004800,ASSIGN00256,2027-03-12 12:33:29.665400814,2027-03-12 02:06:49.442255407,Unauthorized File Sharing,AI Detector,Medium,58.74,True,True,False,False,15.0,Denied,False,,Guilty,Moderate,Course Grade Reduction,6.0,2027-03-27 17:33:29.665400814
CASE000434,S01117,SUB004802,ASSIGN00256,2027-03-14 02:22:50.450158675,2027-03-13 22:24:44.873647248,Academic Misconduct,AI Detector,Medium,59.28,False,True,False,False,5.0,Partial Admission,False,,Dismissed,None,,0.0,2027-03-19 13:22:50.450158675
CASE000435,S00019,SUB004803,ASSIGN00256,2027-03-14 13:02:25.490065025,2027-03-14 03:27:32.325509040,Unauthorized Collaboration,Similarity Check,High,85.32,False,True,False,False,24.0,Admitted,False,,Guilty,Moderate,Academic Probation,8.0,2027-04-07 23:02:25.490065025
CASE000436,S00651,SUB004806,ASSIGN00256,2027-03-12 16:06:59.577838079,2027-03-12 14:45:19.336490680,AI Misuse,Faculty Report,Medium,48.97,False,False,False,True,19.0,Denied,False,,Dismissed,None,,0.0,2027-03-31 22:06:59.577838079
CASE000437,S00914,SUB004811,ASSIGN00256,2027-03-12 11:24:12.155163364,2027-03-11 15:26:43.510187109,Unauthorized File Sharing,AI Detector,High,91.67,False,True,True,False,18.0,Denied,False,,Guilty,Moderate,Academic Probation,8.0,2027-03-30 14:24:12.155163364
CASE000438,S00057,SUB004816,ASSIGN00257,2026-04-10 00:22:38.281557753,2026-04-09 09:37:04.721343726,AI Misuse,Similarity Check,Medium,40.23,False,False,True,False,6.0,Denied,False,,Dismissed,None,,100.0,2026-04-16 01:22:38.281557753
CASE000439,S00291,SUB004835,ASSIGN00257,2026-04-12 07:22:17.063201459,2026-04-10 23:32:35.863769042,Academic Misconduct,AI Detector,Low,70.28,False,True,False,False,22.0,Admitted,False,,Not Guilty,None,,0.0,2026-05-04 18:22:17.063201459
CASE000440,S01111,SUB004853,ASSIGN00258,2025-10-26 00:27:13.541115611,2025-10-25 14:21:36.427489466,Plagiarism,Faculty Report,Low,25.21,False,False,False,True,3.0,Denied,False,,Not Guilty,None,,0.0,2025-10-29 09:27:13.541115611
CASE000441,S01173,SUB004856,ASSIGN00259,2026-10-30 00:53:31.083207844,2026-10-29 09:45:00.490604777,AI Misuse,Automated Monitoring,Medium,64.48,False,True,False,False,4.0,Admitted,True,2026-11-12 06:53:31.083207844,Guilty,Warning,Formal Warning,1.0,2026-11-03 06:53:31.083207844
CASE000442,S00615,SUB004864,ASSIGN00259,2026-10-29 12:05:50.074463025,2026-10-27 12:48:52.700661828,Plagiarism,AI Detector,High,76.86,False,True,False,False,1.0,Denied,False,,Guilty,Warning,Formal Warning,1.0,2026-10-30 19:05:50.074463025
CASE000443,S00299,SUB004893,ASSIGN00260,2027-02-15 19:05:53.923925735,2027-02-14 09:23:19.762181684,Academic Misconduct,Similarity Check,Medium,37.94,False,False,False,False,4.0,No Response,False,,Dismissed,None,,0.0,2027-02-20 03:05:53.923925735
CASE000444,S00824,SUB004896,ASSIGN00260,2027-02-11 15:27:28.182571687,2027-02-11 03:48:37.014680282,Plagiarism,Automated Monitoring,High,88.78,False,True,False,False,1.0,No Response,False,,Guilty,Moderate,Academic Probation,8.0,2027-02-12 20:27:28.182571687
CASE000445,S01380,SUB004917,ASSIGN00261,2027-03-22 20:36:54.671890369,2027-03-22 19:22:10.521516771,AI Misuse,Similarity Check,Medium,38.66,False,True,False,False,9.0,Denied,False,,Guilty,Moderate,Assignment Grade Penalty,4.0,2027-04-01 04:36:54.671890369
CASE000446,S01050,SUB004919,ASSIGN00261,2027-03-23 07:09:54.855753067,2027-03-22 05:41:03.000000000,Unauthorized File Sharing,AI Detector,High,80.19,False,False,False,False,9.0,Denied,False,,Insufficient Evidence,None,,0.0,2027-04-01 14:09:54.855753067
CASE000447,S00895,SUB004930,ASSIGN00262,2025-11-18 12:44:46.687540742,2025-11-17 05:04:02.297755839,Academic Misconduct,AI Detector,High,76.17,False,True,False,False,,No Response,False,,Pending,None,,0.0,
CASE000448,S00673,SUB004942,ASSIGN00263,2027-02-17 06:18:18.960969719,2027-02-15 10:47:38.983856204,Plagiarism,Peer Report,Medium,33.74,False,True,False,False,9.0,Partial Admission,True,2027-03-04 17:18:18.960969719,Insufficient Evidence,None,,0.0,2027-02-26 17:18:18.960969719
CASE000449,S01064,SUB004944,ASSIGN00263,2027-02-19 13:42:17.699209237,2027-02-19 07:04:42.577248849,Unauthorized Collaboration,Faculty Report,High,66.14,False,True,False,True,1.0,Partial Admission,False,,Insufficient Evidence,None,,0.0,2027-02-20 14:42:17.699209237
CASE000450,S00062,SUB004950,ASSIGN00264,2027-03-26 13:17:48.471559861,2027-03-26 08:38:44.574776584,Plagiarism,AI Detector,Low,66.16,False,True,False,False,23.0,Partial Admission,False,,Insufficient Evidence,None,,0.0,2027-04-18 18:17:48.471559861
CASE000451,S01248,SUB004955,ASSIGN00264,2027-03-27 17:21:54.961856084,2027-03-26 22:17:48.710587585,AI Misuse,Faculty Report,High,61.13,False,False,False,True,10.0,Denied,False,,Not Guilty,None,,0.0,2027-04-06 21:21:54.961856084
CASE000452,S01139,SUB004958,ASSIGN00264,2027-03-26 19:52:46.090615645,2027-03-26 10:27:24.227287157,AI Misuse,AI Detector,Medium,72.12,False,True,False,False,16.0,Denied,False,,Guilty,Severe,Suspension,15.0,2027-04-12 01:52:46.090615645
CASE000453,S00584,SUB004980,ASSIGN00265,2025-11-10 14:11:38.952602181,2025-11-10 12:54:58.511312646,AI Misuse,AI Detector,Medium,77.99,False,False,False,False,7.0,Denied,True,2025-12-08 18:11:38.952602181,Guilty,Severe,Academic Probation,8.0,2025-11-17 18:11:38.952602181
CASE000454,S01352,SUB004982,ASSIGN00266,2026-07-17 18:16:40.674265618,2026-07-17 02:43:12.069221402,AI Misuse,AI Detector,Medium,67.56,False,False,False,False,1.0,No Response,False,,Not Guilty,None,,0.0,2026-07-19 04:16:00.000000000
CASE000455,S00032,SUB004989,ASSIGN00266,2026-07-17 05:29:12.288380169,2026-07-15 19:39:03.283557679,AI Misuse,Automated Monitoring,High,84.36,False,True,False,False,10.0,Denied,True,2026-08-11 12:29:12.288380169,Guilty,Moderate,Academic Probation,8.0,2026-07-27 12:29:12.288380169
CASE000456,S00488,SUB004990,ASSIGN00266,2026-07-18 07:46:00.059190364,2026-07-18 02:21:36.870256409,Unauthorized Collaboration,AI Detector,High,81.87,False,True,False,False,16.0,Denied,False,,Guilty,Moderate,Course Grade Reduction,6.0,2026-08-03 19:46:00.059190364
CASE000457,S00082,SUB004991,ASSIGN00266,2026-07-16 18:16:02.445495038,2026-07-16 13:28:07.087988486,Unauthorized Collaboration,AI Detector,Low,62.3,False,False,False,False,,Denied,False,,Pending,None,,0.0,
CASE000458,S00356,SUB004994,ASSIGN00266,2026-07-19 04:21:07.861354129,2026-07-17 06:43:38.915221824,AI Misuse,Automated Monitoring,Low,44.38,False,False,False,False,30.0,No Response,False,,Dismissed,None,,0.0,2026-08-18 13:21:07.861354129
CASE000459,S00522,SUB005019,ASSIGN00267,2025-10-14 04:52:46.237717763,2025-10-12 16:35:39.383541424,AI Misuse,Similarity Check,High,71.52,False,False,False,False,10.0,Denied,False,,Guilty,Severe,Suspension,15.0,2025-10-24 11:52:46.237717763
CASE000460,S01058,SUB005024,ASSIGN00267,2025-10-13 15:47:07.171427235,2025-10-13 11:45:08.048994516,Plagiarism,Similarity Check,Medium,29.92,False,False,False,False,15.0,Partial Admission,False,,Dismissed,None,,0.0,2025-10-28 21:47:07.171427235
CASE000461,S00077,SUB005031,ASSIGN00267,2025-10-14 16:09:44.758442811,2025-10-12 21:55:36.947849445,Other Integrity Concern,Faculty Report,Low,20.81,False,True,False,True,10.0,Partial Admission,False,,Not Guilty,None,,0.0,2025-10-24 22:09:44.758442811
CASE000462,S00595,SUB005050,ASSIGN00268,2026-02-14 15:14:15.396554810,2026-02-14 03:53:22.197876204,AI Misuse,AI Detector,High,81.65,False,False,False,False,9.0,Denied,False,,Guilty,Warning,Formal Warning,1.0,2026-02-23 23:14:15.396554810
CASE000463,S01108,SUB005071,ASSIGN00269,2025-11-16 20:30:19.326422026,2025-11-16 02:05:24.414670167,Academic Misconduct,Automated Monitoring,Low,45.36,False,False,False,False,14.0,Denied,False,,Dismissed,None,,0.0,2025-11-30 21:30:19.326422026
CASE000464,S00229,SUB005104,ASSIGN00271,2026-10-19 11:34:19.177151661,2026-10-18 13:12:25.848632193,AI Misuse,AI Detector,Medium,73.4,False,True,False,False,5.0,No Response,False,,Dismissed,None,,0.0,2026-10-24 14:34:19.177151661
CASE000465,S00173,SUB005107,ASSIGN00271,2026-10-17 21:23:38.861778082,2026-10-16 11:21:07.361059192,Plagiarism,Faculty Report,Low,33.56,False,False,False,True,,Partial Admission,False,,Pending,None,,0.0,
CASE000466,S01065,SUB005108,ASSIGN00271,2026-10-17 21:11:07.341837264,2026-10-16 12:56:37.377109756,AI Misuse,Similarity Check,Low,30.16,False,False,False,False,11.0,No Response,False,,Dismissed,None,,0.0,2026-10-29 09:11:07.341837264
CASE000467,S01471,SUB005112,ASSIGN00271,2026-10-19 17:19:55.521476073,2026-10-17 17:26:54.349760027,AI Misuse,AI Detector,Low,70.44,False,True,False,False,7.0,Denied,False,,Not Guilty,None,,0.0,2026-10-27 00:19:55.521476073
CASE000468,S00650,SUB005121,ASSIGN00271,2026-10-19 02:16:24.990061560,2026-10-17 04:37:57.055166357,Other Integrity Concern,Faculty Report,High,66.89,False,False,True,True,1.0,Denied,False,,Insufficient Evidence,None,,0.0,2026-10-20 11:16:24.990061560
CASE000469,S00449,SUB005145,ASSIGN00274,2026-03-21 18:48:05.805599665,2026-03-20 22:51:09.687541543,Plagiarism,Faculty Report,Low,66.89,False,False,False,True,8.0,Denied,False,,Dismissed,None,,0.0,2026-03-29 22:48:05.805599665
CASE000470,S00652,SUB005149,ASSIGN00274,2026-03-22 08:19:05.234586861,2026-03-21 12:07:20.676684766,Academic Misconduct,Faculty Report,High,83.87,False,True,False,True,3.0,No Response,False,,Insufficient Evidence,None,,0.0,2026-03-25 11:19:05.234586861
CASE000471,S00468,SUB005153,ASSIGN00275,2025-09-22 11:30:52.167615390,2025-09-21 05:01:04.331679789,AI Misuse,AI Detector,High,76.07,False,True,False,False,7.0,No Response,False,,Guilty,Moderate,Assignment Grade Penalty,4.0,2025-09-29 15:30:52.167615390
CASE000472,S00614,SUB005155,ASSIGN00275,2025-09-22 18:49:42.012316070,2025-09-20 20:54:41.382435979,Unauthorized Collaboration,AI Detector,Medium,61.17,False,False,False,False,7.0,No Response,False,,Guilty,Warning,Formal Warning,1.0,2025-09-29 21:49:42.012316070
CASE000473,S01249,SUB005170,ASSIGN00276,2026-03-28 03:16:55.020689456,2026-03-27 22:41:20.482260211,AI Misuse,AI Detector,Medium,66.2,False,False,False,False,6.0,Denied,True,2026-04-24 05:16:55.020689456,Not Guilty,None,,0.0,2026-04-03 05:16:55.020689456
CASE000474,S01396,SUB005180,ASSIGN00276,2026-03-28 11:04:40.675895684,2026-03-27 16:00:17.051147880,Plagiarism,Faculty Report,Low,21.81,False,False,False,True,7.0,Denied,False,,Insufficient Evidence,None,,0.0,2026-04-04 21:04:40.675895684
CASE000475,S01217,SUB005184,ASSIGN00276,2026-03-31 06:53:45.350124006,2026-03-31 03:16:59.497354859,Other Integrity Concern,AI Detector,Medium,80.98,False,True,False,False,7.0,Partial Admission,False,,Not Guilty,None,,0.0,2026-04-07 16:53:45.350124006
CASE000476,S01122,SUB005189,ASSIGN00277,2025-10-29 17:16:46.644952977,2025-10-29 06:13:35.881737513,AI Misuse,AI Detector,High,75.7,False,True,False,False,11.0,Denied,False,,Not Guilty,None,,0.0,2025-11-09 23:16:46.644952977
CASE000477,S00059,SUB005193,ASSIGN00277,2025-10-29 13:21:15.820730666,2025-10-29 07:50:44.282038488,AI Misuse,Automated Monitoring,High,82.84,False,True,False,False,16.0,Denied,False,,Dismissed,None,,0.0,2025-11-14 22:21:15.820730666
CASE000478,S00944,SUB005194,ASSIGN00277,2025-11-01 17:32:40.202687840,2025-11-01 06:03:24.007044697,Unauthorized Collaboration,Automated Monitoring,Low,24.12,False,False,True,False,9.0,Denied,False,,Dismissed,None,,0.0,2025-11-10 21:32:40.202687840
CASE000479,S00389,SUB005198,ASSIGN00277,2025-10-29 21:47:51.846776363,2025-10-29 17:53:56.221232300,Plagiarism,AI Detector,Medium,62.01,False,False,False,False,,Admitted,True,,Pending,None,,0.0,
CASE000480,S00732,SUB005201,ASSIGN00278,2025-11-12 03:08:23.989572845,2025-11-11 20:26:42.835427827,AI Misuse,AI Detector,Medium,60.45,False,False,False,False,25.0,No Response,False,,Guilty,Moderate,Assignment Grade Penalty,4.0,2025-12-07 12:08:23.989572845
CASE000481,S01259,SUB005212,ASSIGN00278,2025-11-13 10:19:17.176867581,2025-11-11 16:53:41.083378957,Plagiarism,Faculty Report,Low,46.86,False,False,False,True,6.0,Denied,False,,Dismissed,None,,0.0,2025-11-19 21:19:17.176867581
CASE000482,S00716,SUB005216,ASSIGN00279,2026-06-30 23:41:50.141904728,2026-06-30 22:28:33.668209154,AI Misuse,AI Detector,Medium,68.52,False,True,True,False,8.0,Denied,False,,Guilty,Moderate,Assignment Grade Penalty,4.0,2026-07-09 09:41:50.141904728
CASE000483,S00153,SUB005226,ASSIGN00279,2026-06-30 23:31:45.544614918,2026-06-29 15:18:35.855258757,Unauthorized Collaboration,AI Detector,Medium,64.48,False,False,False,False,4.0,Admitted,False,,Insufficient Evidence,None,,0.0,2026-07-05 01:31:45.544614918
CASE000484,S00929,SUB005242,ASSIGN00280,2026-10-09 00:34:38.176342593,2026-10-08 14:51:06.134246913,AI Misuse,Peer Report,Medium,62.89,False,False,False,False,7.0,No Response,False,,Dismissed,None,,0.0,2026-10-16 07:34:38.176342593
CASE000485,S00954,SUB005259,ASSIGN00282,2026-07-28 03:33:50.052798133,2026-07-26 18:53:35.229232377,AI Misuse,AI Detector,High,80.06,False,True,False,False,6.0,Denied,False,,Guilty,Warning,Formal Warning,1.0,2026-08-03 08:33:50.052798133
CASE000486,S01145,SUB005260,ASSIGN00282,2026-07-27 08:45:59.736888305,2026-07-26 07:00:03.742077578,Academic Misconduct,Faculty Report,Low,27.61,False,False,False,True,16.0,Admitted,True,2026-08-26 11:45:59.736888305,Dismissed,None,,0.0,2026-08-12 11:45:59.736888305
CASE000487,S00940,SUB005267,ASSIGN00282,2026-07-29 05:46:43.281871163,2026-07-28 04:48:15.913364655,Plagiarism,Faculty Report,Medium,22.6,False,False,False,True,9.0,Admitted,False,,Guilty,Warning,Formal Warning,1.0,2026-08-07 11:46:43.281871163
CASE000488,S01010,SUB005280,ASSIGN00283,2026-07-17 14:15:16.248645743,2026-07-17 05:54:35.805507607,Academic Misconduct,AI Detector,Low,74.9,False,True,False,False,16.0,No Response,False,,Dismissed,None,,0.0,2026-08-02 18:15:16.248645743
CASE000489,S00120,SUB005281,ASSIGN00283,2026-07-17 05:44:12.935334163,2026-07-16 07:10:30.334950995,AI Misuse,AI Detector,High,81.48,False,False,False,False,3.0,Denied,False,,Guilty,Severe,Academic Probation,8.0,2026-07-20 09:44:12.935334163
CASE000490,S01127,SUB005297,ASSIGN00283,2026-07-19 08:30:08.407925879,2026-07-17 17:32:09.923426953,Unauthorized Collaboration,Faculty Report,Low,40.29,False,False,False,True,17.0,No Response,False,,Insufficient Evidence,None,,0.0,2026-08-05 09:30:08.407925879
CASE000491,S00904,SUB005300,ASSIGN00283,2026-07-19 00:32:41.827213684,2026-07-17 03:55:13.454415775,Academic Misconduct,Peer Report,Medium,42.47,False,False,False,False,18.0,Denied,False,,Dismissed,None,,0.0,2026-08-06 05:32:41.827213684
CASE000492,S00631,SUB005327,ASSIGN00284,2027-03-22 03:28:01.032960185,2027-03-21 13:49:12.977670165,Academic Misconduct,Faculty Report,Medium,74.84,False,True,False,True,17.0,Denied,False,,Dismissed,None,,0.0,2027-04-08 11:28:01.032960185
CASE000493,S01136,SUB005331,ASSIGN00284,2027-03-21 01:29:39.115363232,2027-03-20 20:07:51.377049912,Plagiarism,AI Detector,Low,73.71,False,True,False,False,9.0,Denied,False,,Guilty,Severe,Suspension,15.0,2027-03-30 07:29:39.115363232
CASE000494,S00428,SUB005335,ASSIGN00285,2026-07-19 16:53:16.214729117,2026-07-18 06:25:25.120682778,Unauthorized Collaboration,Faculty Report,Medium,69.3,False,True,False,True,5.0,Denied,False,,Guilty,Warning,Formal Warning,1.0,2026-07-24 20:53:16.214729117
CASE000495,S00375,SUB005395,ASSIGN00289,2025-10-06 17:50:53.944634011,2025-10-05 16:54:24.073420177,Academic Misconduct,Peer Report,Low,37.96,False,False,False,False,4.0,Denied,True,2025-10-31 22:50:53.944634011,Not Guilty,None,,0.0,2025-10-10 22:50:53.944634011
CASE000496,S00438,SUB005397,ASSIGN00289,2025-10-04 17:30:08.374888366,2025-10-04 06:03:10.451846570,Other Integrity Concern,AI Detector,Medium,72.22,False,True,False,False,8.0,No Response,False,,Guilty,Warning,Formal Warning,1.0,2025-10-12 19:30:08.374888366
CASE000497,S00815,SUB005402,ASSIGN00289,2025-10-04 15:08:09.015970268,2025-10-03 13:29:20.574920632,AI Misuse,Peer Report,Low,16.88,False,False,False,False,11.0,Denied,False,,Dismissed,None,,0.0,2025-10-15 16:08:09.015970268
CASE000498,S00065,SUB005408,ASSIGN00289,2025-10-05 22:53:10.756582271,2025-10-04 06:43:01.625725731,Unauthorized Collaboration,Faculty Report,Low,73.87,False,True,False,True,6.0,No Response,False,,Dismissed,None,,0.0,2025-10-12 03:53:10.756582271
CASE000499,S00029,SUB005413,ASSIGN00289,2025-10-05 15:30:42.838346912,2025-10-03 23:28:35.159897807,AI Misuse,AI Detector,Low,72.92,False,False,False,False,9.0,Denied,False,,Dismissed,None,,0.0,2025-10-15 00:30:42.838346912
CASE000500,S00898,SUB005426,ASSIGN00290,2026-07-12 04:44:30.135400725,2026-07-10 11:13:54.085836741,Plagiarism,AI Detector,High,66.1,False,True,False,False,10.0,Denied,True,2026-08-12 16:44:30.135400725,Guilty,Moderate,Assignment Grade Penalty,4.0,2026-07-22 16:44:30.135400725
CASE000501,S00065,SUB005435,ASSIGN00291,2026-11-13 19:10:15.577596189,2026-11-12 23:14:42.462062852,AI Misuse,AI Detector,Medium,60.61,False,True,False,False,6.0,Admitted,False,,Insufficient Evidence,None,,0.0,2026-11-19 23:10:15.577596189
CASE000502,S00627,SUB005445,ASSIGN00291,2026-11-14 08:02:58.028862289,2026-11-12 14:17:38.667783917,Unauthorized File Sharing,AI Detector,High,80.42,False,True,False,False,10.0,Denied,False,,Dismissed,None,,0.0,2026-11-24 13:02:58.028862289
CASE000503,S00220,SUB005451,ASSIGN00292,2026-04-05 22:20:00.170213120,2026-04-05 10:41:13.670559595,Academic Misconduct,AI Detector,Low,70.48,True,True,False,False,23.0,Partial Admission,True,2026-05-03 05:20:00.170213120,Insufficient Evidence,None,,0.0,2026-04-29 05:20:00.170213120
CASE000504,S01248,SUB005454,ASSIGN00292,2026-04-07 20:50:09.917176705,2026-04-06 18:28:57.361228199,AI Misuse,AI Detector,Low,56.03,False,False,False,False,4.0,Denied,True,2026-04-18 04:50:09.917176705,Guilty,Warning,Formal Warning,1.0,2026-04-12 04:50:09.917176705
CASE000505,S00856,SUB005457,ASSIGN00292,2026-04-06 04:55:09.118163861,2026-04-05 15:04:20.652156767,Plagiarism,AI Detector,Medium,78.52,False,True,False,False,16.0,Denied,True,2026-04-28 14:55:09.118163861,Guilty,Moderate,Course Grade Reduction,6.0,2026-04-22 14:55:09.118163861
CASE000506,S01022,SUB005460,ASSIGN00292,2026-04-07 22:29:23.563151615,2026-04-06 15:13:52.942034244,Unauthorized Collaboration,Similarity Check,Medium,24.56,False,False,False,False,,Denied,False,,Pending,None,,0.0,
CASE000507,S00289,SUB005468,ASSIGN00293,2027-03-12 05:48:21.421934149,2027-03-11 09:19:50.197880959,AI Misuse,AI Detector,Medium,60.57,False,False,False,False,5.0,No Response,False,,Not Guilty,None,,0.0,2027-03-17 14:48:21.421934149
CASE000508,S00085,SUB005481,ASSIGN00293,2027-03-10 22:54:30.743286760,2027-03-10 01:21:14.595152266,Academic Misconduct,Plagiarism Screening,Low,53.71,True,True,False,False,5.0,Denied,False,,Dismissed,None,,0.0,2027-03-16 08:54:30.743286760
CASE000509,S00621,SUB005495,ASSIGN00294,2026-02-22 15:45:02.093810304,2026-02-21 23:43:11.267518942,AI Misuse,Faculty Report,Medium,65.42,False,False,False,True,8.0,Partial Admission,False,,Insufficient Evidence,None,,0.0,2026-03-02 19:45:02.093810304
CASE000510,S01100,SUB005501,ASSIGN00295,2026-07-23 23:48:13.197257821,2026-07-22 06:16:04.870616917,AI Misuse,AI Detector,Medium,66.03,False,True,False,False,14.0,Denied,False,,Dismissed,None,,0.0,2026-08-07 08:48:13.197257821
CASE000511,S01097,SUB005526,ASSIGN00296,2026-07-13 11:34:12.250738393,2026-07-11 12:43:02.942950483,Plagiarism,AI Detector,High,82.18,True,False,False,False,2.0,Denied,False,,Guilty,Moderate,Course Grade Reduction,6.0,2026-07-15 17:34:12.250738393
CASE000512,S01184,SUB005533,ASSIGN00297,2027-03-10 22:52:48.480620278,2027-03-09 04:33:19.233314488,Plagiarism,AI Detector,High,70.31,False,True,False,False,12.0,No Response,True,2027-03-28 06:52:48.480620278,Dismissed,None,,0.0,2027-03-23 06:52:48.480620278
CASE000513,S00761,SUB005541,ASSIGN00297,2027-03-09 18:10:10.610709657,2027-03-08 11:06:39.959286169,Plagiarism,Automated Monitoring,Medium,64.73,False,True,False,False,10.0,Partial Admission,False,,Guilty,Warning,Formal Warning,1.0,2027-03-20 01:10:10.610709657
CASE000514,S00533,SUB005545,ASSIGN00297,2027-03-10 08:12:08.258086185,2027-03-09 21:23:40.310317921,Academic Misconduct,AI Detector,High,55.75,False,True,False,False,9.0,Denied,True,2027-03-27 10:12:08.258086185,Guilty,Warning,Formal Warning,1.0,2027-03-19 10:12:08.258086185
CASE000515,S00400,SUB005575,ASSIGN00298,2025-11-10 02:39:46.424782970,2025-11-09 07:20:35.607483147,Unauthorized File Sharing,AI Detector,Medium,68.28,False,True,False,False,8.0,Partial Admission,False,,Insufficient Evidence,None,,0.0,2025-11-18 07:39:46.424782970
CASE000516,S01098,SUB005582,ASSIGN00299,2026-03-08 10:11:17.243619780,2026-03-06 15:51:58.647333183,AI Misuse,AI Detector,High,80.09,True,True,False,False,9.0,Denied,False,,Dismissed,None,,0.0,2026-03-17 15:11:17.243619780
CASE000517,S01473,SUB005584,ASSIGN00299,2026-03-07 09:55:00.000000000,2026-03-07 04:42:41.767301113,Unauthorized Collaboration,Similarity Check,High,63.86,False,False,False,False,9.0,Admitted,False,,Guilty,Moderate,Course Grade Reduction,6.0,2026-03-16 15:55:41.035489862
CASE000518,S00155,SUB005605,ASSIGN00300,2026-04-18 16:04:46.016449903,2026-04-18 08:52:29.013932506,Plagiarism,AI Detector,High,80.83,False,True,False,False,1.0,Denied,True,2026-04-30 18:04:46.016449903,Guilty,Moderate,Course Grade Reduction,6.0,2026-04-19 18:04:46.016449903
CASE000519,S00530,SUB005611,ASSIGN00301,2026-10-22 09:54:02.966187944,2026-10-20 18:52:13.369378259,Plagiarism,Faculty Report,High,67.45,False,True,False,True,5.0,Denied,False,,Dismissed,None,,0.0,2026-10-27 18:54:02.966187944
CASE000520,S00235,SUB005613,ASSIGN00301,2026-10-22 00:19:18.077717528,2026-10-21 08:13:18.519365018,AI Misuse,AI Detector,Medium,64.52,False,True,False,False,4.0,Partial Admission,True,2026-11-09 05:19:18.077717528,Guilty,Warning,Formal Warning,1.0,2026-10-26 05:19:18.077717528
CASE000521,S01114,SUB005623,ASSIGN00302,2026-11-05 05:22:07.531116685,2026-11-04 06:19:41.730313254,AI Misuse,AI Detector,High,87.61,False,True,True,False,3.0,Denied,False,,Insufficient Evidence,None,,0.0,2026-11-08 17:22:07.531116685
CASE000522,S00641,SUB005629,ASSIGN00302,2026-11-04 11:57:07.148217960,2026-11-03 17:24:06.616893222,Academic Misconduct,Automated Monitoring,Medium,71.81,False,True,False,False,5.0,Denied,False,,Insufficient Evidence,None,,0.0,2026-11-09 13:57:07.148217960
CASE000523,S01363,SUB005630,ASSIGN00302,2026-11-04 02:57:50.590431839,2026-11-03 14:03:58.356382209,Unauthorized Collaboration,AI Detector,Low,49.51,False,False,False,False,6.0,No Response,False,,Not Guilty,None,,0.0,2026-11-10 08:57:50.590431839
CASE000524,S00264,SUB005662,ASSIGN00304,2026-11-10 08:15:05.036955659,2026-11-08 10:09:34.370811583,AI Misuse,Faculty Report,Medium,68.36,False,False,False,True,15.0,Partial Admission,False,,Dismissed,None,,0.0,2026-11-25 17:15:05.036955659
CASE000525,S00809,SUB005663,ASSIGN00304,2026-11-08 14:19:12.519714468,2026-11-08 06:55:00.000000000,Academic Misconduct,Faculty Report,Medium,49.37,False,True,False,True,,Denied,False,,Pending,None,,0.0,
CASE000526,S00088,SUB005672,ASSIGN00304,2026-11-08 00:15:15.570502302,2026-11-07 05:48:10.563740772,AI Misuse,AI Detector,High,61.82,False,False,False,False,3.0,Denied,False,,Not Guilty,None,,0.0,2026-11-11 04:15:15.570502302
CASE000527,S01081,SUB005685,ASSIGN00305,2027-03-06 22:47:34.776618871,2027-03-06 11:18:48.397200445,Academic Misconduct,Similarity Check,Medium,73.06,False,False,False,False,5.0,Admitted,False,,Guilty,Severe,Academic Probation,8.0,2027-03-12 03:47:34.776618871
CASE000528,S00235,SUB005691,ASSIGN00305,2027-03-07 20:19:12.913181682,2027-03-06 00:12:06.593057937,AI Misuse,Automated Monitoring,Low,43.94,True,True,False,False,6.0,Partial Admission,False,,Not Guilty,None,,0.0,2027-03-13 22:19:12.913181682
CASE000529,S01294,SUB005695,ASSIGN00305,2027-03-06 11:35:22.475399698,2027-03-04 15:41:21.015471391,Plagiarism,Faculty Report,Medium,72.1,False,True,False,True,15.0,Denied,False,,Not Guilty,None,,0.0,2027-03-21 20:35:22.475399698
CASE000530,S00059,SUB005704,ASSIGN00306,2025-11-07 10:54:24.501093505,2025-11-06 21:45:09.000151167,Academic Misconduct,AI Detector,Medium,67.34,False,False,False,False,7.0,Denied,False,,Insufficient Evidence,None,,0.0,2025-11-14 14:54:24.501093505
CASE000531,S01059,SUB005708,ASSIGN00306,2025-11-08 20:10:56.357968313,2025-11-07 13:21:07.869119506,AI Misuse,Faculty Report,Low,25.83,False,True,False,True,15.0,No Response,False,,Insufficient Evidence,None,,0.0,2025-11-23 23:10:56.357968313
CASE000532,S00152,SUB005717,ASSIGN00307,2026-11-01 04:50:31.660051370,2026-11-01 02:24:14.752836055,Unauthorized File Sharing,Faculty Report,High,80.11,False,True,False,True,6.0,Admitted,False,,Guilty,Moderate,Assignment Grade Penalty,4.0,2026-11-07 11:50:31.660051370
CASE000533,S00647,SUB005724,ASSIGN00307,2026-11-04 00:51:02.423418822,2026-11-02 02:24:34.400651098,AI Misuse,Faculty Report,Medium,78.87,False,True,False,True,6.0,No Response,False,,Insufficient Evidence,None,,0.0,2026-11-10 07:51:02.423418822
CASE000534,S01476,SUB005729,ASSIGN00307,2026-11-05 20:39:46.516266903,2026-11-04 17:01:32.107243148,Plagiarism,AI Detector,High,90.76,False,True,False,False,,Admitted,False,,Pending,None,,0.0,
CASE000535,S01366,SUB005735,ASSIGN00307,2026-11-02 22:21:11.231468319,2026-11-01 16:04:08.561639231,Plagiarism,AI Detector,Medium,60.15,False,False,False,False,13.0,Partial Admission,False,,Not Guilty,None,,0.0,2026-11-16 00:21:11.231468319
CASE000536,S01484,SUB005744,ASSIGN00308,2026-03-24 01:35:20.953482893,2026-03-23 08:50:45.701788332,Unauthorized Collaboration,AI Detector,Medium,73.7,False,False,False,False,6.0,Denied,False,,Guilty,Warning,Formal Warning,1.0,2026-03-30 07:35:20.953482893
CASE000537,S00907,SUB005745,ASSIGN00308,2026-03-24 11:13:05.765439467,2026-03-22 22:25:29.713783168,Academic Misconduct,Faculty Report,Low,33.59,False,False,False,True,4.0,Partial Admission,False,,Dismissed,None,,0.0,2026-03-28 19:13:05.765439467
CASE000538,S00028,SUB005747,ASSIGN00308,2026-03-23 19:18:18.531610412,2026-03-22 21:59:02.394627434,Academic Misconduct,Faculty Report,Low,19.36,False,False,False,True,12.0,Denied,False,,Dismissed,None,,0.0,2026-04-04 21:18:18.531610412
CASE000539,S01492,SUB005751,ASSIGN00308,2026-03-24 22:36:00.215604696,2026-03-23 12:30:10.759592914,AI Misuse,AI Detector,Medium,73.26,False,True,False,False,9.0,Denied,False,,Insufficient Evidence,None,,0.0,2026-04-03 03:36:00.215604696
CASE000540,S01487,SUB005755,ASSIGN00308,2026-03-25 12:43:15.894379391,2026-03-23 14:02:42.898426161,Unauthorized Collaboration,Faculty Report,Medium,24.79,False,False,False,True,6.0,Admitted,False,,Dismissed,None,,0.0,2026-03-31 19:43:15.894379391
CASE000541,S00443,SUB005769,ASSIGN00309,2026-03-27 15:20:19.259960853,2026-03-27 00:34:40.654679540,AI Misuse,Faculty Report,Medium,54.69,False,True,False,True,1.0,Denied,False,,Not Guilty,None,,0.0,2026-03-28 16:20:19.259960853
CASE000542,S00413,SUB005774,ASSIGN00309,2026-03-28 05:46:43.660915651,2026-03-26 07:16:00.862227194,Plagiarism,AI Detector,Low,73.47,False,False,False,False,20.0,Denied,False,,Guilty,Severe,Academic Probation,8.0,2026-04-17 16:46:43.660915651
CASE000543,S01171,SUB005777,ASSIGN00309,2026-03-26 18:26:49.516715419,2026-03-26 06:50:03.186092443,AI Misuse,Faculty Report,Low,32.35,False,False,False,True,2.0,Denied,False,,Guilty,Warning,Formal Warning,1.0,2026-03-29 01:26:49.516715419
CASE000544,S00793,SUB005799,ASSIGN00311,2026-10-16 02:37:49.811036904,2026-10-14 17:22:57.542090796,AI Misuse,Automated Monitoring,High,89.62,False,True,True,False,6.0,Partial Admission,False,,Guilty,Moderate,Academic Probation,8.0,2026-10-22 03:37:49.811036904
CASE000545,S00488,SUB005800,ASSIGN00311,2026-10-16 01:46:21.124656599,2026-10-15 16:15:39.276241747,AI Misuse,Faculty Report,Medium,57.81,False,True,False,True,11.0,No Response,False,,Not Guilty,None,,0.0,2026-10-27 06:46:21.124656599
CASE000546,S01386,SUB005802,ASSIGN00311,2026-10-16 09:53:01.632709869,2026-10-15 00:24:31.221389238,AI Misuse,Faculty Report,High,75.34,False,True,False,True,1.0,No Response,False,,Insufficient Evidence,None,,0.0,2026-10-17 13:53:01.632709869
CASE000547,S01089,SUB005834,ASSIGN00312,2026-10-16 07:47:19.388362418,2026-10-14 12:15:47.157039266,Academic Misconduct,Faculty Report,High,55.8,False,False,False,True,2.0,Denied,False,,Insufficient Evidence,None,,0.0,2026-10-18 08:47:19.388362418
CASE000548,S00770,SUB005851,ASSIGN00313,2026-09-28 09:59:00.162394517,2026-09-26 17:27:50.113908585,Plagiarism,Automated Monitoring,High,56.67,False,False,False,False,3.0,Denied,True,2026-10-16 15:59:00.162394517,Guilty,Warning,Formal Warning,1.0,2026-10-01 15:59:00.162394517
CASE000549,S01390,SUB005852,ASSIGN00313,2026-09-24 10:31:20.333902438,2026-09-24 06:59:22.596048681,Plagiarism,Similarity Check,Low,39.11,False,True,False,False,16.0,Denied,False,,Dismissed,None,,0.0,2026-10-10 21:31:20.333902438
CASE000550,S01179,SUB005887,ASSIGN00316,2027-02-03 20:36:08.420092597,2027-02-03 07:46:13.285578411,Other Integrity Concern,Faculty Report,Low,31.81,False,True,False,True,1.0,Denied,False,,Dismissed,None,,0.0,2027-02-05 07:36:08.420092597
CASE000551,S01391,SUB005932,ASSIGN00318,2025-10-10 18:24:51.533223241,2025-10-10 03:38:15.478543175,Academic Misconduct,AI Detector,High,79.64,False,True,False,False,10.0,No Response,False,,Insufficient Evidence,None,,0.0,2025-10-21 05:24:51.533223241
CASE000552,S01106,SUB005945,ASSIGN00319,2026-03-15 16:32:51.127502527,2026-03-14 01:54:35.187163615,AI Misuse,AI Detector,Low,67.77,False,False,False,False,,Admitted,False,,Pending,None,,0.0,
CASE000553,S00102,SUB005973,ASSIGN00321,2026-02-22 15:25:50.466338118,2026-02-21 15:19:10.120390387,AI Misuse,AI Detector,Low,66.6,False,True,True,False,5.0,Admitted,False,,Insufficient Evidence,None,,0.0,2026-02-27 18:25:50.466338118
CASE000554,S00034,SUB005979,ASSIGN00321,2026-02-22 11:23:33.194767793,2026-02-21 15:03:23.296230807,AI Misuse,AI Detector,Medium,61.19,False,True,False,False,7.0,Denied,False,,Insufficient Evidence,None,,0.0,2026-03-01 18:23:33.194767793
CASE000555,S01353,SUB005996,ASSIGN00322,2025-11-12 21:13:09.867533901,2025-11-11 22:35:45.531445114,AI Misuse,Automated Monitoring,Medium,36.77,False,False,False,False,20.0,No Response,False,,Dismissed,None,,0.0,2025-12-03 03:13:09.867533901
CASE000556,S00824,SUB006005,ASSIGN00323,2027-02-03 01:17:55.458770452,2027-02-01 04:51:20.897028234,Plagiarism,Similarity Check,Low,33.95,False,True,True,False,8.0,Partial Admission,False,,Dismissed,None,,0.0,2027-02-11 06:17:55.458770452
CASE000557,S00942,SUB006011,ASSIGN00324,2026-07-08 17:06:20.977600237,2026-07-06 23:34:41.810361028,Other Integrity Concern,Similarity Check,Low,34.6,False,False,False,False,14.0,Denied,False,,Dismissed,None,,0.0,2026-07-22 18:06:20.977600237
CASE000558,S01126,SUB006030,ASSIGN00324,2026-07-07 20:54:45.442258967,2026-07-07 02:44:11.000000000,Plagiarism,Faculty Report,High,84.9,False,True,False,True,15.0,No Response,False,,Guilty,Moderate,Course Grade Reduction,6.0,2026-07-23 07:54:45.442258967
CASE000559,S00684,SUB006053,ASSIGN00326,2026-04-24 04:20:49.993035861,2026-04-22 16:45:00.945065857,AI Misuse,AI Detector,Medium,66.13,False,False,False,False,3.0,Admitted,False,,Dismissed,None,,0.0,2026-04-27 15:20:49.993035861
CASE000560,S00074,SUB006066,ASSIGN00326,2026-04-21 19:23:00.129005765,2026-04-21 18:09:32.828701854,Academic Misconduct,AI Detector,High,73.07,False,False,False,False,10.0,Admitted,False,,Guilty,Warning,Formal Warning,1.0,2026-05-01 20:23:00.129005765
CASE000561,S00166,SUB006072,ASSIGN00327,2026-10-10 23:36:04.705134921,2026-10-10 17:18:42.406401941,Unauthorized Collaboration,Automated Monitoring,Low,36.33,False,False,False,False,12.0,Partial Admission,True,2026-10-28 08:36:04.705134921,Insufficient Evidence,None,,0.0,2026-10-23 08:36:04.705134921
CASE000562,S00797,SUB006073,ASSIGN00327,2026-10-12 13:25:18.827014084,2026-10-11 18:15:08.183952957,AI Misuse,AI Detector,Medium,59.71,False,True,False,False,4.0,Partial Admission,False,,Dismissed,None,,0.0,2026-10-16 14:25:18.827014084
CASE000563,S01254,SUB006080,ASSIGN00327,2026-10-11 12:59:38.688186557,2026-10-10 19:59:43.525582116,Unauthorized Collaboration,AI Detector,Medium,68.05,False,True,False,False,25.0,Admitted,False,,Insufficient Evidence,None,,0.0,2026-11-05 19:59:38.688186557
CASE000564,S00725,SUB006091,ASSIGN00327,2026-10-11 04:37:28.508307652,2026-10-10 11:20:23.995287570,AI Misuse,AI Detector,Low,72.33,False,True,False,False,20.0,Denied,False,,Dismissed,None,,0.0,2026-10-31 10:37:28.508307652
CASE000565,S00975,SUB006093,ASSIGN00328,2026-03-03 03:46:26.210106389,2026-03-01 08:25:59.124587959,Academic Misconduct,Peer Report,Low,36.64,False,False,True,False,5.0,Admitted,False,,Dismissed,None,,0.0,2026-03-08 08:46:26.210106389
CASE000566,S00618,SUB006102,ASSIGN00328,2026-03-04 22:08:15.577524911,2026-03-03 06:08:58.047878215,Plagiarism,AI Detector,Low,68.26,False,True,False,False,5.0,Partial Admission,False,,Dismissed,None,,0.0,2026-03-10 10:08:15.577524911
CASE000567,S00944,SUB006104,ASSIGN00328,2026-03-01 21:36:42.101859524,2026-03-01 13:54:42.274344380,Plagiarism,Faculty Report,Low,29.02,False,False,False,True,5.0,Admitted,False,,Not Guilty,None,,0.0,2026-03-06 23:36:42.101859524
CASE000568,S00524,SUB006115,ASSIGN00329,2027-02-22 06:33:59.256933383,2027-02-21 23:06:16.358638604,Other Integrity Concern,Faculty Report,Low,18.18,False,False,False,True,12.0,Denied,False,,Dismissed,None,,0.0,2027-03-06 13:33:59.256933383
CASE000569,S00240,SUB006117,ASSIGN00329,2027-02-22 17:46:19.151235071,2027-02-21 01:23:35.777399105,Plagiarism,Peer Report,Low,71.81,False,False,False,False,14.0,Partial Admission,False,,Guilty,Severe,Suspension,15.0,2027-03-09 00:46:19.151235071
CASE000570,S00122,SUB006129,ASSIGN00329,2027-02-22 01:46:00.933761193,2027-02-21 21:10:08.728979356,Academic Misconduct,Faculty Report,High,77.85,True,False,False,True,,Denied,False,,Pending,None,,0.0,
CASE000571,S01166,SUB006142,ASSIGN00330,2026-09-14 18:20:13.785497562,2026-09-13 01:14:40.410811946,Plagiarism,Faculty Report,Low,26.28,False,False,False,True,8.0,Admitted,False,,Insufficient Evidence,None,,0.0,2026-09-23 01:20:13.785497562
CASE000572,S00180,SUB006150,ASSIGN00331,2026-07-25 02:46:31.661112712,2026-07-23 07:55:24.155663813,Unauthorized Collaboration,Peer Report,Low,36.28,False,False,False,False,5.0,Denied,False,,Guilty,Warning,Formal Warning,1.0,2026-07-30 07:46:31.661112712
CASE000573,S00113,SUB006154,ASSIGN00331,2026-07-24 10:15:18.634608586,2026-07-23 06:36:14.371022879,Plagiarism,Similarity Check,High,81.53,False,False,False,False,5.0,No Response,True,2026-08-14 21:15:18.634608586,Insufficient Evidence,None,,0.0,2026-07-29 21:15:18.634608586
CASE000574,S00639,SUB006158,ASSIGN00332,2025-10-20 06:44:12.966086462,2025-10-18 22:12:14.139763020,Unauthorized Collaboration,AI Detector,Medium,69.75,False,True,True,False,4.0,No Response,True,2025-11-05 14:44:12.966086462,Insufficient Evidence,None,,0.0,2025-10-24 14:44:12.966086462
CASE000575,S00762,SUB006162,ASSIGN00332,2025-10-19 12:27:29.846364577,2025-10-17 17:04:43.721018397,Academic Misconduct,AI Detector,Medium,73.7,False,True,False,False,12.0,No Response,False,,Insufficient Evidence,None,,0.0,2025-10-31 19:27:29.846364577
CASE000576,S00593,SUB006165,ASSIGN00332,2025-10-18 15:09:41.892873449,2025-10-17 23:51:37.229177050,AI Misuse,AI Detector,High,72.71,False,True,False,False,3.0,No Response,False,,Not Guilty,None,,0.0,2025-10-21 16:09:41.892873449
CASE000577,S00786,SUB006167,ASSIGN00332,2025-10-19 16:56:36.785481788,2025-10-18 16:42:11.933123670,Unauthorized File Sharing,Similarity Check,Low,20.0,False,False,True,False,12.0,Denied,False,,Guilty,Warning,Formal Warning,1.0,2025-10-31 17:56:36.785481788
CASE000578,S00886,SUB006178,ASSIGN00333,2026-10-21 17:42:55.332387555,2026-10-21 13:58:00.000000000,AI Misuse,AI Detector,Medium,71.39,False,True,False,False,4.0,Denied,False,,Insufficient Evidence,None,,0.0,2026-10-26 01:42:55.332387555
CASE000579,S01007,SUB006180,ASSIGN00333,2026-10-21 20:59:09.030371106,2026-10-20 21:05:34.301362355,AI Misuse,Similarity Check,Medium,50.15,False,False,False,False,9.0,Admitted,False,,Insufficient Evidence,None,,0.0,2026-10-31 06:59:09.030371106
CASE000580,S00482,SUB006189,ASSIGN00334,2027-02-05 22:51:00.707813613,2027-02-04 01:44:56.880270715,AI Misuse,AI Detector,Medium,76.6,False,False,False,False,3.0,No Response,False,,Dismissed,None,,0.0,2027-02-09 07:51:00.707813613
CASE000581,S00062,SUB006190,ASSIGN00334,2027-02-04 15:53:02.508945812,2027-02-03 15:16:35.780759855,AI Misuse,AI Detector,High,81.88,False,True,False,False,30.0,Denied,False,,Guilty,Severe,Academic Probation,8.0,2027-03-06 22:53:02.508945812
CASE000582,S01469,SUB006196,ASSIGN00334,2027-02-04 22:24:19.675972081,2027-02-03 14:04:02.335692474,Unauthorized Collaboration,AI Detector,Medium,57.02,False,False,False,False,4.0,Denied,False,,Dismissed,None,,0.0,2027-02-09 01:24:19.675972081
CASE000583,S00036,SUB006212,ASSIGN00335,2026-04-03 14:27:55.769821996,2026-04-01 22:05:55.009048644,Plagiarism,Faculty Report,Medium,36.25,False,False,False,True,6.0,Partial Admission,False,,Not Guilty,None,,0.0,2026-04-09 16:27:55.769821996
CASE000584,S00168,SUB006218,ASSIGN00335,2026-04-02 17:32:38.816385287,2026-04-01 16:45:56.005107183,Plagiarism,Peer Report,High,60.69,False,True,True,False,7.0,Admitted,False,,Guilty,Warning,Formal Warning,1.0,2026-04-10 05:32:38.816385287
CASE000585,S00650,SUB006222,ASSIGN00335,2026-04-03 15:30:31.993406546,2026-04-02 06:22:34.659949225,AI Misuse,Peer Report,Medium,39.58,False,False,True,False,,Denied,False,,Pending,None,,0.0,
CASE000586,S00155,SUB006225,ASSIGN00335,2026-04-03 18:51:23.200764896,2026-04-01 23:03:36.195876137,Academic Misconduct,AI Detector,Medium,65.28,True,True,False,False,,No Response,False,,Pending,None,,0.0,
CASE000587,S01276,SUB006254,ASSIGN00336,2025-10-25 12:14:15.352221384,2025-10-24 17:11:40.746806085,Academic Misconduct,Automated Monitoring,High,66.27,False,True,False,False,11.0,Admitted,False,,Dismissed,None,,0.0,2025-11-06 00:14:15.352221384
CASE000588,S00827,SUB006259,ASSIGN00337,2026-07-01 19:30:07.308854247,2026-06-30 07:35:05.053426972,AI Misuse,Faculty Report,Low,28.95,False,False,False,True,5.0,No Response,True,2026-07-22 07:30:07.308854247,Insufficient Evidence,None,,0.0,2026-07-07 07:30:07.308854247
CASE000589,S00125,SUB006265,ASSIGN00337,2026-06-29 05:01:53.623410464,2026-06-28 10:54:17.119630044,Plagiarism,Faculty Report,Medium,25.49,False,False,False,True,15.0,Partial Admission,False,,Not Guilty,None,,0.0,2026-07-14 09:01:53.623410464
CASE000590,S00069,SUB006270,ASSIGN00337,2026-06-29 15:41:00.000000000,2026-06-28 15:39:01.991871089,Plagiarism,AI Detector,Low,58.52,False,False,False,False,3.0,Denied,False,,Guilty,Warning,Formal Warning,1.0,2026-07-03 00:41:25.260405632
CASE000591,S01296,SUB006272,ASSIGN00337,2026-07-01 00:23:58.177717498,2026-06-29 01:50:29.609108954,Plagiarism,AI Detector,Medium,64.78,False,True,False,False,23.0,No Response,True,2026-08-08 04:23:58.177717498,Dismissed,None,,0.0,2026-07-24 04:23:58.177717498
CASE000592,S01283,SUB006273,ASSIGN00337,2026-06-29 13:53:51.041542360,2026-06-28 18:11:53.204419319,Plagiarism,AI Detector,Medium,67.76,False,True,False,False,7.0,Denied,False,,Guilty,Moderate,Course Grade Reduction,6.0,2026-07-06 22:53:51.041542360
CASE000593,S00417,SUB006279,ASSIGN00337,2026-06-30 23:17:04.023880773,2026-06-29 18:16:44.421536132,Unauthorized File Sharing,Faculty Report,High,79.53,False,True,False,True,8.0,Partial Admission,False,,Guilty,Severe,Academic Probation,8.0,2026-07-09 04:17:04.023880773
CASE000594,S00610,SUB006299,ASSIGN00338,2026-03-23 06:36:31.725168306,2026-03-22 16:01:44.878911235,Unauthorized Collaboration,Similarity Check,High,75.93,False,True,False,False,,No Response,False,,Pending,None,,0.0,
CASE000595,S00997,SUB006301,ASSIGN00338,2026-03-22 17:32:15.439675496,2026-03-22 11:36:58.751407833,Plagiarism,Faculty Report,Low,34.78,False,False,False,True,15.0,No Response,True,2026-04-22 23:32:15.439675496,Guilty,Moderate,Assignment Grade Penalty,4.0,2026-04-06 23:32:15.439675496
CASE000596,S00496,SUB006330,ASSIGN00340,2025-10-04 18:09:41.175018786,2025-10-03 10:04:29.427532401,AI Misuse,AI Detector,Medium,69.95,False,False,False,False,6.0,Denied,False,,Dismissed,None,,0.0,2025-10-10 23:09:41.175018786
CASE000597,S00178,SUB006349,ASSIGN00341,2026-10-21 13:35:26.816153943,2026-10-20 17:36:19.653497270,AI Misuse,Similarity Check,Low,25.88,False,False,True,False,11.0,Denied,False,,Dismissed,None,,0.0,2026-11-01 20:35:26.816153943
CASE000598,S01114,SUB006351,ASSIGN00341,2026-10-22 12:51:52.807519293,2026-10-20 22:47:50.280382848,Plagiarism,AI Detector,Medium,72.7,False,True,False,False,15.0,No Response,False,,Not Guilty,None,,0.0,2026-11-06 21:51:52.807519293
CASE000599,S00087,SUB006353,ASSIGN00341,2026-10-21 06:57:13.258220938,2026-10-20 08:25:32.172649465,Unauthorized Collaboration,Similarity Check,Low,41.17,False,False,False,False,6.0,Denied,False,,Guilty,Moderate,Academic Probation,8.0,2026-10-27 11:57:13.258220938
CASE000600,S01336,SUB006360,ASSIGN00342,2026-10-20 11:31:04.086898784,2026-10-19 19:28:42.290376110,Plagiarism,AI Detector,Medium,70.17,False,False,False,False,19.0,Denied,False,,Not Guilty,None,,0.0,2026-11-08 18:31:04.086898784
CASE000601,S00350,SUB006384,ASSIGN00343,2026-02-21 07:01:10.590126759,2026-02-19 15:32:38.201699283,Unauthorized File Sharing,AI Detector,Medium,69.14,False,False,False,False,9.0,Denied,False,,Not Guilty,None,,0.0,2026-03-02 10:01:10.590126759
CASE000602,S00660,SUB006390,ASSIGN00343,2026-02-20 13:35:47.637624239,2026-02-18 13:53:44.851484498,AI Misuse,AI Detector,Medium,69.02,False,True,False,False,,Denied,False,,Pending,None,,0.0,
CASE000603,S00174,SUB006409,ASSIGN00343,2026-02-21 21:34:32.112595335,2026-02-20 21:07:51.150418108,AI Misuse,Automated Monitoring,High,78.76,False,True,True,False,8.0,Denied,False,,Guilty,Moderate,Academic Probation,8.0,2026-03-02 07:34:32.112595335
CASE000604,S01433,SUB006416,ASSIGN00344,2025-09-23 00:48:38.777085988,2025-09-21 13:15:32.329432886,Plagiarism,AI Detector,Medium,70.63,False,True,False,False,8.0,Denied,False,,Dismissed,None,,0.0,2025-10-01 02:48:38.777085988
CASE000605,S00787,SUB006434,ASSIGN00345,2025-11-24 13:36:29.992700532,2025-11-24 04:27:45.512190222,AI Misuse,AI Detector,Medium,52.49,False,True,False,False,8.0,No Response,False,,Dismissed,None,,0.0,2025-12-02 18:36:29.992700532
CASE000606,S00126,SUB006452,ASSIGN00346,2026-04-18 02:04:42.008493664,2026-04-17 09:17:57.000000000,Plagiarism,Automated Monitoring,Low,38.11,False,True,True,False,24.0,Partial Admission,False,,Dismissed,None,,0.0,2026-05-12 07:04:42.008493664
CASE000607,S00894,SUB006456,ASSIGN00346,2026-04-17 06:19:58.959275732,2026-04-16 00:59:20.258990151,AI Misuse,AI Detector,Medium,70.61,False,True,False,False,7.0,Denied,False,,Not Guilty,None,,0.0,2026-04-24 09:19:58.959275732
CASE000608,S00058,SUB006458,ASSIGN00346,2026-04-18 21:57:49.998804955,2026-04-17 10:13:38.530272108,AI Misuse,AI Detector,Low,64.22,False,False,False,False,12.0,Denied,True,2026-05-15 05:57:49.998804955,Guilty,Warning,Formal Warning,1.0,2026-05-01 05:57:49.998804955
CASE000609,S00710,SUB006470,ASSIGN00347,2027-04-06 13:00:07.746865159,2027-04-05 04:21:25.502843344,Unauthorized File Sharing,Automated Monitoring,Medium,73.86,False,True,False,False,9.0,Partial Admission,False,,Insufficient Evidence,None,,0.0,2027-04-16 01:00:07.746865159
CASE000610,S00913,SUB006481,ASSIGN00347,2027-04-05 23:51:04.782758975,2027-04-04 15:25:30.800959502,AI Misuse,Faculty Report,Low,36.85,False,False,False,True,2.0,Admitted,False,,Not Guilty,None,,0.0,2027-04-08 06:51:04.782758975
CASE000611,S01248,SUB006482,ASSIGN00347,2027-04-05 01:15:59.719921976,2027-04-03 16:17:52.399808922,Plagiarism,Faculty Report,Low,24.36,False,True,True,True,20.0,Denied,False,,Guilty,Warning,Formal Warning,1.0,2027-04-25 11:15:59.719921976
CASE000612,S01438,SUB006487,ASSIGN00347,2027-04-06 05:19:58.623943765,2027-04-05 01:40:37.515928567,AI Misuse,AI Detector,Medium,71.13,False,True,False,False,5.0,Denied,False,,Not Guilty,None,,0.0,2027-04-11 09:19:58.623943765
CASE000613,S01327,SUB006548,ASSIGN00349,2026-03-10 09:09:42.852026569,2026-03-09 21:55:00.785099012,Other Integrity Concern,Faculty Report,Medium,44.52,False,True,False,True,8.0,No Response,True,2026-03-27 10:09:42.852026569,Dismissed,None,,0.0,2026-03-18 10:09:42.852026569
CASE000614,S00929,SUB006549,ASSIGN00350,2026-03-19 02:48:56.835643095,2026-03-17 16:55:55.123221429,Plagiarism,Peer Report,Medium,72.85,False,True,False,False,11.0,Admitted,False,,Dismissed,None,,0.0,2026-03-30 03:48:56.835643095
CASE000615,S00038,SUB006557,ASSIGN00350,2026-03-20 23:34:11.696097158,2026-03-19 19:57:39.233341497,Academic Misconduct,Similarity Check,Medium,85.38,False,True,False,False,2.0,No Response,False,,Guilty,Moderate,Course Grade Reduction,6.0,2026-03-23 00:34:11.696097158
CASE000616,S01171,SUB006574,ASSIGN00351,2027-03-23 16:46:54.603094261,2027-03-21 22:47:46.557057757,Academic Misconduct,AI Detector,High,80.31,False,True,False,False,,Admitted,False,,Pending,None,,0.0,
CASE000617,S00416,SUB006585,ASSIGN00351,2027-03-23 05:10:11.454334543,2027-03-21 09:33:46.220340167,AI Misuse,Similarity Check,Low,37.11,False,False,False,False,14.0,Denied,False,,Insufficient Evidence,None,,0.0,2027-04-06 12:10:11.454334543
CASE000618,S01137,SUB006605,ASSIGN00352,2026-10-09 14:46:28.593047930,2026-10-08 18:29:36.960880449,Academic Misconduct,Similarity Check,High,77.75,False,True,False,False,14.0,Denied,False,,Dismissed,None,,0.0,2026-10-24 01:46:28.593047930
CASE000619,S01163,SUB006609,ASSIGN00352,2026-10-09 07:21:34.356932985,2026-10-07 10:30:25.220351149,AI Misuse,Unknown,Medium,41.89,False,False,False,True,8.0,No Response,False,,Dismissed,None,,0.0,2026-10-17 13:21:34.356932985
CASE000620,S01311,SUB006611,ASSIGN00352,2026-10-09 12:45:04.759882366,2026-10-08 18:01:59.622763282,Unauthorized File Sharing,Automated Monitoring,Medium,65.23,False,True,False,False,8.0,Denied,False,,Dismissed,None,,0.0,2026-10-17 21:45:04.759882366
CASE000621,S00830,SUB006612,ASSIGN00353,2026-03-11 18:07:44.898625940,2026-03-10 03:29:47.442306794,AI Misuse,Faculty Report,Low,20.96,False,True,True,True,2.0,No Response,False,,Guilty,Moderate,Academic Probation,8.0,2026-03-13 19:07:44.898625940
CASE000622,S01113,SUB006613,ASSIGN00353,2026-03-10 21:14:44.352743975,2026-03-10 06:37:15.023052477,Plagiarism,AI Detector,Medium,54.08,False,False,False,False,3.0,Partial Admission,False,,Dismissed,None,,0.0,2026-03-14 06:14:44.352743975
CASE000623,S00380,SUB006618,ASSIGN00353,2026-03-11 22:04:07.476713558,2026-03-10 23:45:57.447778081,AI Misuse,Faculty Report,Medium,48.43,False,False,False,True,10.0,Denied,False,,Insufficient Evidence,None,,0.0,2026-03-22 06:04:07.476713558
CASE000624,S00376,SUB006624,ASSIGN00353,2026-03-12 04:42:03.746951557,2026-03-11 03:34:04.389764008,Plagiarism,Similarity Check,Medium,82.59,False,True,False,False,17.0,Denied,False,,Insufficient Evidence,None,,0.0,2026-03-29 16:42:03.746951557
CASE000625,S00569,SUB006627,ASSIGN00353,2026-03-10 08:58:43.132241985,2026-03-10 07:14:57.007141624,AI Misuse,AI Detector,High,64.27,False,False,True,False,3.0,Denied,False,,Guilty,Moderate,Assignment Grade Penalty,4.0,2026-03-13 12:58:43.132241985
CASE000626,S00963,SUB006647,ASSIGN00354,2026-07-06 19:33:32.194252130,2026-07-06 03:12:49.901587468,AI Misuse,AI Detector,High,62.84,False,False,False,False,8.0,Partial Admission,False,,Insufficient Evidence,None,,0.0,2026-07-15 00:33:32.194252130
CASE000627,S01089,SUB006659,ASSIGN00355,2026-10-09 21:06:59.457759336,2026-10-09 05:52:14.027293253,Plagiarism,AI Detector,High,76.65,False,True,True,False,7.0,Denied,False,,Insufficient Evidence,None,,0.0,2026-10-17 00:06:59.457759336
CASE000628,S00733,SUB006661,ASSIGN00355,2026-10-10 14:06:31.410099250,2026-10-09 12:18:37.321274620,Plagiarism,AI Detector,Low,70.56,False,True,False,False,7.0,Denied,True,2026-11-06 22:06:31.410099250,Dismissed,None,,0.0,2026-10-17 22:06:31.410099250
CASE000629,S00277,SUB006664,ASSIGN00355,2026-10-08 21:14:47.759242941,2026-10-08 05:01:34.214303518,Plagiarism,Similarity Check,Low,44.1,False,False,False,False,4.0,No Response,False,,Guilty,Warning,Formal Warning,1.0,2026-10-13 05:14:47.759242941
CASE000630,S00723,SUB006667,ASSIGN00355,2026-10-11 10:07:10.024969411,2026-10-10 13:14:03.509842758,Academic Misconduct,Faculty Report,High,69.83,False,True,False,True,9.0,Denied,False,,Dismissed,None,,0.0,2026-10-20 12:07:10.024969411
CASE000631,S01464,SUB006669,ASSIGN00355,2026-10-10 23:52:15.313673157,2026-10-10 11:12:18.895107061,AI Misuse,Faculty Report,Low,34.1,False,False,False,True,8.0,Partial Admission,False,,Not Guilty,None,,0.0,2026-10-19 04:52:15.313673157
CASE000632,S00541,SUB006671,ASSIGN00355,2026-10-11 23:04:47.651569628,2026-10-10 20:17:51.044589769,AI Misuse,AI Detector,Medium,66.73,False,False,False,False,12.0,No Response,False,,Not Guilty,None,,0.0,2026-10-24 04:04:47.651569628
CASE000633,S01021,SUB006702,ASSIGN00357,2027-03-13 06:52:20.639011887,2027-03-11 13:39:19.524158062,AI Misuse,Peer Report,Low,43.95,False,False,False,False,8.0,No Response,False,,Guilty,Warning,Formal Warning,1.0,2027-03-21 08:52:20.639011887
CASE000634,S00411,SUB006729,ASSIGN00358,2025-10-03 21:27:47.836962625,2025-10-02 06:55:20.432603324,AI Misuse,Similarity Check,Low,33.33,False,False,False,False,,No Response,False,,Pending,None,,0.0,
CASE000635,S00394,SUB006739,ASSIGN00359,2025-10-24 00:33:22.351735838,2025-10-22 17:29:16.923622976,Plagiarism,AI Detector,Medium,73.76,False,False,False,False,5.0,Denied,False,,Insufficient Evidence,None,,0.0,2025-10-29 06:33:22.351735838
CASE000636,S00089,SUB006747,ASSIGN00360,2026-10-29 03:33:37.917443505,2026-10-28 05:43:35.912162406,Unauthorized File Sharing,AI Detector,Low,73.26,False,False,False,False,,Denied,False,,Guilty,Severe,Suspension,15.0,2026-11-12 04:33:37.917443505
CASE000637,S01223,SUB006749,ASSIGN00360,2026-10-29 07:06:28.118109276,2026-10-27 14:37:22.107158750,AI Misuse,AI Detector,Medium,73.42,False,True,False,False,11.0,Denied,False,,Dismissed,None,,0.0,2026-11-09 13:06:28.118109276
CASE000638,S00178,SUB006751,ASSIGN00360,2026-10-28 21:01:24.904067662,2026-10-26 21:04:16.851214332,Unauthorized File Sharing,AI Detector,Low,47.79,False,False,False,False,5.0,No Response,False,,Dismissed,None,,0.0,2026-11-03 02:01:24.904067662
CASE000639,S00415,SUB006759,ASSIGN00361,2026-02-10 16:58:00.840049209,2026-02-10 06:33:41.701548032,Unauthorized File Sharing,Similarity Check,Medium,49.64,False,False,False,False,18.0,Denied,False,,Dismissed,None,,0.0,2026-02-28 23:58:00.840049209
CASE000640,S01231,SUB006770,ASSIGN00361,2026-02-13 22:31:26.542993908,2026-02-12 08:37:17.589078561,AI Misuse,Faculty Report,Low,33.72,False,False,False,True,32.0,Partial Admission,False,,Insufficient Evidence,None,,0.0,2026-03-18 08:31:26.542993908
CASE000641,S01032,SUB006787,ASSIGN00362,2025-09-28 21:19:56.912196087,2025-09-28 09:48:23.816481730,AI Misuse,AI Detector,Low,53.18,False,False,True,False,21.0,Denied,False,,Dismissed,None,,0.0,2025-10-20 08:19:56.912196087
CASE000642,S00257,SUB006808,ASSIGN00363,2027-04-14 18:15:39.027064502,2027-04-14 02:28:35.023292987,Plagiarism,Similarity Check,Medium,86.63,False,True,False,False,4.0,Denied,False,,Insufficient Evidence,None,,0.0,2027-04-19 06:15:39.027064502
CASE000643,S00506,SUB006831,ASSIGN00365,2026-06-27 23:22:45.380189652,2026-06-27 13:13:02.303008275,AI Misuse,Faculty Report,Low,40.85,False,False,False,True,17.0,Denied,False,,Dismissed,None,,0.0,2026-07-15 06:22:45.380189652
CASE000644,S00206,SUB006841,ASSIGN00365,2026-06-28 10:25:23.564391079,2026-06-27 04:53:09.244250929,Academic Misconduct,AI Detector,Low,62.0,False,True,False,False,8.0,Denied,False,,Guilty,Moderate,Assignment Grade Penalty,4.0,2026-07-06 20:25:23.564391079
CASE000645,S01488,SUB006845,ASSIGN00366,2025-09-19 09:58:06.456404848,2025-09-17 14:43:37.470023495,Plagiarism,Automated Monitoring,Low,69.09,False,False,False,False,6.0,Admitted,False,,Insufficient Evidence,None,,0.0,2025-09-25 19:58:06.456404848
CASE000646,S00702,SUB006846,ASSIGN00366,2025-09-19 02:55:34.615561508,2025-09-18 06:29:52.921075242,AI Misuse,Automated Monitoring,Medium,61.91,False,True,False,False,14.0,No Response,True,2025-10-17 05:55:34.615561508,Guilty,Warning,Formal Warning,1.0,2025-10-03 05:55:34.615561508
CASE000647,S00482,SUB006864,ASSIGN00366,2025-09-14 05:08:04.729627305,2025-09-14 02:28:26.602271380,Unauthorized Collaboration,AI Detector,Medium,68.37,False,True,False,False,9.0,Admitted,False,,Dismissed,None,,0.0,2025-09-23 16:08:04.729627305
CASE000648,S00493,SUB006866,ASSIGN00366,2025-09-16 17:53:00.000000000,2025-09-16 13:29:00.422402359,AI Misuse,Faculty Report,Low,42.34,False,False,False,True,,No Response,False,,Pending,None,,0.0,
CASE000649,S00356,SUB006869,ASSIGN00366,2025-09-18 05:08:50.865310666,2025-09-17 19:17:12.663470662,Other Integrity Concern,AI Detector,Medium,72.69,False,True,False,False,7.0,No Response,False,,Insufficient Evidence,None,,0.0,2025-09-25 12:08:50.865310666
CASE000650,S00851,SUB006886,ASSIGN00367,2026-03-18 08:46:24.468914365,2026-03-17 10:15:15.414824715,AI Misuse,AI Detector,Medium,72.01,False,True,False,False,,No Response,False,,Pending,None,,0.0,
CASE000651,S00589,SUB006888,ASSIGN00367,2026-03-18 09:24:08.464204967,2026-03-17 03:58:16.993652662,Unauthorized Collaboration,AI Detector,Medium,67.67,False,True,False,False,19.0,Denied,False,,Dismissed,None,,0.0,2026-04-06 10:24:08.464204967
CASE000652,S00950,SUB006895,ASSIGN00368,2027-04-07 19:47:16.168066545,2027-04-06 01:42:41.329420478,Unauthorized File Sharing,Peer Report,Medium,28.0,False,False,False,False,,Denied,False,,Pending,None,,0.0,
CASE000653,S00125,SUB006907,ASSIGN00369,2026-04-16 10:42:25.975333614,2026-04-15 03:19:04.125734040,Unauthorized Collaboration,AI Detector,Medium,57.06,False,False,False,False,9.0,Denied,False,,Dismissed,None,,0.0,2026-04-25 16:42:25.975333614
CASE000654,S00435,SUB006908,ASSIGN00369,2026-04-17 01:22:27.243652161,2026-04-15 18:12:02.998340073,AI Misuse,Unknown,Medium,71.42,False,True,False,False,14.0,No Response,False,,Insufficient Evidence,None,,0.0,2026-05-01 05:22:27.243652161
CASE000655,S01449,SUB006916,ASSIGN00370,2026-03-22 09:44:00.825903224,2026-03-22 00:46:19.477912266,Plagiarism,Similarity Check,Medium,72.82,False,False,False,False,,Denied,True,,Pending,None,,0.0,
CASE000656,S01374,SUB006921,ASSIGN00370,2026-03-21 12:50:36.828871032,2026-03-21 03:36:03.230482868,Academic Misconduct,Faculty Report,Medium,57.21,False,False,False,True,10.0,Denied,False,,Insufficient Evidence,None,,0.0,2026-03-31 23:50:36.828871032
CASE000657,S00059,SUB006924,ASSIGN00370,2026-03-22 23:33:20.164986027,2026-03-21 19:59:45.445872567,Plagiarism,Faculty Report,Medium,66.39,False,True,False,True,,No Response,False,,Pending,None,,0.0,
CASE000658,S00118,SUB006945,ASSIGN00370,2026-03-21 21:52:42.400321480,2026-03-19 22:00:11.832530453,Plagiarism,AI Detector,Medium,79.64,False,True,False,False,,Admitted,False,,Pending,None,,0.0,
CASE000659,S01369,SUB006951,ASSIGN00371,2026-02-27 10:15:20.970335460,2026-02-26 07:44:27.943399692,Plagiarism,Faculty Report,Medium,75.17,False,False,False,True,9.0,Admitted,False,,Not Guilty,None,,0.0,2026-03-08 13:15:20.970335460
CASE000660,S01008,SUB006959,ASSIGN00371,2026-03-01 00:37:38.432874409,2026-02-27 07:25:24.453248172,Academic Misconduct,Similarity Check,Medium,71.17,False,True,False,False,5.0,Denied,False,,Guilty,Moderate,Academic Probation,8.0,2026-03-06 01:37:38.432874409
CASE000661,S00282,SUB007004,ASSIGN00374,2026-03-04 02:03:40.510541867,2026-03-03 16:07:22.901144471,Academic Misconduct,Similarity Check,High,88.3,False,True,False,False,9.0,Partial Admission,False,,Not Guilty,None,,0.0,2026-03-13 08:03:40.510541867
CASE000662,S01237,SUB007012,ASSIGN00374,2026-03-04 05:58:43.798353679,2026-03-04 03:11:08.523062965,AI Misuse,AI Detector,High,85.75,False,True,False,False,8.0,Denied,True,2026-03-30 14:58:43.798353679,Guilty,Moderate,Academic Probation,8.0,2026-03-12 14:58:43.798353679
CASE000663,S00337,SUB007014,ASSIGN00374,2026-03-04 01:28:09.177946675,2026-03-03 02:47:38.192217560,Plagiarism,Similarity Check,Medium,53.37,False,False,False,False,12.0,Denied,False,,Not Guilty,None,,0.0,2026-03-16 04:28:09.177946675
CASE000664,S00215,SUB007019,ASSIGN00375,2026-03-28 23:52:53.866120175,2026-03-28 18:55:14.315389612,Plagiarism,Automated Monitoring,Low,21.94,False,False,False,False,3.0,Admitted,False,,Dismissed,None,,0.0,2026-04-01 09:52:53.866120175
CASE000665,S00416,SUB007022,ASSIGN00375,2026-03-29 15:05:23.576200567,2026-03-28 14:52:10.868946569,Unauthorized Collaboration,Automated Monitoring,Medium,71.21,False,True,False,False,6.0,Partial Admission,False,,Guilty,Moderate,Assignment Grade Penalty,4.0,2026-04-04 21:05:23.576200567
CASE000666,S00179,SUB007036,ASSIGN00375,2026-03-27 15:02:46.274736425,2026-03-26 23:31:14.523939764,Unauthorized File Sharing,AI Detector,Medium,80.5,False,True,False,False,3.0,No Response,False,,Dismissed,None,,0.0,2026-03-31 03:02:46.274736425
CASE000667,S00068,SUB007043,ASSIGN00376,2026-03-25 00:52:18.204518316,2026-03-24 00:16:33.675242037,Plagiarism,AI Detector,High,83.48,False,False,False,False,1.0,Denied,True,2026-04-14 02:52:18.204518316,Guilty,Moderate,Assignment Grade Penalty,4.0,2026-03-26 02:52:18.204518316
CASE000668,S01424,SUB007046,ASSIGN00376,2026-03-24 14:48:11.466749941,2026-03-23 17:40:58.069598326,Academic Misconduct,AI Detector,Low,69.48,False,True,False,False,16.0,Denied,False,,Dismissed,None,,0.0,2026-04-09 15:48:11.466749941
CASE000669,S00737,SUB007056,ASSIGN00377,2026-07-12 04:17:10.062671244,2026-07-10 22:46:17.766151780,Plagiarism,AI Detector,Medium,69.62,False,True,True,False,17.0,Denied,False,,Insufficient Evidence,None,,0.0,2026-07-29 10:17:00.000000000
CASE000670,S00941,SUB007057,ASSIGN00377,2026-07-09 19:34:26.665881132,2026-07-08 03:13:08.832843447,Unauthorized Collaboration,Faculty Report,Low,24.37,False,False,False,True,4.0,Denied,False,,Dismissed,None,,0.0,2026-07-14 04:34:26.665881132
CASE000671,S00733,SUB007109,ASSIGN00379,2025-10-17 00:36:22.659356056,2025-10-15 07:27:30.030306573,Plagiarism,AI Detector,High,70.3,False,True,False,False,2.0,Denied,False,,Guilty,Moderate,Assignment Grade Penalty,4.0,2025-10-19 09:36:22.659356056
CASE000672,S00720,SUB007124,ASSIGN00380,2026-03-23 23:24:31.743340720,2026-03-22 15:23:39.271048040,AI Misuse,Plagiarism Screening,Low,74.46,True,True,False,False,10.0,Admitted,False,,Insufficient Evidence,None,,0.0,2026-04-03 06:24:31.743340720
CASE000673,S00715,SUB007130,ASSIGN00380,2026-03-24 01:55:34.458062740,2026-03-23 00:40:34.452854319,AI Misuse,Similarity Check,Low,48.44,False,False,False,False,19.0,No Response,False,,Insufficient Evidence,None,,0.0,2026-04-12 12:55:34.458062740
CASE000674,S00894,SUB007131,ASSIGN00380,2026-03-20 22:37:24.610901131,2026-03-20 19:23:18.505162700,Plagiarism,Automated Monitoring,Medium,49.39,False,False,False,False,3.0,No Response,False,,Not Guilty,None,,0.0,2026-03-24 09:37:24.610901131
CASE000675,S00049,SUB007133,ASSIGN00380,2026-03-24 15:22:48.637842206,2026-03-22 23:45:02.560275459,AI Misuse,Automated Monitoring,Medium,74.2,False,True,False,False,9.0,Denied,False,,Guilty,Moderate,Academic Probation,8.0,2026-04-03 00:22:48.637842206
CASE000676,S00080,SUB007134,ASSIGN00380,2026-03-24 04:51:17.838975647,2026-03-22 20:48:31.319254106,AI Misuse,AI Detector,Medium,86.05,False,False,False,False,7.0,Partial Admission,False,,Not Guilty,None,,0.0,2026-03-31 10:51:17.838975647
CASE000677,S01322,SUB007145,ASSIGN00381,2026-07-24 04:32:15.096710475,2026-07-22 16:25:12.335577686,Plagiarism,AI Detector,Medium,80.99,False,False,False,False,7.0,Admitted,True,2026-08-18 08:32:15.096710475,Guilty,Severe,Academic Probation,8.0,2026-07-31 08:32:15.096710475
CASE000678,S01052,SUB007150,ASSIGN00381,2026-07-25 11:01:23.834715314,2026-07-23 20:58:12.685995987,Academic Misconduct,AI Detector,Medium,68.91,False,True,False,False,3.0,No Response,False,,Not Guilty,None,,0.0,2026-07-28 14:01:23.834715314
CASE000679,S00373,SUB007160,ASSIGN00381,2026-07-24 07:29:33.898809718,2026-07-23 05:29:53.422931356,Plagiarism,Unknown,Low,73.95,False,True,False,False,7.0,Denied,False,,Not Guilty,None,,0.0,2026-07-31 10:29:33.898809718
CASE000680,S00984,SUB007172,ASSIGN00382,2026-03-22 21:25:57.792791919,2026-03-21 12:43:20.800289418,AI Misuse,AI Detector,Medium,66.1,False,False,False,False,3.0,Denied,False,,Not Guilty,None,,0.0,2026-03-26 03:25:57.792791919
CASE000681,S00211,SUB007173,ASSIGN00382,2026-03-23 16:54:11.723374724,2026-03-21 23:20:57.097491339,Unauthorized File Sharing,Faculty Report,Medium,46.33,False,False,True,True,,No Response,True,,Pending,None,,0.0,
CASE000682,S00694,SUB007191,ASSIGN00383,2025-11-21 23:13:31.617950955,2025-11-20 01:02:44.382848953,Other Integrity Concern,Similarity Check,Medium,71.7,False,True,True,False,12.0,Admitted,False,,Guilty,Severe,Suspension,15.0,2025-12-04 05:13:31.617950955
CASE000683,S00342,SUB007232,ASSIGN00385,2026-04-01 13:03:31.823941655,2026-03-31 10:37:57.823012979,Plagiarism,Similarity Check,Low,44.84,True,False,False,False,,Admitted,False,,Pending,None,,0.0,
CASE000684,S01204,SUB007233,ASSIGN00385,2026-03-30 23:46:09.860676217,2026-03-30 14:20:15.423236319,AI Misuse,AI Detector,Medium,64.66,False,True,False,False,,Denied,False,,Pending,None,,0.0,
CASE000685,S00777,SUB007240,ASSIGN00385,2026-04-01 05:25:17.185512280,2026-03-30 09:43:56.407103293,Unauthorized Collaboration,Automated Monitoring,High,82.65,False,True,False,False,,Denied,True,,Pending,None,,0.0,
CASE000686,S01361,SUB007242,ASSIGN00385,2026-04-01 15:34:59.490763340,2026-03-31 03:03:06.464336572,Unauthorized File Sharing,AI Detector,High,57.41,False,True,False,False,2.0,Partial Admission,False,,Guilty,Moderate,Academic Probation,8.0,2026-04-03 21:34:59.490763340
CASE000687,S00092,SUB007257,ASSIGN00385,2026-03-31 12:37:13.266970475,2026-03-29 17:29:14.331905933,AI Misuse,AI Detector,Low,67.28,False,False,False,False,8.0,Denied,False,,Dismissed,None,,0.0,2026-04-09 00:37:13.266970475
CASE000688,S00529,SUB007266,ASSIGN00386,2026-09-13 19:34:24.393316355,2026-09-13 10:22:39.857343973,Plagiarism,AI Detector,High,79.01,False,True,False,False,25.0,No Response,False,,Not Guilty,None,,0.0,2026-10-08 23:34:24.393316355
CASE000689,S00616,SUB007273,ASSIGN00386,2026-09-11 16:14:51.674031399,2026-09-11 01:48:11.101277966,AI Misuse,Faculty Report,Medium,55.0,False,True,False,True,,Denied,False,,Dismissed,None,,0.0,2026-09-26 22:14:51.674031399
CASE000690,S00955,SUB007278,ASSIGN00387,2026-10-29 04:11:47.882390786,2026-10-28 02:24:21.338292191,Plagiarism,Faculty Report,Low,43.92,False,False,False,True,2.0,No Response,False,,Insufficient Evidence,None,,0.0,2026-10-31 16:11:47.882390786
CASE000691,S00365,SUB007283,ASSIGN00387,2026-10-31 12:11:32.587644404,2026-10-29 12:56:19.498968426,Unauthorized Collaboration,Similarity Check,Low,25.19,False,False,False,False,17.0,Partial Admission,False,,Dismissed,None,,0.0,2026-11-18 00:11:32.587644404
CASE000692,S00717,SUB007286,ASSIGN00387,2026-10-28 19:29:46.155726661,2026-10-27 15:13:31.276987316,Academic Misconduct,AI Detector,High,81.85,False,False,False,False,4.0,Denied,False,,Insufficient Evidence,None,,0.0,2026-11-01 23:29:46.155726661
CASE000693,S01016,SUB007287,ASSIGN00388,2026-03-02 19:44:03.392515866,2026-03-01 13:33:34.515861864,Academic Misconduct,Faculty Report,Low,40.03,False,False,False,True,23.0,Denied,False,,Insufficient Evidence,None,,0.0,2026-03-26 06:44:03.392515866
CASE000694,S00928,SUB007297,ASSIGN00388,2026-03-01 17:07:28.801948502,2026-02-27 23:37:29.424497341,AI Misuse,Similarity Check,High,77.5,False,True,False,False,,Partial Admission,False,,Pending,None,,0.0,
CASE000695,S00587,SUB007306,ASSIGN00388,2026-02-28 22:33:31.803916348,2026-02-28 10:03:22.576852771,Academic Misconduct,Automated Monitoring,Low,38.19,False,False,False,False,6.0,Denied,False,,Dismissed,None,,0.0,2026-03-07 02:33:31.803916348
CASE000696,S00713,SUB007345,ASSIGN00391,2025-10-27 14:59:16.217563088,2025-10-26 15:15:22.439406150,Unauthorized Collaboration,AI Detector,Low,59.65,False,False,False,False,16.0,Partial Admission,False,,Dismissed,None,,0.0,2025-11-12 23:59:16.217563088
CASE000697,S00814,SUB007351,ASSIGN00391,2025-10-27 20:12:24.563401273,2025-10-27 03:34:13.197974053,Academic Misconduct,Peer Report,Low,44.63,False,False,False,False,8.0,Denied,False,,Not Guilty,None,,0.0,2025-11-05 08:12:24.563401273
CASE000698,S00456,SUB007374,ASSIGN00392,2026-07-23 15:52:45.095815972,2026-07-23 13:11:13.461845161,Plagiarism,Similarity Check,Medium,72.36,False,True,False,False,2.0,Denied,False,,Insufficient Evidence,None,,0.0,2026-07-25 21:52:45.095815972
CASE000699,S01414,SUB007383,ASSIGN00393,2027-03-19 08:14:27.187282661,2027-03-18 02:26:36.783229028,Academic Misconduct,AI Detector,Medium,58.46,False,False,False,False,9.0,Partial Admission,False,,Guilty,Warning,Formal Warning,1.0,2027-03-28 09:14:27.000000000
CASE000700,S01112,SUB007386,ASSIGN00393,2027-03-20 08:57:58.828329608,2027-03-20 01:36:14.885216470,Unauthorized Collaboration,Plagiarism Screening,Low,37.82,True,False,False,False,10.0,Partial Admission,False,,Dismissed,None,,0.0,2027-03-30 14:57:58.828329608
CASE000701,S00462,SUB007390,ASSIGN00393,2027-03-20 00:54:51.882689285,2027-03-19 06:27:25.355965055,AI Misuse,AI Detector,Medium,71.31,False,False,False,False,,Admitted,False,,Pending,None,,0.0,
CASE000702,S01480,SUB007398,ASSIGN00394,2026-11-10 22:00:00.335093742,2026-11-09 07:21:58.331250945,Unauthorized Collaboration,Peer Report,High,77.58,False,True,False,False,2.0,No Response,False,,Insufficient Evidence,None,,0.0,2026-11-13 08:00:00.335093742
CASE000703,S00419,SUB007430,ASSIGN00396,2026-07-18 19:21:30.064982483,2026-07-18 03:39:26.497026620,Other Integrity Concern,Similarity Check,Low,25.36,False,False,False,False,5.0,Denied,False,,Not Guilty,None,,0.0,2026-07-23 23:21:30.064982483
CASE000704,S00672,SUB007436,ASSIGN00396,2026-07-18 03:27:54.021566355,2026-07-18 00:41:39.554306863,AI Misuse,AI Detector,High,74.67,False,True,False,False,12.0,No Response,False,,Not Guilty,None,,0.0,2026-07-30 04:27:54.021566355
CASE000705,S00231,SUB007439,ASSIGN00396,2026-07-19 13:02:13.087489001,2026-07-18 14:55:53.027946672,AI Misuse,Similarity Check,Low,47.02,False,False,False,False,18.0,Denied,False,,Dismissed,None,,0.0,2026-08-06 16:02:13.087489001
CASE000706,S01109,SUB007445,ASSIGN00396,2026-07-21 18:53:25.135552015,2026-07-20 01:38:13.613844334,Unauthorized File Sharing,AI Detector,Medium,69.67,False,True,False,False,17.0,Admitted,False,,Insufficient Evidence,None,,0.0,2026-08-07 19:53:25.135552015
CASE000707,S00657,SUB007456,ASSIGN00396,2026-07-21 15:40:39.280851008,2026-07-19 22:38:10.253579629,Plagiarism,Faculty Report,High,84.12,False,True,False,True,11.0,No Response,False,,Guilty,Severe,Suspension,15.0,2026-08-01 19:40:39.280851008
CASE000708,S00539,SUB007461,ASSIGN00397,2026-07-29 04:34:58.863216793,2026-07-28 01:57:29.589117876,Plagiarism,AI Detector,Low,61.03,False,True,False,False,8.0,Denied,False,,Guilty,Warning,Formal Warning,1.0,2026-08-06 11:34:58.863216793
CASE000709,S00030,SUB007462,ASSIGN00397,2026-07-30 07:16:12.933362377,2026-07-28 14:55:27.028855646,Plagiarism,Faculty Report,Low,41.51,False,False,False,True,14.0,Partial Admission,False,,Insufficient Evidence,None,,0.0,2026-08-13 08:16:12.933362377
CASE000710,S01213,SUB007469,ASSIGN00397,2026-07-29 04:36:48.950000895,2026-07-27 17:50:17.987835050,AI Misuse,Faculty Report,Medium,72.9,False,True,False,True,10.0,Denied,False,,Guilty,Moderate,Assignment Grade Penalty,4.0,2026-08-08 10:36:48.950000895
CASE000711,S01369,SUB007477,ASSIGN00398,2026-11-22 06:05:36.919956367,2026-11-21 13:18:37.432683908,AI Misuse,Faculty Report,Low,45.37,False,True,False,True,3.0,No Response,False,,Dismissed,None,,0.0,2026-11-25 14:05:36.919956367
CASE000712,S01258,SUB007479,ASSIGN00398,2026-11-22 00:09:38.060380486,2026-11-21 12:10:35.754463663,Plagiarism,AI Detector,High,54.44,False,True,False,False,2.0,Partial Admission,False,,Dismissed,None,,0.0,2026-11-24 08:09:38.060380486
CASE000713,S00885,SUB007507,ASSIGN00399,2026-10-16 08:54:26.835455829,2026-10-15 01:29:27.990603103,AI Misuse,Faculty Report,Medium,47.67,False,False,False,True,13.0,Admitted,False,,Insufficient Evidence,None,,0.0,2026-10-29 18:54:26.835455829
CASE000714,S00526,SUB007516,ASSIGN00400,2027-03-17 17:03:22.304589573,2027-03-16 07:55:30.038490238,Unauthorized Collaboration,Automated Monitoring,Medium,63.18,False,True,False,False,5.0,Denied,False,,Insufficient Evidence,None,,0.0,2027-03-23 04:03:22.304589573
CASE000715,S00132,SUB007521,ASSIGN00400,2027-03-17 22:41:24.940508134,2027-03-16 06:45:18.013119015,Academic Misconduct,AI Detector,Medium,72.15,False,False,False,False,7.0,No Response,False,,Guilty,Moderate,Academic Probation,8.0,2027-03-25 09:41:24.940508134
CASE000716,S00727,SUB007526,ASSIGN00400,2027-03-16 06:36:59.259879257,2027-03-14 11:32:07.960245691,Plagiarism,Plagiarism Screening,Low,33.86,True,False,False,False,19.0,Denied,False,,Dismissed,None,,0.0,2027-04-04 10:36:59.259879257
CASE000717,S00569,SUB007528,ASSIGN00401,2026-06-30 11:32:09.341098363,2026-06-30 03:16:23.734359558,Plagiarism,Faculty Report,Low,48.58,False,True,False,True,2.0,Denied,True,2026-07-05 17:32:09.341098363,Guilty,Warning,Formal Warning,1.0,2026-07-02 17:32:09.341098363
CASE000718,S01164,SUB007553,ASSIGN00402,2026-10-24 01:17:52.382416085,2026-10-22 23:20:20.112234837,AI Misuse,Peer Report,Medium,80.59,False,False,False,False,18.0,Admitted,False,,Guilty,Moderate,Assignment Grade Penalty,4.0,2026-11-11 03:17:52.382416085
CASE000719,S00337,SUB007573,ASSIGN00402,2026-10-25 12:35:24.576423089,2026-10-23 13:35:49.958885506,Plagiarism,AI Detector,Medium,86.92,False,False,False,False,2.0,Denied,True,2026-11-05 18:35:24.576423089,Guilty,Severe,Academic Probation,8.0,2026-10-27 18:35:24.576423089
CASE000720,S01012,SUB007579,ASSIGN00403,2026-07-24 01:26:24.910683092,2026-07-22 14:34:52.023901853,Academic Misconduct,Peer Report,Medium,75.0,False,True,False,False,5.0,Denied,False,,Not Guilty,None,,0.0,2026-07-29 12:26:24.910683092
CASE000721,S01126,SUB007590,ASSIGN00403,2026-07-22 18:47:49.860452811,2026-07-22 07:07:58.693637370,Academic Misconduct,AI Detector,High,56.86,False,False,False,False,4.0,Denied,False,,Insufficient Evidence,None,,0.0,2026-07-26 22:47:49.860452811
CASE000722,S01396,SUB007593,ASSIGN00403,2026-07-22 05:09:45.153316294,2026-07-21 17:33:22.406328688,Unauthorized File Sharing,Automated Monitoring,Low,68.76,False,True,False,False,1.0,Denied,False,,Guilty,Moderate,Assignment Grade Penalty,4.0,2026-07-23 09:09:45.153316294
CASE000723,S00048,SUB007620,ASSIGN00405,2026-02-14 20:07:54.829994402,2026-02-13 20:13:30.624198040,Plagiarism,Peer Report,Medium,43.11,False,False,False,False,7.0,No Response,False,,Dismissed,None,,0.0,2026-02-21 22:07:54.829994402
CASE000724,S01173,SUB007640,ASSIGN00407,2025-11-07 18:27:43.918987126,2025-11-06 02:28:25.081726353,Academic Misconduct,Similarity Check,Medium,82.81,False,True,False,False,3.0,Denied,False,,Insufficient Evidence,None,,0.0,2025-11-11 06:27:43.918987126
CASE000725,S01360,SUB007656,ASSIGN00408,2027-02-27 00:58:16.993484461,2027-02-25 15:48:23.339303382,AI Misuse,AI Detector,Low,53.25,False,False,True,False,19.0,Denied,False,,Not Guilty,None,,0.0,2027-03-18 09:58:16.993484461
CASE000726,S00479,SUB007659,ASSIGN00408,2027-02-26 16:34:11.182219386,2027-02-26 08:29:44.356535397,Academic Misconduct,Faculty Report,Low,23.66,False,False,False,True,5.0,Partial Admission,True,2027-03-17 02:34:11.182219386,Insufficient Evidence,None,,0.0,2027-03-04 02:34:11.182219386
CASE000727,S01046,SUB007675,ASSIGN00409,2026-02-09 10:02:14.736584941,2026-02-08 13:55:56.392405044,Academic Misconduct,Similarity Check,High,76.42,False,True,False,False,6.0,Partial Admission,True,2026-02-26 18:02:14.736584941,Guilty,Moderate,Assignment Grade Penalty,4.0,2026-02-15 18:02:14.736584941
CASE000728,S01367,SUB007687,ASSIGN00410,2027-02-14 13:00:44.430502705,2027-02-13 17:48:05.631982383,AI Misuse,Faculty Report,Low,27.71,False,False,False,True,6.0,Admitted,False,,Insufficient Evidence,None,,0.0,2027-02-21 00:00:44.430502705
CASE000729,S00240,SUB007691,ASSIGN00410,2027-02-14 01:32:14.006997148,2027-02-13 12:49:46.436991052,AI Misuse,AI Detector,Medium,66.46,False,False,False,False,38.0,Denied,False,,Not Guilty,None,,0.0,2027-03-24 07:32:14.006997148
CASE000730,S00997,SUB007696,ASSIGN00410,2027-02-14 20:52:33.009529067,2027-02-14 11:05:47.245110778,Plagiarism,Faculty Report,Medium,73.02,True,True,False,True,4.0,Denied,False,,Insufficient Evidence,None,,0.0,2027-02-18 21:52:33.009529067
CASE000731,S01185,SUB007700,ASSIGN00410,2027-02-15 23:48:19.800165489,2027-02-14 16:49:32.206400845,Unauthorized Collaboration,Peer Report,High,76.44,False,True,False,False,15.0,Admitted,False,,Insufficient Evidence,None,,0.0,2027-03-03 00:48:19.800165489
CASE000732,S00774,SUB007709,ASSIGN00410,2027-02-14 16:20:27.546847999,2027-02-14 03:34:16.746292479,Plagiarism,Faculty Report,High,75.21,False,True,False,True,9.0,Admitted,False,,Dismissed,None,,0.0,2027-02-23 19:20:27.546847999
CASE000733,S01268,SUB007726,ASSIGN00411,2026-07-25 21:35:00.000000000,2026-07-24 19:07:23.476210919,Unauthorized File Sharing,Similarity Check,High,74.73,False,False,False,False,6.0,Admitted,False,,Guilty,Warning,Formal Warning,1.0,2026-07-31 23:35:44.818463101
CASE000734,S00561,SUB007731,ASSIGN00411,2026-07-26 16:54:52.850246369,2026-07-25 23:15:35.374648616,Plagiarism,AI Detector,Medium,65.72,False,True,True,False,35.0,Denied,False,,Insufficient Evidence,None,,0.0,2026-08-30 23:54:52.850246369
CASE000735,S00829,SUB007736,ASSIGN00412,2026-02-21 04:33:07.554161603,2026-02-20 04:22:24.000000000,AI Misuse,AI Detector,Medium,66.64,True,True,False,False,6.0,No Response,False,,Dismissed,None,,0.0,2026-02-27 08:33:07.554161603
CASE000736,S01190,SUB007748,ASSIGN00412,2026-02-21 14:53:37.362302885,2026-02-20 02:22:00.618898830,Plagiarism,AI Detector,Medium,73.43,False,True,False,False,8.0,Denied,False,,Dismissed,None,,0.0,2026-03-01 17:53:37.362302885
CASE000737,S00069,SUB007771,ASSIGN00413,2026-07-06 09:45:12.516235071,2026-07-06 04:20:26.311816122,Unauthorized File Sharing,AI Detector,Low,44.0,False,True,False,False,24.0,Admitted,False,,Guilty,Moderate,Assignment Grade Penalty,4.0,2026-07-30 21:45:12.516235071
CASE000738,S00838,SUB007782,ASSIGN00413,2026-07-09 17:00:09.389957593,2026-07-08 13:45:08.451624634,Other Integrity Concern,Similarity Check,Medium,68.6,False,False,False,False,,No Response,False,,Pending,None,,0.0,
CASE000739,S00685,SUB007806,ASSIGN00414,2026-07-16 12:56:56.510675469,2026-07-14 18:23:47.805259889,AI Misuse,AI Detector,High,70.01,False,False,False,False,7.0,Denied,False,,Not Guilty,None,,0.0,2026-07-23 17:56:56.510675469
CASE000740,S00243,SUB007817,ASSIGN00415,2025-11-19 08:22:30.424145405,2025-11-17 18:18:10.468247345,Plagiarism,AI Detector,Low,62.78,False,True,False,False,31.0,Denied,False,,Guilty,Warning,Formal Warning,1.0,2025-12-20 20:22:30.424145405
CASE000741,S00812,SUB007823,ASSIGN00416,2026-07-19 14:44:46.418545331,2026-07-18 17:56:30.678957978,Unauthorized File Sharing,AI Detector,Medium,60.27,False,False,False,False,15.0,Denied,False,,Guilty,Moderate,Course Grade Reduction,6.0,2026-08-03 15:44:46.418545331
CASE000742,S00057,SUB007824,ASSIGN00416,2026-07-19 06:54:39.535067643,2026-07-18 23:45:32.592783643,Academic Misconduct,Similarity Check,Medium,80.64,False,True,False,False,4.0,No Response,False,,Guilty,Moderate,Assignment Grade Penalty,4.0,2026-07-23 11:54:39.535067643
CASE000743,S00437,SUB007872,ASSIGN00418,2025-10-19 06:47:49.710194849,2025-10-18 19:22:19.427776056,Academic Misconduct,Faculty Report,Medium,59.8,False,True,False,True,16.0,Admitted,False,,Insufficient Evidence,None,,0.0,2025-11-04 07:47:49.710194849
CASE000744,S01482,SUB007894,ASSIGN00419,2025-09-25 02:27:54.444334035,2025-09-24 05:11:59.917637692,Unauthorized Collaboration,Similarity Check,Medium,49.24,False,False,False,False,11.0,Partial Admission,False,,Dismissed,None,,0.0,2025-10-06 13:27:54.444334035
CASE000745,S00672,SUB007909,ASSIGN00420,2026-10-04 04:44:41.588866730,2026-10-02 16:25:26.106604391,Academic Misconduct,Unknown,High,55.3,False,True,False,False,6.0,Admitted,False,,Not Guilty,None,,0.0,2026-10-10 16:44:41.588866730
CASE000746,S01101,SUB007915,ASSIGN00421,2026-04-16 11:53:57.412829476,2026-04-16 05:47:52.811366570,Academic Misconduct,Similarity Check,High,72.98,False,True,False,False,2.0,Admitted,False,,Guilty,Moderate,Course Grade Reduction,6.0,2026-04-18 23:53:57.412829476
CASE000747,S00929,SUB007921,ASSIGN00421,2026-04-17 03:21:20.253925091,2026-04-15 15:43:38.871532026,AI Misuse,AI Detector,High,80.88,False,True,False,False,13.0,Admitted,False,,Guilty,Moderate,Assignment Grade Penalty,4.0,2026-04-30 12:21:20.253925091
CASE000748,S00009,SUB007937,ASSIGN00422,2026-09-13 04:38:52.123585996,2026-09-12 07:45:38.499024606,AI Misuse,Faculty Report,Low,30.68,False,False,False,True,3.0,No Response,False,,Not Guilty,None,,0.0,2026-09-16 09:38:52.123585996
CASE000749,S00811,SUB007938,ASSIGN00422,2026-09-12 20:46:46.484663547,2026-09-11 22:49:46.736379102,AI Misuse,Similarity Check,High,75.41,False,True,False,False,13.0,Denied,False,,Not Guilty,None,,0.0,2026-09-26 06:46:46.484663547
CASE000750,S00013,SUB007939,ASSIGN00422,2026-09-16 02:13:10.429435805,2026-09-14 02:38:16.158518728,Plagiarism,Automated Monitoring,Medium,55.56,False,True,False,False,,Denied,False,,Pending,None,,0.0,
CASE000751,S00552,SUB007958,ASSIGN00422,2026-09-11 19:03:54.699208485,2026-09-11 14:09:17.272174181,Academic Misconduct,Similarity Check,Medium,34.18,False,False,False,False,38.0,No Response,False,,Dismissed,None,,0.0,2026-10-20 00:03:54.699208485
CASE000752,S00674,SUB007974,ASSIGN00423,2026-07-03 08:06:50.361002468,2026-07-02 22:52:42.161631827,AI Misuse,Faculty Report,Low,18.95,False,False,False,True,11.0,Denied,False,,Not Guilty,None,,0.0,2026-07-14 17:06:50.361002468
CASE000753,S01417,SUB007992,ASSIGN00424,2026-11-15 19:09:14.543697892,2026-11-13 20:15:39.110786220,AI Misuse,Peer Report,Low,30.29,False,True,True,False,25.0,Denied,False,,Insufficient Evidence,None,,0.0,2026-12-11 04:09:14.543697892
CASE000754,S01480,SUB007999,ASSIGN00425,2026-09-29 19:09:12.287553268,2026-09-29 03:46:05.802338852,AI Misuse,AI Detector,Medium,69.83,False,True,False,False,16.0,Admitted,False,,Guilty,Moderate,Academic Probation,8.0,2026-10-16 07:09:12.287553268
CASE000755,S00330,SUB008003,ASSIGN00425,2026-09-30 20:02:45.796100360,2026-09-30 06:51:06.135248736,Plagiarism,AI Detector,High,83.16,False,False,False,False,,No Response,False,,Pending,None,,0.0,
CASE000756,S00974,SUB008020,ASSIGN00426,2026-04-04 00:36:33.659999873,2026-04-03 19:48:18.887547144,AI Misuse,Automated Monitoring,High,66.65,False,True,False,False,2.0,No Response,False,,Not Guilty,None,,0.0,2026-04-06 07:36:33.659999873
CASE000757,S00955,SUB008047,ASSIGN00427,2026-04-22 05:48:51.850162804,2026-04-21 17:07:02.267134029,Other Integrity Concern,Faculty Report,Medium,67.28,False,True,False,True,12.0,Partial Admission,False,,Dismissed,None,,0.0,2026-05-04 14:48:51.850162804
CASE000758,S00847,SUB008050,ASSIGN00427,2026-04-23 02:52:53.748464637,2026-04-21 12:31:20.743840896,AI Misuse,AI Detector,Medium,63.57,False,False,False,False,1.0,Admitted,False,,Insufficient Evidence,None,,0.0,2026-04-24 04:52:53.748464637
CASE000759,S00252,SUB008053,ASSIGN00427,2026-04-22 16:16:28.439862024,2026-04-21 23:11:47.682291290,Unauthorized Collaboration,AI Detector,High,79.58,False,True,False,False,7.0,Denied,False,,Dismissed,None,,0.0,2026-04-30 03:16:28.439862024
CASE000760,S00651,SUB008063,ASSIGN00428,2026-07-25 12:52:30.650910555,2026-07-24 17:55:13.599425967,Other Integrity Concern,Similarity Check,High,84.5,False,True,False,False,45.0,Admitted,True,2026-09-15 13:52:30.650910555,Guilty,Warning,Formal Warning,1.0,2026-09-08 13:52:30.650910555
CASE000761,S00674,SUB008076,ASSIGN00429,2026-10-11 21:02:15.507931730,2026-10-11 00:38:18.077679780,Plagiarism,AI Detector,Medium,59.73,False,False,False,False,,Denied,False,,Pending,None,,0.0,
CASE000762,S00046,SUB008079,ASSIGN00429,2026-10-12 13:36:49.681781113,2026-10-12 07:36:52.443202096,AI Misuse,AI Detector,Low,66.44,False,False,False,False,5.0,Denied,False,,Dismissed,None,,0.0,2026-10-17 17:36:49.681781113
CASE000763,S00150,SUB008083,ASSIGN00430,2026-02-19 13:30:34.543826227,2026-02-18 00:24:16.005051461,Unauthorized Collaboration,Peer Report,Medium,41.59,False,False,False,False,7.0,Admitted,False,,Dismissed,None,,0.0,2026-02-26 23:30:34.543826227
CASE000764,S00843,SUB008097,ASSIGN00430,2026-02-18 02:51:59.558746113,2026-02-17 11:34:52.271230148,Plagiarism,Faculty Report,Medium,25.94,False,False,False,True,,Partial Admission,False,,Pending,None,,0.0,
CASE000765,S00910,SUB008106,ASSIGN00431,2025-09-25 06:09:25.098842002,2025-09-24 08:29:59.610476890,Plagiarism,Similarity Check,Medium,50.58,False,True,False,False,7.0,No Response,False,,Not Guilty,None,,0.0,2025-10-02 11:09:25.098842002
CASE000766,S01100,SUB008137,ASSIGN00432,2026-10-16 14:44:26.724642489,2026-10-15 06:29:15.015809857,Unauthorized Collaboration,AI Detector,High,71.27,False,True,False,False,2.0,Denied,False,,Not Guilty,None,,0.0,2026-10-18 16:44:26.724642489
CASE000767,S01239,SUB008144,ASSIGN00432,2026-10-14 13:16:17.164109770,2026-10-14 00:56:18.653893763,Academic Misconduct,AI Detector,High,77.62,False,True,False,False,10.0,No Response,False,,Guilty,Moderate,Assignment Grade Penalty,4.0,2026-10-25 00:16:17.164109770
CASE000768,S00017,SUB008147,ASSIGN00432,2026-10-14 19:10:04.297646076,2026-10-14 01:25:49.500001271,AI Misuse,Similarity Check,Medium,27.66,False,False,False,False,7.0,No Response,False,,Insufficient Evidence,None,,0.0,2026-10-21 20:10:04.297646076
CASE000769,S00610,SUB008156,ASSIGN00433,2026-07-11 09:48:28.661309347,2026-07-11 04:58:26.559268085,Unauthorized Collaboration,AI Detector,Low,70.26,False,True,False,False,8.0,Partial Admission,False,,Guilty,Severe,Academic Probation,8.0,2026-07-19 11:48:28.661309347
CASE000770,S00755,SUB008187,ASSIGN00434,2026-07-05 18:56:08.642235177,2026-07-05 04:40:08.029688984,Unauthorized Collaboration,AI Detector,High,79.45,False,True,False,False,,Denied,False,,Pending,None,,0.0,
CASE000771,S00874,SUB008213,ASSIGN00435,2025-11-17 02:17:53.851816968,2025-11-15 08:15:16.860461563,AI Misuse,Automated Monitoring,High,85.7,False,True,False,False,4.0,Partial Admission,False,,Not Guilty,None,,0.0,2025-11-21 03:17:53.851816968
CASE000773,S01256,SUB008231,ASSIGN00437,2025-10-01 04:23:18.268041080,2025-10-01 02:51:59.677803859,Unauthorized File Sharing,Similarity Check,Medium,68.55,False,True,False,False,8.0,Denied,False,,Not Guilty,None,,0.0,2025-10-09 09:23:18.268041080
CASE000774,S00107,SUB008250,ASSIGN00438,2026-11-09 22:35:11.314118910,2026-11-08 16:04:00.155778779,Unauthorized File Sharing,Peer Report,Low,40.79,False,True,False,False,5.0,No Response,False,,Not Guilty,None,,0.0,2026-11-15 04:35:11.314118910
CASE000775,S00074,SUB008251,ASSIGN00438,2026-11-09 02:03:10.429213954,2026-11-07 07:07:00.731513649,AI Misuse,AI Detector,Medium,53.85,False,True,False,False,8.0,Admitted,False,,Dismissed,None,,0.0,2026-11-17 04:03:10.429213954
CASE000776,S01205,SUB008254,ASSIGN00438,2026-11-09 13:15:01.816928259,2026-11-07 21:21:11.050786803,AI Misuse,Faculty Report,Medium,71.47,False,True,False,True,4.0,No Response,False,,Not Guilty,None,,0.0,2026-11-13 22:15:01.816928259
CASE000777,S00699,SUB008259,ASSIGN00438,2026-11-08 04:23:54.000000000,2026-11-08 00:51:47.919904948,Plagiarism,Automated Monitoring,High,52.21,False,False,False,False,3.0,Denied,False,,Insufficient Evidence,None,,0.0,2026-11-11 10:23:54.777678288
CASE000778,S01061,SUB008270,ASSIGN00438,2026-11-09 18:18:48.285762728,2026-11-08 19:05:50.410399723,AI Misuse,Similarity Check,Low,30.23,False,False,False,False,4.0,Denied,False,,Guilty,Warning,Formal Warning,1.0,2026-11-13 19:18:48.285762728
CASE000779,S01471,SUB008284,ASSIGN00439,2027-03-24 13:52:22.727517402,2027-03-23 09:11:53.770270068,Other Integrity Concern,AI Detector,Medium,69.75,False,True,True,False,6.0,Admitted,False,,Insufficient Evidence,None,,0.0,2027-03-30 16:52:22.727517402
CASE000780,S00617,SUB008296,ASSIGN00439,2027-03-23 19:46:37.506134661,2027-03-21 23:17:21.148296932,AI Misuse,Faculty Report,Medium,60.38,False,False,False,True,2.0,Admitted,True,2027-04-06 22:46:37.506134661,Guilty,Moderate,Academic Probation,8.0,2027-03-25 22:46:37.506134661
CASE000781,S00694,SUB008299,ASSIGN00439,2027-03-23 03:54:40.542580380,2027-03-22 13:43:09.673292517,Academic Misconduct,Faculty Report,Low,14.8,False,False,False,True,11.0,Denied,False,,Insufficient Evidence,None,,0.0,2027-04-03 14:54:40.542580380
CASE000782,S01306,SUB008336,ASSIGN00442,2026-03-16 06:12:27.053578948,2026-03-15 07:43:32.392477722,AI Misuse,AI Detector,Medium,63.19,False,False,True,False,2.0,Denied,False,,Dismissed,None,,0.0,2026-03-18 08:12:27.053578948
CASE000783,S00506,SUB008345,ASSIGN00443,2026-07-23 19:17:39.687268424,2026-07-22 18:43:40.532014077,Academic Misconduct,AI Detector,Medium,56.69,False,False,False,False,4.0,No Response,False,,Dismissed,None,,0.0,2026-07-28 01:17:39.687268424
CASE000784,S00483,SUB008390,ASSIGN00445,2025-09-30 07:21:32.035551806,2025-09-29 02:15:14.664419355,AI Misuse,Faculty Report,Low,60.38,False,True,False,True,12.0,Denied,False,,Not Guilty,None,,0.0,2025-10-12 12:21:32.035551806
CASE000785,S00658,SUB008392,ASSIGN00445,2025-09-27 08:09:25.271874071,2025-09-27 00:54:29.138655742,AI Misuse,Faculty Report,Low,33.47,False,False,False,True,4.0,Denied,False,,Not Guilty,None,,0.0,2025-10-01 11:09:25.271874071
CASE000786,S01155,SUB008425,ASSIGN00447,2025-10-17 23:09:47.458834596,2025-10-17 15:59:19.145223071,Academic Misconduct,AI Detector,High,85.25,False,True,False,False,3.0,Denied,False,,Guilty,Moderate,Academic Probation,8.0,2025-10-21 03:09:47.458834596
CASE000787,S00443,SUB008453,ASSIGN00448,2026-10-25 11:43:32.934784739,2026-10-25 01:14:59.292971738,Academic Misconduct,Automated Monitoring,Medium,56.04,False,True,False,False,7.0,Denied,False,,Guilty,Warning,Formal Warning,1.0,2026-11-01 12:43:32.934784739
CASE000788,S00675,SUB008456,ASSIGN00449,2025-11-20 11:46:42.921949753,2025-11-20 01:47:48.942977062,Unauthorized File Sharing,Plagiarism Screening,Medium,51.33,True,True,False,False,16.0,Denied,False,,Dismissed,None,,0.0,2025-12-06 14:46:42.921949753
CASE000789,S00442,SUB008469,ASSIGN00449,2025-11-19 17:45:06.481425893,2025-11-18 10:41:48.724993819,AI Misuse,AI Detector,Medium,73.96,False,True,True,False,,Partial Admission,False,,Pending,None,,0.0,
CASE000790,S00729,SUB008474,ASSIGN00450,2025-09-28 11:54:37.784516957,2025-09-27 13:37:04.845797437,Plagiarism,AI Detector,Medium,85.97,False,True,False,False,4.0,Denied,True,2025-10-21 21:54:37.784516957,Guilty,Moderate,Course Grade Reduction,6.0,2025-10-02 21:54:37.784516957
CASE000791,S01141,SUB008499,ASSIGN00451,2027-03-28 10:08:04.830678314,2027-03-28 02:05:54.974844133,AI Misuse,Automated Monitoring,Medium,74.66,False,True,False,False,13.0,Denied,False,,Dismissed,None,,0.0,2027-04-10 12:08:04.830678314
CASE000792,S00754,SUB008518,ASSIGN00452,2025-10-14 23:54:22.476261123,2025-10-13 14:12:50.022333673,AI Misuse,AI Detector,High,65.34,False,False,False,False,11.0,Partial Admission,False,,Guilty,Moderate,Academic Probation,8.0,2025-10-26 09:54:22.476261123
CASE000793,S01320,SUB008519,ASSIGN00453,2026-07-01 06:25:20.866533188,2026-06-29 23:49:31.443712124,Academic Misconduct,Similarity Check,High,89.73,False,True,False,False,24.0,Admitted,False,,Guilty,Moderate,Course Grade Reduction,6.0,2026-07-25 10:25:20.866533188
CASE000794,S00227,SUB008532,ASSIGN00453,2026-06-27 09:27:25.487788546,2026-06-26 13:15:10.082212232,AI Misuse,Similarity Check,Medium,67.64,False,True,False,False,2.0,Partial Admission,False,,Guilty,Moderate,Academic Probation,8.0,2026-06-29 10:27:25.487788546
CASE000795,S00794,SUB008536,ASSIGN00453,2026-06-28 13:17:38.721773995,2026-06-28 05:35:55.373678711,Unauthorized Collaboration,AI Detector,High,75.36,False,True,False,False,7.0,Denied,False,,Insufficient Evidence,None,,0.0,2026-07-06 00:17:38.721773995
CASE000796,S00309,SUB008548,ASSIGN00454,2026-07-11 21:04:29.871972426,2026-07-11 07:37:15.645550182,AI Misuse,Similarity Check,High,85.07,True,False,False,False,4.0,Denied,False,,Guilty,Moderate,Course Grade Reduction,6.0,2026-07-16 07:04:29.871972426
CASE000797,S01344,SUB008561,ASSIGN00455,2026-02-16 18:11:04.405342444,2026-02-16 03:54:27.792320011,Plagiarism,AI Detector,Medium,66.29,False,True,False,False,4.0,Denied,False,,Dismissed,None,,0.0,2026-02-20 19:11:04.405342444
CASE000798,S00585,SUB008588,ASSIGN00457,2027-03-20 10:46:58.259255130,2027-03-18 14:48:03.141201884,Plagiarism,Similarity Check,Medium,61.22,True,True,False,False,4.0,Denied,False,,Dismissed,None,,0.0,2027-03-24 11:46:58.259255130
CASE000799,S01223,SUB008598,ASSIGN00457,2027-03-20 15:23:03.890051544,2027-03-19 16:38:13.911427410,Academic Misconduct,Similarity Check,Medium,74.68,False,True,False,False,3.0,Denied,False,,Dismissed,None,,0.0,2027-03-23 17:23:03.890051544
CASE000800,S01461,SUB008611,ASSIGN00458,2026-03-31 10:50:08.701545489,2026-03-30 17:38:06.221960627,Academic Misconduct,AI Detector,High,82.34,False,False,False,False,2.0,Denied,False,,Insufficient Evidence,None,,0.0,2026-04-02 12:50:08.701545489
CASE000801,S00692,SUB008635,ASSIGN00459,2027-02-11 22:14:58.168298418,2027-02-10 07:33:47.985431139,Unauthorized File Sharing,Similarity Check,Low,38.42,False,False,False,False,9.0,Denied,False,,Not Guilty,None,,0.0,2027-02-21 03:14:58.168298418
CASE000802,S01485,SUB008658,ASSIGN00460,2025-10-23 17:01:16.994765697,2025-10-23 12:14:16.100977602,Unauthorized Collaboration,Automated Monitoring,Low,46.89,True,False,False,False,2.0,Denied,False,,Insufficient Evidence,None,,0.0,2025-10-25 18:01:16.994765697
CASE000803,S00579,SUB008680,ASSIGN00461,2025-10-04 03:39:51.600986556,2025-10-02 09:51:44.138711482,Unauthorized Collaboration,AI Detector,Medium,61.78,False,False,False,False,9.0,No Response,True,2025-10-28 15:39:51.600986556,Insufficient Evidence,None,,0.0,2025-10-13 15:39:51.600986556
CASE000804,S01238,SUB008681,ASSIGN00462,2025-10-11 16:39:09.006091600,2025-10-10 23:55:03.954534724,Plagiarism,Unknown,Low,43.62,False,False,False,False,4.0,Denied,False,,Dismissed,None,,0.0,2025-10-15 20:39:00.000000000
CASE000805,S00521,SUB008685,ASSIGN00462,2025-10-10 04:47:16.115845140,2025-10-09 23:45:06.784148395,Plagiarism,Similarity Check,Low,51.78,False,False,False,False,4.0,Denied,False,,Guilty,Moderate,Course Grade Reduction,6.0,2025-10-14 09:47:16.115845140
CASE000806,S00712,SUB008721,ASSIGN00464,2026-07-18 19:25:32.804552667,2026-07-17 08:32:36.173721829,Unauthorized Collaboration,Faculty Report,Low,26.02,False,False,False,True,10.0,Denied,True,2026-08-01 22:25:32.804552667,Insufficient Evidence,None,,0.0,2026-07-28 22:25:32.804552667
CASE000807,S00856,SUB008723,ASSIGN00464,2026-07-20 12:37:15.198538753,2026-07-19 19:58:14.955506765,Unauthorized Collaboration,AI Detector,High,66.86,False,True,False,False,2.0,Partial Admission,False,,Insufficient Evidence,None,,0.0,2026-07-22 18:37:15.198538753
CASE000808,S01013,SUB008726,ASSIGN00464,2026-07-18 22:04:08.414752675,2026-07-17 02:20:59.026366810,Plagiarism,AI Detector,High,75.73,False,True,False,False,13.0,No Response,False,,Insufficient Evidence,None,,0.0,2026-08-01 01:04:08.414752675
CASE000809,S01447,SUB008740,ASSIGN00465,2026-07-29 00:44:04.541946799,2026-07-28 04:18:18.515414984,Plagiarism,AI Detector,High,61.95,False,True,False,False,20.0,Denied,False,,Not Guilty,None,,0.0,2026-08-18 06:44:04.541946799
CASE000810,S00618,SUB008741,ASSIGN00465,2026-07-29 04:23:42.817042439,2026-07-27 05:49:55.925914126,Plagiarism,AI Detector,Low,69.6,False,True,False,False,14.0,Admitted,True,2026-08-23 12:23:42.817042439,Guilty,Moderate,Course Grade Reduction,6.0,2026-08-12 12:23:42.817042439
CASE000811,S01066,SUB008748,ASSIGN00465,2026-07-30 10:08:21.168884786,2026-07-29 15:52:35.304990777,Unauthorized Collaboration,AI Detector,Medium,68.0,False,True,False,False,20.0,Denied,False,,Insufficient Evidence,None,,0.0,2026-08-19 13:08:21.168884786
CASE000812,S01424,SUB008770,ASSIGN00466,2027-03-19 22:25:51.915084431,2027-03-19 11:10:09.538021949,Unauthorized File Sharing,AI Detector,Low,73.06,False,True,False,False,19.0,Denied,False,,Insufficient Evidence,None,,0.0,2027-04-08 09:25:51.915084431
CASE000813,S00265,SUB008775,ASSIGN00466,2027-03-20 13:53:20.624535746,2027-03-20 04:24:35.838998587,Academic Misconduct,Automated Monitoring,Low,44.82,True,False,False,False,13.0,Denied,True,2027-04-14 20:53:20.624535746,Guilty,Moderate,Assignment Grade Penalty,4.0,2027-04-02 20:53:20.624535746
CASE000814,S00029,SUB008779,ASSIGN00466,2027-03-16 21:49:23.308349853,2027-03-16 15:07:37.555609927,Plagiarism,AI Detector,High,83.4,False,True,True,False,7.0,Denied,False,,Dismissed,None,,0.0,2027-03-24 05:49:23.308349853
CASE000815,S00193,SUB008793,ASSIGN00467,2026-07-12 21:49:57.778030229,2026-07-12 00:29:27.259421109,Other Integrity Concern,Faculty Report,Medium,81.25,False,False,False,True,1.0,Denied,False,,Insufficient Evidence,None,,0.0,2026-07-14 02:49:57.778030229
CASE000816,S00594,SUB008803,ASSIGN00467,2026-07-11 21:37:06.940031441,2026-07-11 07:31:43.277371220,Academic Misconduct,Faculty Report,Low,65.97,False,False,False,True,5.0,Partial Admission,False,,Dismissed,None,,0.0,2026-07-17 07:37:06.000000000
CASE000817,S00798,SUB008804,ASSIGN00468,2027-04-01 19:27:46.895570119,2027-04-01 04:48:14.974582747,Unauthorized File Sharing,Automated Monitoring,High,77.51,False,True,False,False,12.0,No Response,False,,Insufficient Evidence,None,,0.0,2027-04-13 20:27:46.895570119
CASE000818,S00495,SUB008811,ASSIGN00468,2027-03-31 19:54:02.162669637,2027-03-30 13:59:47.756654700,Academic Misconduct,Faculty Report,Low,35.47,False,False,False,True,2.0,Denied,False,,Dismissed,None,,0.0,2027-04-02 22:54:02.162669637
CASE000819,S00674,SUB008814,ASSIGN00468,2027-04-01 01:53:00.507792821,2027-03-31 23:33:52.306094380,AI Misuse,AI Detector,Medium,67.68,False,True,False,False,5.0,No Response,True,2027-04-09 06:53:00.507792821,Insufficient Evidence,None,,0.0,2027-04-06 06:53:00.507792821
CASE000820,S00054,SUB008817,ASSIGN00469,2027-02-13 02:44:46.517959555,2027-02-12 16:30:34.522420918,Plagiarism,Faculty Report,Low,49.98,False,False,False,True,12.0,Admitted,False,,Not Guilty,None,,0.0,2027-02-25 03:44:46.517959555
CASE000821,S00941,SUB008831,ASSIGN00469,2027-02-14 12:25:30.462287925,2027-02-13 06:32:00.000000000,Other Integrity Concern,Faculty Report,Low,27.39,False,False,False,True,26.0,No Response,False,,Insufficient Evidence,None,,0.0,2027-03-12 14:25:30.462287925
CASE000822,S00543,SUB008835,ASSIGN00469,2027-02-13 09:48:23.606895954,2027-02-11 21:27:05.294464035,AI Misuse,AI Detector,High,76.45,False,True,True,False,,No Response,True,,Pending,None,,0.0,
CASE000823,S00155,SUB008839,ASSIGN00469,2027-02-12 03:31:04.035823092,2027-02-12 01:14:07.160767971,AI Misuse,AI Detector,Medium,70.36,False,True,False,False,6.0,Admitted,False,,Guilty,Moderate,Assignment Grade Penalty,4.0,2027-02-18 11:31:04.035823092
CASE000824,S00540,SUB008891,ASSIGN00471,2025-11-12 08:52:55.305907696,2025-11-12 04:44:40.024864512,Plagiarism,Faculty Report,Low,25.6,False,False,False,True,22.0,Partial Admission,False,,Insufficient Evidence,None,,0.0,2025-12-04 17:52:55.000000000
CASE000825,S00018,SUB008898,ASSIGN00472,2026-10-24 23:43:41.943451176,2026-10-24 14:57:26.491850773,Academic Misconduct,AI Detector,Medium,77.39,False,False,False,False,3.0,Partial Admission,False,,Dismissed,None,,0.0,2026-10-28 01:43:41.943451176
CASE000826,S00398,SUB008903,ASSIGN00472,2026-10-26 01:12:28.701879497,2026-10-24 03:37:13.816064791,AI Misuse,Unknown,Medium,71.67,False,True,False,False,,Denied,False,,Pending,None,,0.0,
CASE000827,S00656,SUB008911,ASSIGN00472,2026-10-26 17:37:16.195635426,2026-10-24 17:45:37.247987960,Academic Misconduct,AI Detector,High,63.68,False,False,True,False,15.0,No Response,False,,Not Guilty,None,,0.0,2026-11-11 05:37:16.195635426
CASE000828,S00091,SUB008922,ASSIGN00473,2027-04-08 20:28:53.386720193,2027-04-07 08:50:52.320492917,Plagiarism,Automated Monitoring,Low,59.71,False,True,True,False,10.0,No Response,False,,Dismissed,None,,0.0,2027-04-19 06:28:53.386720193
CASE000829,S00731,SUB008930,ASSIGN00473,2027-04-07 16:49:49.239347876,2027-04-07 15:23:14.601593886,Plagiarism,Automated Monitoring,High,69.46,False,True,False,False,9.0,Admitted,False,,Guilty,Severe,Academic Probation,8.0,2027-04-16 22:49:49.239347876
CASE000830,S00776,SUB008932,ASSIGN00473,2027-04-08 01:41:52.515886520,2027-04-07 06:40:32.187176773,AI Misuse,AI Detector,Medium,70.17,False,True,False,False,4.0,Admitted,False,,Not Guilty,None,,0.0,2027-04-12 05:41:52.515886520
CASE000831,S00615,SUB008939,ASSIGN00474,2026-03-27 00:10:24.155941690,2026-03-25 22:36:11.362884134,Plagiarism,Peer Report,Low,31.84,False,True,False,False,3.0,Denied,False,,Dismissed,None,,0.0,2026-03-30 06:10:24.155941690
CASE000832,S01430,SUB008946,ASSIGN00474,2026-03-24 03:30:10.273214116,2026-03-23 13:29:36.026331355,Unauthorized Collaboration,AI Detector,Medium,73.6,False,False,False,False,4.0,Admitted,True,2026-04-06 04:30:10.273214116,Guilty,Warning,Formal Warning,1.0,2026-03-28 04:30:10.273214116
CASE000833,S01211,SUB008966,ASSIGN00475,2026-07-06 16:33:08.678529143,2026-07-05 09:36:20.405450937,AI Misuse,Similarity Check,Medium,68.3,False,True,False,False,13.0,No Response,False,,Insufficient Evidence,None,,0.0,2026-07-19 20:33:08.678529143
CASE000834,S00508,SUB008996,ASSIGN00476,2025-10-29 11:30:43.518488625,2025-10-27 11:34:24.152322095,AI Misuse,AI Detector,Medium,73.29,False,True,False,False,11.0,Admitted,False,,Insufficient Evidence,None,,0.0,2025-11-09 17:30:43.518488625
CASE000835,S00175,SUB009030,ASSIGN00478,2026-10-11 09:21:32.636344245,2026-10-10 12:48:00.000000000,AI Misuse,Similarity Check,Low,26.35,False,False,False,False,8.0,Denied,False,,Dismissed,None,,0.0,2026-10-19 14:21:32.636344245
CASE000836,S00722,SUB009035,ASSIGN00478,2026-10-12 10:19:05.857219362,2026-10-11 02:50:32.147714445,Plagiarism,Peer Report,Low,62.35,False,True,False,False,1.0,Admitted,False,,Not Guilty,None,,0.0,2026-10-13 11:19:05.857219362
CASE000837,S00202,SUB009036,ASSIGN00478,2026-10-14 16:13:10.393000557,2026-10-12 19:00:46.325427869,Plagiarism,Faculty Report,Low,33.7,False,False,True,True,9.0,Admitted,False,,Dismissed,None,,0.0,2026-10-24 01:13:10.393000557
CASE000838,S00467,SUB009047,ASSIGN00479,2026-10-01 07:47:48.431021506,2026-09-30 20:21:50.275005322,Plagiarism,Faculty Report,Low,33.18,False,True,False,True,18.0,Denied,False,,Insufficient Evidence,None,,0.0,2026-10-19 13:47:48.431021506
CASE000839,S01146,SUB009052,ASSIGN00479,2026-10-02 22:18:44.279676808,2026-10-01 03:27:28.169933542,Plagiarism,Automated Monitoring,Medium,69.7,False,True,False,False,1.0,No Response,False,,Guilty,Moderate,Academic Probation,8.0,2026-10-04 06:18:44.279676808
CASE000840,S01252,SUB009053,ASSIGN00479,2026-10-01 20:56:44.403439324,2026-10-01 06:18:57.934957220,Academic Misconduct,Faculty Report,Low,27.35,False,False,False,True,15.0,No Response,False,,Insufficient Evidence,None,,0.0,2026-10-17 03:56:44.403439324
CASE000841,S01245,SUB009054,ASSIGN00479,2026-10-01 16:38:50.420124017,2026-09-30 17:54:02.114549707,Unauthorized Collaboration,Faculty Report,Low,45.16,False,False,True,True,1.0,Admitted,True,2026-10-20 17:38:50.420124017,Not Guilty,None,,0.0,2026-10-02 17:38:50.420124017
CASE000842,S00657,SUB009069,ASSIGN00479,2026-10-03 14:44:03.929086479,2026-10-03 05:40:50.200258442,Unauthorized Collaboration,Faculty Report,High,70.51,False,False,True,True,9.0,No Response,False,,Dismissed,None,,0.0,2026-10-12 20:44:03.929086479
CASE000843,S00114,SUB009085,ASSIGN00480,2025-09-26 11:35:21.630769644,2025-09-25 04:04:45.254814650,AI Misuse,Similarity Check,Low,47.22,False,False,False,False,3.0,Denied,False,,Dismissed,None,,0.0,2025-09-29 18:35:21.630769644
CASE000844,S00908,SUB009091,ASSIGN00480,2025-09-26 13:19:20.284047524,2025-09-25 22:10:02.451119341,Academic Misconduct,AI Detector,Medium,61.04,False,True,False,False,7.0,Admitted,False,,Insufficient Evidence,None,,0.0,2025-10-03 21:19:20.284047524
CASE000845,S00405,SUB009092,ASSIGN00480,2025-09-25 23:31:40.684690295,2025-09-25 05:55:43.363845965,AI Misuse,AI Detector,High,81.04,False,True,False,False,16.0,Admitted,False,,Dismissed,None,,0.0,2025-10-12 09:31:40.684690295
CASE000846,S01158,SUB009099,ASSIGN00481,2027-03-10 06:35:19.836856624,2027-03-09 09:11:19.037211319,AI Misuse,AI Detector,High,79.1,False,True,False,False,8.0,Denied,False,,Dismissed,None,,0.0,2027-03-18 09:35:19.836856624
CASE000847,S01152,SUB009102,ASSIGN00481,2027-03-11 21:39:29.996924361,2027-03-10 03:40:14.373523702,AI Misuse,AI Detector,Medium,56.59,False,False,False,False,4.0,Denied,False,,Insufficient Evidence,None,,0.0,2027-03-16 06:39:29.996924361
CASE000848,S00948,SUB009109,ASSIGN00482,2025-10-26 19:55:15.754240114,2025-10-25 03:49:29.922966166,Academic Misconduct,AI Detector,High,75.64,False,True,True,False,8.0,Denied,False,,Guilty,Moderate,Assignment Grade Penalty,4.0,2025-11-04 03:55:15.754240114
CASE000849,S00776,SUB009127,ASSIGN00483,2025-10-14 07:26:53.289818167,2025-10-12 19:15:50.192217294,Academic Misconduct,Automated Monitoring,Medium,72.39,False,True,False,False,5.0,Denied,False,,Guilty,Moderate,Course Grade Reduction,6.0,2025-10-19 10:26:53.289818167
CASE000850,S00593,SUB009159,ASSIGN00485,2026-03-02 15:47:15.745396958,2026-03-02 06:37:04.752910259,Plagiarism,Peer Report,Medium,30.31,False,False,False,False,,Denied,False,,Pending,None,,0.0,
CASE000851,S00308,SUB009187,ASSIGN00486,2027-03-30 02:11:02.374815289,2027-03-29 09:39:01.442086676,AI Misuse,AI Detector,Medium,51.34,False,False,False,False,12.0,No Response,False,,Dismissed,None,,0.0,2027-04-11 04:11:02.374815289
CASE000852,S00045,SUB009192,ASSIGN00487,2025-12-03 03:06:04.483226944,2025-12-01 08:04:00.699777712,Academic Misconduct,AI Detector,Low,63.53,False,True,False,False,3.0,Denied,False,,Not Guilty,None,,0.0,2025-12-06 10:06:04.483226944
CASE000853,S00177,SUB009204,ASSIGN00488,2026-03-06 09:26:59.999778872,2026-03-04 21:34:38.228712568,Plagiarism,Peer Report,Medium,74.64,False,True,False,False,12.0,Denied,False,,Guilty,Severe,Suspension,15.0,2026-03-18 12:26:59.999778872
CASE000854,S01453,SUB009205,ASSIGN00488,2026-03-05 22:21:54.842945746,2026-03-04 05:14:16.700402688,Academic Misconduct,Faculty Report,Medium,54.97,False,True,False,True,2.0,No Response,True,2026-03-21 23:21:54.842945746,Not Guilty,None,,0.0,2026-03-07 23:21:54.842945746
CASE000855,S00062,SUB009206,ASSIGN00488,2026-03-03 14:44:28.324862858,2026-03-03 07:42:42.832364280,Unauthorized Collaboration,Peer Report,Low,30.64,False,False,True,False,6.0,Admitted,False,,Dismissed,None,,0.0,2026-03-09 22:44:28.324862858
CASE000856,S00762,SUB009209,ASSIGN00488,2026-03-05 07:24:17.238974668,2026-03-04 16:03:45.324441147,Academic Misconduct,Automated Monitoring,Medium,53.42,False,True,False,False,,No Response,False,,Insufficient Evidence,None,,0.0,2026-03-15 12:24:17.238974668
CASE000857,S00950,SUB009222,ASSIGN00489,2026-04-05 14:43:47.670955071,2026-04-03 16:54:19.608688811,Plagiarism,AI Detector,High,78.25,True,True,False,False,4.0,Partial Admission,False,,Guilty,Moderate,Academic Probation,8.0,2026-04-09 20:43:47.670955071
CASE000858,S00094,SUB009226,ASSIGN00489,2026-04-04 22:42:11.281280250,2026-04-04 02:48:18.110646592,AI Misuse,AI Detector,Medium,53.44,False,False,False,False,,Denied,False,,Pending,None,,0.0,
CASE000859,S00907,SUB009256,ASSIGN00491,2026-10-22 06:36:35.974617042,2026-10-21 13:05:22.101670188,AI Misuse,Automated Monitoring,Medium,60.43,False,True,False,False,44.0,Denied,False,,Insufficient Evidence,None,,0.0,2026-12-05 16:36:35.000000000
CASE000860,S00855,SUB009278,ASSIGN00492,2026-06-25 20:00:03.683329543,2026-06-25 02:39:45.663300163,Other Integrity Concern,Similarity Check,High,55.65,False,False,False,False,9.0,No Response,False,,Insufficient Evidence,None,,0.0,2026-07-05 06:00:03.683329543
CASE000861,S00769,SUB009297,ASSIGN00493,2027-03-19 22:02:38.875857482,2027-03-17 22:51:19.921271242,Unauthorized Collaboration,AI Detector,Medium,69.99,False,True,False,False,5.0,Admitted,False,,Guilty,Moderate,Assignment Grade Penalty,4.0,2027-03-25 02:02:38.875857482
CASE000862,S01299,SUB009324,ASSIGN00494,2025-10-02 21:50:50.353548332,2025-10-01 05:32:49.253397324,Other Integrity Concern,AI Detector,High,87.15,False,True,False,False,4.0,Denied,False,,Dismissed,None,,0.0,2025-10-07 08:50:50.353548332
CASE000863,S00265,SUB009332,ASSIGN00495,2026-07-26 03:38:23.520151111,2026-07-25 22:22:47.481485473,Academic Misconduct,Similarity Check,Medium,29.39,False,False,True,False,11.0,Denied,True,2026-08-14 15:38:23.520151111,Dismissed,None,,0.0,2026-08-06 15:38:23.520151111
CASE000864,S00923,SUB009353,ASSIGN00496,2026-07-23 14:04:51.189048007,2026-07-21 20:47:35.518572418,Unauthorized Collaboration,AI Detector,Medium,70.38,False,False,False,False,15.0,Admitted,False,,Insufficient Evidence,None,,0.0,2026-08-07 18:04:51.189048007
CASE000865,S00061,SUB009362,ASSIGN00496,2026-07-22 10:25:48.048564894,2026-07-21 01:07:31.710155382,AI Misuse,Faculty Report,Medium,59.8,False,False,False,True,12.0,Denied,False,,Guilty,Warning,Formal Warning,1.0,2026-08-03 13:25:48.048564894
CASE000866,S01461,SUB009374,ASSIGN00497,2026-10-07 19:46:41.624985197,2026-10-06 01:55:57.310374926,Unauthorized Collaboration,AI Detector,High,78.31,False,True,False,False,17.0,Admitted,False,,Dismissed,None,,0.0,2026-10-25 02:46:41.624985197
CASE000867,S00985,SUB009378,ASSIGN00497,2026-10-05 13:50:47.921428728,2026-10-04 09:21:00.000000000,Plagiarism,AI Detector,Low,70.86,False,False,False,False,10.0,Admitted,False,,Not Guilty,None,,0.0,2026-10-15 23:50:47.921428728
CASE000868,S01061,SUB009388,ASSIGN00498,2026-03-21 06:02:48.337608804,2026-03-19 08:14:29.643201268,AI Misuse,AI Detector,Medium,62.4,False,False,False,False,10.0,Admitted,False,,Not Guilty,None,,0.0,2026-03-31 13:02:00.000000000
CASE000869,S00906,SUB009400,ASSIGN00498,2026-03-19 15:26:23.167090144,2026-03-18 13:21:32.213314904,Plagiarism,Faculty Report,Low,37.32,False,True,False,True,21.0,Denied,False,,Not Guilty,None,,0.0,2026-04-09 20:26:23.167090144
CASE000870,S01054,SUB009401,ASSIGN00498,2026-03-22 07:13:26.869786953,2026-03-21 07:35:52.219009268,AI Misuse,Peer Report,High,50.14,False,False,False,False,,Admitted,False,,Pending,None,,0.0,
CASE000871,S00680,SUB009432,ASSIGN00500,2027-04-21 12:43:03.000269038,2027-04-20 02:14:43.360225045,Plagiarism,Faculty Report,High,74.96,False,True,False,True,21.0,Admitted,False,,Insufficient Evidence,None,,0.0,2027-05-13 00:43:03.000269038
CASE000872,S00872,SUB009434,ASSIGN00500,2027-04-22 19:44:03.564259456,2027-04-21 02:03:39.342050504,Plagiarism,AI Detector,Medium,66.85,False,True,False,False,20.0,Admitted,False,,Dismissed,None,,0.0,2027-05-12 22:44:03.564259456
CASE000873,S01060,SUB009494,ASSIGN00504,2026-10-22 08:29:08.598997498,2026-10-21 15:00:41.889245387,AI Misuse,Automated Monitoring,Medium,65.94,False,True,False,False,8.0,Denied,False,,Guilty,Moderate,Academic Probation,8.0,2026-10-30 12:29:08.598997498
CASE000874,S00204,SUB009500,ASSIGN00504,2026-10-22 04:28:06.612237116,2026-10-22 00:16:57.886792169,Academic Misconduct,Faculty Report,Medium,68.13,False,True,False,True,9.0,Admitted,False,,Dismissed,None,,0.0,2026-10-31 10:28:06.612237116
CASE000875,S00894,SUB009502,ASSIGN00504,2026-10-22 02:34:23.093851782,2026-10-21 17:03:44.980616755,AI Misuse,Faculty Report,Low,37.67,False,True,False,True,4.0,Denied,False,,Not Guilty,None,,0.0,2026-10-26 03:34:23.093851782
CASE000876,S00756,SUB009505,ASSIGN00505,2026-10-03 22:42:05.301072680,2026-10-03 10:14:34.440377936,Academic Misconduct,Unknown,High,70.96,False,False,False,False,26.0,Admitted,False,,Guilty,Warning,Formal Warning,1.0,2026-10-30 05:42:05.301072680
CASE000877,S00788,SUB009518,ASSIGN00505,2026-10-04 07:46:15.868256983,2026-10-02 16:23:45.429911472,Plagiarism,Faculty Report,Low,32.93,False,False,False,True,7.0,Denied,False,,Dismissed,None,,0.0,2026-10-11 19:46:15.868256983
CASE000878,S00130,SUB009523,ASSIGN00505,2026-10-03 09:19:41.121863005,2026-10-02 20:40:40.816919794,AI Misuse,AI Detector,High,75.96,False,False,False,False,15.0,Admitted,False,,Dismissed,None,,0.0,2026-10-18 15:19:41.121863005
CASE000879,S00449,SUB009547,ASSIGN00507,2026-10-17 01:56:48.861095396,2026-10-15 21:16:48.546619625,AI Misuse,Faculty Report,Medium,64.95,False,True,False,True,8.0,No Response,False,,Guilty,Warning,Formal Warning,1.0,2026-10-25 05:56:48.861095396
CASE000880,S01088,SUB009568,ASSIGN00508,2026-04-04 08:44:54.004622560,2026-04-02 20:31:26.596060722,Unauthorized Collaboration,Faculty Report,Medium,60.37,False,True,True,True,1.0,Denied,False,,Guilty,Warning,Formal Warning,1.0,2026-04-05 15:44:54.004622560
CASE000882,S00292,SUB009592,ASSIGN00509,2027-03-10 18:50:03.930770124,2027-03-09 07:00:08.362208779,AI Misuse,AI Detector,High,78.36,False,True,False,False,14.0,Admitted,False,,Dismissed,None,,0.0,2027-03-24 21:50:03.930770124
CASE000883,S01055,SUB009593,ASSIGN00510,2026-02-15 04:20:49.810718934,2026-02-14 04:51:03.130097128,Plagiarism,Faculty Report,Low,15.35,False,False,False,True,2.0,No Response,False,,Dismissed,None,,0.0,2026-02-17 11:20:49.810718934
CASE000884,S00166,SUB009599,ASSIGN00510,2026-02-15 18:27:01.456223255,2026-02-14 19:44:08.087554880,AI Misuse,Plagiarism Screening,High,54.03,True,False,False,False,8.0,Denied,False,,Not Guilty,None,,0.0,2026-02-24 06:27:01.456223255
CASE000885,S01371,SUB009619,ASSIGN00511,2025-10-14 21:32:52.859902335,2025-10-14 01:32:39.163894856,Academic Misconduct,AI Detector,High,63.53,False,True,False,False,4.0,Admitted,False,,Insufficient Evidence,None,,0.0,2025-10-19 00:32:52.859902335
CASE000886,S00003,SUB009636,ASSIGN00512,2027-03-31 09:39:01.222035514,2027-03-31 01:08:45.983958760,Academic Misconduct,Faculty Report,Low,35.18,False,True,False,True,13.0,No Response,False,,Not Guilty,None,,0.0,2027-04-13 20:39:01.222035514
CASE000887,S00994,SUB009648,ASSIGN00512,2027-04-02 09:45:18.214995959,2027-03-31 17:54:38.356517508,Academic Misconduct,AI Detector,High,68.04,False,True,True,False,10.0,Denied,False,,Insufficient Evidence,None,,0.0,2027-04-12 20:45:18.214995959
CASE000888,S01330,SUB009650,ASSIGN00513,2027-03-28 01:53:29.036481661,2027-03-27 17:20:10.066594895,Academic Misconduct,Similarity Check,Low,25.66,False,False,False,False,19.0,Partial Admission,False,,Not Guilty,None,,0.0,2027-04-16 12:53:29.036481661
CASE000889,S01231,SUB009653,ASSIGN00513,2027-03-26 14:29:56.564740214,2027-03-25 21:07:39.011560510,Other Integrity Concern,Faculty Report,Medium,10.58,False,False,False,True,19.0,No Response,False,,Insufficient Evidence,None,,0.0,2027-04-15 02:29:56.564740214
CASE000890,S01016,SUB009662,ASSIGN00513,2027-03-27 15:22:41.480150457,2027-03-27 06:16:03.173517894,Plagiarism,Automated Monitoring,Low,39.7,False,True,False,False,20.0,No Response,False,,Insufficient Evidence,None,,0.0,2027-04-16 20:22:41.480150457
CASE000891,S00016,SUB009666,ASSIGN00513,2027-03-28 21:23:55.696960162,2027-03-27 06:01:23.510997971,AI Misuse,AI Detector,Low,66.81,False,True,False,False,1.0,Denied,False,,Guilty,Warning,Formal Warning,1.0,2027-03-30 06:23:55.696960162
CASE000892,S00728,SUB009682,ASSIGN00514,2026-10-31 16:16:00.000000000,2026-10-30 22:02:42.179248018,Unauthorized File Sharing,Unknown,Medium,72.54,False,False,False,False,13.0,Admitted,False,,Guilty,Severe,Academic Probation,8.0,2026-11-13 18:16:28.136627437
CASE000893,S00632,SUB009692,ASSIGN00515,2026-07-26 15:11:35.895326671,2026-07-25 16:58:03.841777942,AI Misuse,Faculty Report,Low,52.75,False,False,False,True,2.0,Denied,False,,Dismissed,None,,0.0,2026-07-28 22:11:35.895326671
CASE000894,S00917,SUB009716,ASSIGN00516,2026-10-19 16:06:09.938695709,2026-10-17 22:23:18.004961526,Plagiarism,Peer Report,Low,44.27,False,False,False,False,,Denied,False,,Pending,None,,0.0,
CASE000895,S00194,SUB009738,ASSIGN00517,2026-10-08 04:23:05.883213635,2026-10-06 19:40:19.008270047,Unauthorized Collaboration,Automated Monitoring,High,72.78,False,True,False,False,4.0,Denied,False,,Guilty,Severe,Suspension,15.0,2026-10-12 06:23:05.883213635
CASE000896,S00071,SUB009740,ASSIGN00517,2026-10-04 23:30:03.772832406,2026-10-04 10:17:32.840408511,Academic Misconduct,AI Detector,High,54.73,False,False,False,False,20.0,Denied,False,,Dismissed,None,,0.0,2026-10-25 05:30:03.772832406
CASE000897,S00083,SUB009756,ASSIGN00517,2026-10-05 15:45:27.393085860,2026-10-05 09:57:52.360243194,AI Misuse,Peer Report,Low,40.7,False,False,False,False,17.0,Denied,False,,Dismissed,None,,0.0,2026-10-23 03:45:27.393085860
CASE000898,S00193,SUB009767,ASSIGN00518,2025-10-16 16:23:41.896019477,2025-10-14 20:08:41.314459065,AI Misuse,Peer Report,Medium,45.65,False,False,False,False,4.0,Admitted,False,,Dismissed,None,,0.0,2025-10-20 18:23:41.896019477
CASE000899,S00806,SUB009775,ASSIGN00519,2026-11-21 03:21:58.814467080,2026-11-19 14:19:03.201476220,Academic Misconduct,Peer Report,Low,23.92,False,False,False,False,,Partial Admission,False,,Pending,None,,0.0,
CASE000900,S00661,SUB009782,ASSIGN00519,2026-11-20 22:24:57.514018564,2026-11-19 20:19:18.208351680,Unauthorized Collaboration,AI Detector,High,76.25,False,False,False,False,9.0,Denied,False,,Not Guilty,None,,0.0,2026-11-30 05:24:00.000000000
CASE000901,S00522,SUB009790,ASSIGN00519,2026-11-20 17:59:09.291879213,2026-11-20 14:14:06.327579460,AI Misuse,AI Detector,Medium,70.08,False,False,False,False,10.0,No Response,False,,Insufficient Evidence,None,,0.0,2026-12-01 00:59:09.291879213
CASE000902,S00929,SUB009794,ASSIGN00520,2026-06-30 22:13:13.207003030,2026-06-29 04:17:03.656320513,Other Integrity Concern,Faculty Report,Low,25.35,False,False,False,True,19.0,Denied,False,,Not Guilty,None,,0.0,2026-07-20 04:13:13.207003030
CASE000903,S00337,SUB009796,ASSIGN00520,2026-06-29 12:01:47.114412941,2026-06-29 07:45:34.737735929,Academic Misconduct,AI Detector,Medium,62.97,False,True,False,False,9.0,No Response,False,,Insufficient Evidence,None,,0.0,2026-07-08 14:01:47.114412941
CASE000904,S00297,SUB009800,ASSIGN00520,2026-07-01 01:34:51.442822146,2026-06-29 09:45:09.664084057,AI Misuse,AI Detector,High,78.02,False,False,False,False,13.0,Denied,False,,Guilty,Severe,Academic Probation,8.0,2026-07-14 06:34:51.442822146
CASE000905,S00846,SUB009802,ASSIGN00520,2026-06-30 18:26:39.142183964,2026-06-29 02:38:52.873609554,AI Misuse,Faculty Report,Low,34.27,False,False,False,True,7.0,Admitted,False,,Not Guilty,None,,0.0,2026-07-08 01:26:39.142183964
CASE000906,S00376,SUB009804,ASSIGN00520,2026-06-30 18:40:35.130886877,2026-06-29 06:04:34.534722125,AI Misuse,Faculty Report,Low,36.51,False,False,False,True,,No Response,False,,Pending,None,,0.0,
CASE000907,S00241,SUB009811,ASSIGN00520,2026-06-28 13:20:36.014220305,2026-06-27 15:29:24.005299069,AI Misuse,Similarity Check,Low,59.27,False,True,False,False,2.0,Denied,True,,Guilty,Moderate,Course Grade Reduction,6.0,2026-06-30 18:20:36.014220305
CASE000908,S01223,SUB009812,ASSIGN00520,2026-06-30 04:23:46.171123074,2026-06-29 11:09:15.985577028,Unauthorized Collaboration,AI Detector,High,80.79,False,True,False,False,20.0,Admitted,False,,Guilty,Warning,Formal Warning,1.0,2026-07-20 07:23:46.171123074
CASE000909,S00388,SUB009831,ASSIGN00521,2026-09-27 13:16:03.792349167,2026-09-25 21:23:11.842455977,AI Misuse,Faculty Report,High,76.08,False,False,False,True,23.0,Denied,False,,Insufficient Evidence,None,,0.0,2026-10-20 19:16:03.792349167
CASE000910,S00783,SUB009851,ASSIGN00522,2026-06-22 10:42:51.699310250,2026-06-21 10:24:16.720513898,Academic Misconduct,Similarity Check,High,80.97,False,False,False,False,6.0,Partial Admission,True,2026-07-14 18:42:51.699310250,Guilty,Severe,Suspension,15.0,2026-06-28 18:42:51.699310250
CASE000911,S00560,SUB009852,ASSIGN00522,2026-06-23 09:33:57.777131873,2026-06-21 14:05:39.018137809,Plagiarism,Similarity Check,Medium,65.33,False,False,False,False,25.0,Denied,False,,Guilty,Moderate,Academic Probation,8.0,2026-07-18 18:33:57.777131873
CASE000912,S00982,SUB009853,ASSIGN00522,2026-06-20 19:20:53.298118708,2026-06-20 04:59:11.918341665,Unauthorized Collaboration,Faculty Report,Low,41.73,False,True,False,True,,Denied,False,,Pending,None,,0.0,
CASE000913,S00160,SUB009854,ASSIGN00522,2026-06-23 03:45:57.500690436,2026-06-21 20:23:00.345857260,AI Misuse,Faculty Report,Low,41.11,False,False,True,True,4.0,Denied,False,,Insufficient Evidence,None,,0.0,2026-06-27 12:45:57.500690436
CASE000914,S01476,SUB009858,ASSIGN00522,2026-06-22 04:43:59.766580707,2026-06-21 18:42:40.830858048,Plagiarism,AI Detector,High,71.95,False,True,False,False,6.0,Denied,False,,Dismissed,None,,0.0,2026-06-28 11:43:59.766580707
CASE000915,S00376,SUB009863,ASSIGN00522,2026-06-21 12:15:43.179627185,2026-06-21 04:10:16.622075698,Plagiarism,Automated Monitoring,High,73.05,False,True,False,False,4.0,Denied,True,2026-07-13 00:15:43.179627185,Guilty,Moderate,Assignment Grade Penalty,4.0,2026-06-26 00:15:43.179627185
CASE000916,S00120,SUB009866,ASSIGN00523,2026-07-27 06:42:19.127233704,2026-07-26 03:26:27.274150440,Academic Misconduct,Automated Monitoring,Low,43.52,False,True,False,False,4.0,Denied,True,2026-08-10 07:42:19.127233704,Dismissed,None,,0.0,2026-07-31 07:42:19.127233704
CASE000917,S00197,SUB009907,ASSIGN00525,2025-10-20 23:40:14.138834342,2025-10-19 21:20:40.357623871,Academic Misconduct,Faculty Report,Low,14.71,False,False,False,True,32.0,Denied,False,,Dismissed,None,,0.0,2025-11-22 06:40:14.138834342
CASE000918,S00213,SUB009909,ASSIGN00525,2025-10-20 07:21:37.179968374,2025-10-19 23:47:01.752674897,Plagiarism,AI Detector,High,83.06,False,True,False,False,5.0,Denied,True,2025-10-31 11:21:00.000000000,Guilty,Warning,Formal Warning,1.0,2025-10-25 11:21:37.179968374
CASE000919,S00062,SUB009941,ASSIGN00527,2026-10-31 08:05:44.715791341,2026-10-29 22:56:08.814072315,AI Misuse,Peer Report,Low,39.13,False,False,False,False,12.0,Denied,False,,Not Guilty,None,,0.0,2026-11-12 18:05:44.715791341
CASE000920,S01441,SUB009944,ASSIGN00527,2026-10-31 13:47:07.246605713,2026-10-30 12:12:14.717162059,Unauthorized Collaboration,Peer Report,Medium,71.87,False,True,False,False,1.0,Denied,False,,Guilty,Severe,Suspension,15.0,2026-11-01 18:47:07.246605713
CASE000921,S00639,SUB009978,ASSIGN00529,2027-03-17 23:31:55.082688862,2027-03-16 04:20:54.965984246,Plagiarism,AI Detector,Medium,75.87,False,True,False,False,3.0,Admitted,False,,Guilty,Moderate,Assignment Grade Penalty,4.0,2027-03-21 11:31:55.082688862
CASE000922,S00101,SUB009982,ASSIGN00530,2025-10-10 21:38:00.484415351,2025-10-09 11:36:51.079686447,Academic Misconduct,Automated Monitoring,Medium,39.03,False,True,False,False,15.0,Admitted,False,,Dismissed,None,,0.0,2025-10-26 00:38:00.484415351
CASE000923,S00650,SUB009987,ASSIGN00530,2025-10-10 02:20:48.814110373,2025-10-08 16:21:11.791607984,AI Misuse,Faculty Report,Medium,32.25,False,False,False,True,9.0,Denied,False,,Dismissed,None,,0.0,2025-10-19 09:20:48.814110373
CASE000924,S00864,SUB009999,ASSIGN00531,2027-03-19 18:04:43.271353600,2027-03-19 11:38:59.330889862,Plagiarism,AI Detector,High,88.02,False,True,False,False,14.0,No Response,False,,Insufficient Evidence,None,,0.0,2027-04-03 00:04:43.271353600
CASE000925,S00416,SUB010006,ASSIGN00532,2026-03-07 01:44:02.759675923,2026-03-05 12:24:31.344730271,AI Misuse,Automated Monitoring,Low,20.9,False,True,False,False,3.0,Partial Admission,True,2026-03-14 11:44:02.759675923,Not Guilty,None,,0.0,2026-03-10 11:44:02.759675923
CASE000926,S01331,SUB010011,ASSIGN00532,2026-03-09 02:00:31.137840843,2026-03-07 16:09:29.535908925,AI Misuse,AI Detector,Medium,58.26,False,False,False,False,12.0,Partial Admission,True,2026-04-06 13:00:31.137840843,Guilty,Warning,Formal Warning,1.0,2026-03-21 13:00:31.137840843
CASE000927,S00921,SUB010030,ASSIGN00533,2026-06-20 21:08:07.864132841,2026-06-19 00:39:46.234205241,Plagiarism,AI Detector,Low,53.81,False,False,False,False,4.0,Denied,False,,Dismissed,None,,0.0,2026-06-25 07:08:07.864132841
CASE000928,S00180,SUB010031,ASSIGN00533,2026-06-21 01:09:38.920400669,2026-06-19 06:52:30.314420323,AI Misuse,Automated Monitoring,Medium,74.16,False,True,False,False,16.0,Denied,False,,Guilty,Warning,Formal Warning,1.0,2026-07-07 12:09:38.920400669
CASE000929,S00718,SUB010035,ASSIGN00533,2026-06-19 19:46:31.422277216,2026-06-19 18:14:43.149798499,AI Misuse,AI Detector,Medium,71.35,False,False,False,False,6.0,Partial Admission,False,,Insufficient Evidence,None,,0.0,2026-06-26 06:46:31.422277216
CASE000930,S00022,SUB010060,ASSIGN00534,2025-09-29 05:31:07.487138796,2025-09-27 21:37:18.711521467,AI Misuse,AI Detector,Medium,72.08,False,True,False,False,22.0,No Response,False,,Insufficient Evidence,None,,0.0,2025-10-21 16:31:07.487138796
CASE000931,S01386,SUB010063,ASSIGN00534,2025-09-28 16:50:24.952177630,2025-09-28 03:53:57.843386764,Unauthorized Collaboration,AI Detector,High,78.65,False,True,False,False,8.0,Admitted,False,,Dismissed,None,,0.0,2025-10-06 23:50:24.952177630
CASE000932,S01264,SUB010072,ASSIGN00535,2025-10-29 22:09:44.919892969,2025-10-29 07:27:02.715046289,Plagiarism,AI Detector,Medium,71.4,False,True,False,False,4.0,No Response,False,,Not Guilty,None,,0.0,2025-11-03 10:09:44.919892969
CASE000933,S01384,SUB010078,ASSIGN00535,2025-10-29 01:08:57.745319629,2025-10-28 18:46:07.914496154,AI Misuse,Unknown,High,94.51,True,True,False,False,11.0,Denied,False,,Guilty,Severe,Academic Probation,8.0,2025-11-09 05:08:57.745319629
CASE000934,S00834,SUB010083,ASSIGN00535,2025-10-29 16:46:34.061630482,2025-10-28 23:13:08.491354715,AI Misuse,AI Detector,Medium,65.41,False,True,False,False,4.0,Denied,False,,Not Guilty,None,,0.0,2025-11-02 17:46:34.061630482
CASE000935,S00922,SUB010100,ASSIGN00537,2025-09-17 14:18:21.983913467,2025-09-16 07:15:03.035118936,Unauthorized Collaboration,Similarity Check,High,74.2,False,True,False,False,2.0,Denied,False,,Insufficient Evidence,None,,0.0,2025-09-19 16:18:21.983913467
CASE000936,S01218,SUB010117,ASSIGN00538,2026-02-15 21:17:02.000000000,2026-02-15 05:30:11.124092315,AI Misuse,Peer Report,Medium,55.55,False,False,False,False,,No Response,False,,Pending,None,,0.0,
CASE000937,S01461,SUB010125,ASSIGN00539,2027-03-17 03:27:23.607455366,2027-03-17 01:48:23.145274416,Unauthorized Collaboration,Peer Report,Low,45.62,False,False,False,False,5.0,Admitted,False,,Guilty,Moderate,Course Grade Reduction,6.0,2027-03-22 15:27:23.607455366
CASE000938,S01221,SUB010134,ASSIGN00539,2027-03-17 19:22:35.970807327,2027-03-16 10:47:07.095639249,Plagiarism,Automated Monitoring,Low,33.61,False,False,False,False,17.0,Admitted,False,,Insufficient Evidence,None,,0.0,2027-04-04 01:22:35.970807327
CASE000939,S00512,SUB010137,ASSIGN00539,2027-03-18 03:24:00.000000000,2027-03-16 22:52:06.785264155,Plagiarism,AI Detector,Medium,64.7,False,True,False,False,1.0,Denied,False,,Guilty,Warning,Formal Warning,1.0,2027-03-19 15:24:00.409833499
CASE000940,S00639,SUB010145,ASSIGN00540,2026-11-01 18:58:26.173277462,2026-10-31 21:50:40.145487800,Academic Misconduct,Faculty Report,High,77.61,False,True,True,True,7.0,No Response,False,,Dismissed,None,,0.0,2026-11-09 02:58:26.173277462
CASE000941,S00053,SUB010152,ASSIGN00540,2026-10-30 06:13:57.253310458,2026-10-29 15:59:20.749561465,AI Misuse,Similarity Check,Medium,71.09,False,True,True,False,5.0,Admitted,True,2026-11-24 16:13:57.253310458,Guilty,Moderate,Assignment Grade Penalty,4.0,2026-11-04 16:13:57.253310458
CASE000942,S00573,SUB010155,ASSIGN00540,2026-10-29 23:39:29.355965719,2026-10-29 08:58:10.903970476,Unauthorized File Sharing,Automated Monitoring,Low,48.3,False,False,False,False,11.0,No Response,False,,Dismissed,None,,0.0,2026-11-10 00:39:29.355965719
CASE000943,S01348,SUB010161,ASSIGN00540,2026-10-31 11:49:02.819667277,2026-10-30 18:52:25.836611100,Unauthorized Collaboration,Similarity Check,High,80.33,True,True,False,False,22.0,Denied,False,,Guilty,Moderate,Academic Probation,8.0,2026-11-22 21:49:02.819667277
CASE000944,S00321,SUB010167,ASSIGN00541,2026-03-02 08:53:40.456642113,2026-03-01 23:36:21.374754415,AI Misuse,Peer Report,Low,43.75,False,False,False,False,9.0,Denied,False,,Dismissed,None,,0.0,2026-03-11 20:53:40.456642113
CASE000945,S00506,SUB010168,ASSIGN00541,2026-03-02 20:56:25.528407478,2026-03-02 05:25:12.147167540,AI Misuse,Similarity Check,High,76.58,True,True,False,False,8.0,Partial Admission,False,,Insufficient Evidence,None,,0.0,2026-03-11 02:56:25.528407478
CASE000946,S00407,SUB010201,ASSIGN00542,2026-07-17 11:19:43.551620033,2026-07-17 00:28:44.130436815,Academic Misconduct,AI Detector,Medium,81.12,False,True,False,False,5.0,Admitted,False,,Guilty,Moderate,Assignment Grade Penalty,4.0,2026-07-22 18:19:00.000000000
CASE000947,S01273,SUB010204,ASSIGN00542,2026-07-16 14:22:29.314404645,2026-07-15 07:06:34.997487975,AI Misuse,Similarity Check,High,81.31,False,True,False,False,4.0,Denied,False,,Insufficient Evidence,None,,0.0,2026-07-20 20:22:29.314404645
CASE000948,S00221,SUB010215,ASSIGN00543,2026-10-18 17:35:01.865442188,2026-10-17 07:24:23.059799707,AI Misuse,AI Detector,Medium,63.48,False,True,False,False,3.0,Denied,True,2026-11-06 21:35:01.865442188,Guilty,Warning,Formal Warning,1.0,2026-10-21 21:35:01.865442188
CASE000949,S00007,SUB010219,ASSIGN00543,2026-10-19 17:54:59.900716024,2026-10-18 00:51:23.459848139,Academic Misconduct,Similarity Check,Low,43.41,False,False,False,False,4.0,No Response,False,,Insufficient Evidence,None,,0.0,2026-10-23 23:54:59.900716024
CASE000950,S00849,SUB010223,ASSIGN00543,2026-10-20 09:57:34.477874221,2026-10-19 15:37:52.400334051,Academic Misconduct,Automated Monitoring,Medium,74.21,False,True,False,False,,Admitted,False,,Pending,None,,0.0,
CASE000951,S00709,SUB010229,ASSIGN00544,2026-03-25 00:07:29.390649368,2026-03-23 19:26:43.394089012,AI Misuse,AI Detector,Medium,59.05,False,True,False,False,15.0,Denied,False,,Insufficient Evidence,None,,0.0,2026-04-09 04:07:29.390649368
CASE000952,S00608,SUB010231,ASSIGN00544,2026-03-24 18:50:58.156962379,2026-03-24 01:57:06.871053161,AI Misuse,AI Detector,High,75.42,False,False,False,False,,Denied,False,,Pending,None,,0.0,
CASE000953,S00767,SUB010256,ASSIGN00546,2026-03-06 23:45:26.229537982,2026-03-06 12:08:57.610427884,Unauthorized Collaboration,AI Detector,Low,53.53,False,True,False,False,4.0,Denied,False,,Not Guilty,None,,0.0,2026-03-11 03:45:26.229537982
CASE000954,S01449,SUB010300,ASSIGN00548,2026-07-26 20:30:30.567347017,2026-07-25 01:11:37.068108939,Plagiarism,AI Detector,High,71.94,False,True,False,False,3.0,Denied,False,,Insufficient Evidence,None,,0.0,2026-07-30 05:30:30.567347017
CASE000955,S00903,SUB010306,ASSIGN00548,2026-07-23 14:40:27.127248940,2026-07-22 22:13:23.180168537,Other Integrity Concern,Faculty Report,Low,46.68,False,False,False,True,12.0,Denied,False,,Not Guilty,None,,0.0,2026-08-05 01:40:27.127248940
CASE000956,S01447,SUB010307,ASSIGN00548,2026-07-26 16:45:27.847394641,2026-07-25 12:03:26.648149067,AI Misuse,AI Detector,High,55.61,False,True,False,False,12.0,Admitted,False,,Dismissed,None,,0.0,2026-08-07 19:45:27.847394641
CASE000957,S00766,SUB010309,ASSIGN00548,2026-07-27 03:14:38.025088836,2026-07-25 17:52:03.014436421,AI Misuse,AI Detector,Medium,74.13,False,True,True,False,,Admitted,False,,Pending,None,,0.0,
CASE000958,S00430,SUB010317,ASSIGN00548,2026-07-26 22:28:48.694516667,2026-07-25 03:22:56.542266226,Plagiarism,Automated Monitoring,Medium,65.69,False,True,False,False,13.0,Admitted,True,2026-08-19 10:28:48.694516667,Guilty,Severe,Suspension,15.0,2026-08-09 10:28:48.694516667
CASE000959,S01027,SUB010333,ASSIGN00550,2025-11-20 14:42:45.132015942,2025-11-19 08:58:39.345860560,AI Misuse,AI Detector,High,85.43,False,True,True,False,3.0,Partial Admission,False,,Insufficient Evidence,None,,0.0,2025-11-24 01:42:45.132015942
CASE000960,S00692,SUB010334,ASSIGN00550,2025-11-18 19:44:43.384649014,2025-11-18 15:14:38.162832638,Unauthorized File Sharing,Peer Report,High,90.24,False,False,False,False,10.0,Admitted,False,,Guilty,Moderate,Assignment Grade Penalty,4.0,2025-11-28 21:44:43.384649014
CASE000961,S00572,SUB010347,ASSIGN00550,2025-11-19 06:42:00.169133679,2025-11-17 13:07:51.420825687,AI Misuse,Peer Report,Medium,55.87,False,False,False,False,2.0,Admitted,False,,Insufficient Evidence,None,,0.0,2025-11-21 16:42:00.169133679
CASE000962,S00439,SUB010350,ASSIGN00550,2025-11-17 09:08:31.117701477,2025-11-15 09:30:49.784252877,Plagiarism,AI Detector,High,78.63,False,True,False,False,10.0,No Response,False,,Guilty,Warning,Formal Warning,1.0,2025-11-27 19:08:31.117701477
CASE000963,S00088,SUB010351,ASSIGN00550,2025-11-17 12:30:25.355964505,2025-11-16 22:52:51.554963431,Academic Misconduct,AI Detector,Medium,61.77,False,True,False,False,13.0,No Response,False,,Dismissed,None,,0.0,2025-11-30 22:30:25.355964505
CASE000964,S00345,SUB010378,ASSIGN00551,2026-10-18 22:11:46.070351315,2026-10-17 17:48:51.789757585,AI Misuse,Similarity Check,High,81.28,False,True,False,False,15.0,Denied,False,,Guilty,Severe,Suspension,15.0,2026-11-03 00:11:46.070351315
CASE000965,S01041,SUB010383,ASSIGN00551,2026-10-18 14:18:43.648370867,2026-10-17 22:31:39.613067512,Academic Misconduct,Similarity Check,Medium,38.53,False,False,False,False,13.0,Denied,False,,Dismissed,None,,0.0,2026-10-31 19:18:43.648370867
CASE000966,S00835,SUB010386,ASSIGN00551,2026-10-18 00:38:23.909376525,2026-10-17 17:45:08.338470353,Other Integrity Concern,Similarity Check,Low,74.32,False,True,False,False,4.0,Denied,True,2026-11-06 10:38:23.909376525,Guilty,Moderate,Course Grade Reduction,6.0,2026-10-22 10:38:23.909376525
CASE000967,S00787,SUB010399,ASSIGN00552,2026-04-18 19:21:20.446817973,2026-04-18 15:15:54.693921447,AI Misuse,AI Detector,High,71.63,False,True,False,False,,Partial Admission,False,,Pending,None,,0.0,
CASE000968,S00180,SUB010418,ASSIGN00553,2026-10-18 16:35:51.749718489,2026-10-18 02:01:26.753827156,AI Misuse,Similarity Check,High,77.05,True,False,False,False,10.0,Partial Admission,False,,Not Guilty,None,,0.0,2026-10-29 02:35:51.749718489
CASE000969,S00811,SUB010437,ASSIGN00554,2026-02-04 22:41:47.070185393,2026-02-03 23:44:13.310954362,Unauthorized File Sharing,Similarity Check,Low,43.56,False,False,False,False,5.0,Denied,True,2026-02-28 06:41:47.070185393,Dismissed,None,,0.0,2026-02-10 06:41:47.070185393
CASE000970,S01357,SUB010445,ASSIGN00554,2026-02-03 16:04:44.397666384,2026-02-02 03:42:34.424387141,Plagiarism,Automated Monitoring,High,69.94,False,True,False,False,21.0,Denied,False,,Dismissed,None,,0.0,2026-02-24 18:04:44.397666384
CASE000971,S01420,SUB010446,ASSIGN00554,2026-02-05 13:28:57.800405994,2026-02-04 07:48:34.135439684,Academic Misconduct,AI Detector,Low,57.94,False,True,False,False,6.0,Denied,False,,Guilty,Warning,Formal Warning,1.0,2026-02-11 20:28:57.800405994
CASE000972,S00042,SUB010457,ASSIGN00555,2026-03-20 14:12:21.956942940,2026-03-19 15:56:32.805453398,Plagiarism,AI Detector,Medium,69.8,False,True,False,False,3.0,Denied,True,2026-04-10 19:12:21.956942940,Guilty,Warning,Formal Warning,1.0,2026-03-23 19:12:21.956942940
CASE000973,S01163,SUB010495,ASSIGN00557,2026-10-30 04:46:43.535627787,2026-10-29 08:56:13.125816895,Academic Misconduct,AI Detector,Medium,70.99,False,False,True,False,6.0,Partial Admission,True,2026-11-24 10:46:43.535627787,Guilty,Moderate,Assignment Grade Penalty,4.0,2026-11-05 10:46:43.535627787
CASE000974,S01242,SUB010517,ASSIGN00558,2026-03-24 17:58:25.646350118,2026-03-23 11:19:52.707804570,AI Misuse,Similarity Check,Medium,66.64,False,True,False,False,16.0,Denied,False,,Dismissed,None,,0.0,2026-09-04 18:58:00.000000000
CASE000975,S00860,SUB010519,ASSIGN00559,2026-03-09 04:54:08.949843956,2026-03-08 02:39:25.744917900,Unauthorized Collaboration,AI Detector,High,84.53,True,True,False,False,4.0,Denied,False,,Guilty,Moderate,Course Grade Reduction,6.0,2026-03-13 09:54:08.949843956
CASE000976,S01103,SUB010520,ASSIGN00559,2026-03-08 23:30:15.721005461,2026-03-08 02:52:38.888477514,Plagiarism,AI Detector,High,79.49,False,False,False,False,5.0,Denied,False,,Guilty,Moderate,Academic Probation,8.0,2026-03-14 11:30:15.721005461
CASE000977,S00861,SUB010524,ASSIGN00559,2026-03-08 05:01:29.478745279,2026-03-07 13:30:01.130489386,AI Misuse,Faculty Report,High,84.32,False,True,False,True,4.0,Admitted,True,2026-03-15 14:01:29.478745279,Dismissed,None,,0.0,2026-03-12 14:01:29.478745279
CASE000978,S00208,SUB010532,ASSIGN00559,2026-03-09 00:29:07.813243198,2026-03-08 09:53:42.890422007,Plagiarism,AI Detector,Medium,61.29,False,True,True,False,18.0,Denied,False,,Guilty,Moderate,Course Grade Reduction,6.0,2026-03-27 07:29:07.813243198
CASE000979,S01155,SUB010533,ASSIGN00559,2026-03-11 11:24:41.011868601,2026-03-10 17:10:23.296903800,AI Misuse,Similarity Check,Low,32.38,False,False,True,False,11.0,Denied,False,,Dismissed,None,,0.0,2026-03-22 15:24:41.011868601
CASE000980,S00202,SUB010560,ASSIGN00560,2026-03-14 00:05:52.751830065,2026-03-13 06:45:01.965231334,AI Misuse,Automated Monitoring,High,77.82,False,True,False,False,4.0,No Response,False,,Not Guilty,None,,0.0,2026-03-18 03:05:52.751830065
CASE000981,S00716,SUB010578,ASSIGN00561,2026-09-17 18:07:44.521208861,2026-09-17 09:27:06.397148770,AI Misuse,AI Detector,Medium,63.49,False,False,False,False,32.0,Denied,False,,Not Guilty,None,,0.0,2026-10-20 04:07:44.521208861
CASE000982,S01498,SUB010584,ASSIGN00562,2026-02-18 17:59:03.372748726,2026-02-17 08:16:35.766699568,AI Misuse,AI Detector,Medium,78.28,False,True,False,False,7.0,Denied,False,,Guilty,Moderate,Academic Probation,8.0,2026-02-25 22:59:03.372748726
CASE000983,S00645,SUB010603,ASSIGN00562,2026-02-15 10:22:13.554838148,2026-02-15 00:51:19.281980980,AI Misuse,Plagiarism Screening,High,78.94,True,True,False,False,1.0,Admitted,False,,Guilty,Moderate,Course Grade Reduction,6.0,2026-02-16 17:22:13.554838148
CASE000984,S00280,SUB010638,ASSIGN00564,2026-10-05 06:11:13.915758876,2026-10-04 03:59:37.608392187,Plagiarism,Similarity Check,High,78.41,False,True,False,False,6.0,Denied,False,,Dismissed,None,,0.0,2026-10-11 09:11:13.915758876
CASE000985,S01104,SUB010639,ASSIGN00564,2026-10-05 22:05:52.621052024,2026-10-04 04:19:28.394430152,AI Misuse,AI Detector,Medium,69.38,False,False,False,False,25.0,Admitted,False,,Insufficient Evidence,None,,0.0,2026-10-31 03:05:52.621052024
CASE000986,S00760,SUB010650,ASSIGN00565,2026-03-17 16:42:37.285182449,2026-03-16 16:58:27.256179144,Academic Misconduct,Faculty Report,Medium,12.04,False,False,True,True,14.0,Denied,False,,Not Guilty,None,,0.0,2026-03-31 18:42:37.285182449
CASE000987,S00497,SUB010664,ASSIGN00566,2026-10-21 05:13:57.877599143,2026-10-20 04:57:36.716605914,Plagiarism,Similarity Check,Low,24.22,False,True,False,False,7.0,No Response,False,,Not Guilty,None,,0.0,2026-10-28 11:13:57.877599143
CASE000988,S00133,SUB010669,ASSIGN00566,2026-10-22 09:08:41.837122073,2026-10-21 06:06:31.578792277,AI Misuse,AI Detector,Low,59.63,False,True,False,False,11.0,Denied,False,,Dismissed,None,,0.0,2026-11-02 18:08:41.837122073
CASE000989,S00790,SUB010690,ASSIGN00567,2027-03-20 04:00:40.805058382,2027-03-19 01:20:59.677615771,AI Misuse,AI Detector,Low,69.56,False,False,False,False,11.0,Denied,False,,Guilty,Warning,Formal Warning,1.0,2027-03-31 12:00:40.805058382
CASE000990,S00460,SUB010720,ASSIGN00569,2025-09-26 01:35:05.895359202,2025-09-25 10:48:01.882688416,AI Misuse,Faculty Report,High,75.87,False,False,False,True,38.0,No Response,False,,Not Guilty,None,,0.0,2025-11-03 10:35:05.895359202
CASE000991,S00503,SUB010723,ASSIGN00569,2025-09-26 03:49:01.862348410,2025-09-24 20:26:24.028024240,Plagiarism,Plagiarism Screening,Medium,64.77,True,True,False,False,16.0,Denied,False,,Dismissed,None,,0.0,2025-10-12 10:49:01.862348410
CASE000992,S00756,SUB010732,ASSIGN00570,2026-07-10 00:38:40.203919084,2026-07-09 23:29:50.552490806,Unauthorized Collaboration,Faculty Report,Low,37.76,False,False,False,True,22.0,Denied,False,,Not Guilty,None,,0.0,2026-08-01 06:38:40.203919084
CASE000993,S01451,SUB010736,ASSIGN00570,2026-07-11 00:15:35.291896003,2026-07-09 09:53:48.158078161,Academic Misconduct,Faculty Report,Low,26.64,False,False,False,True,24.0,Denied,False,,Dismissed,None,,0.0,2026-08-04 01:15:35.291896003
CASE000994,S00047,SUB010750,ASSIGN00571,2026-07-13 22:13:19.963406607,2026-07-12 07:17:14.682210347,AI Misuse,AI Detector,Medium,73.43,False,False,True,False,5.0,Denied,False,,Guilty,Moderate,Assignment Grade Penalty,4.0,2026-07-18 23:13:19.963406607
CASE000995,S00840,SUB010752,ASSIGN00571,2026-07-13 00:29:23.678296637,2026-07-12 13:06:52.187112340,Unauthorized File Sharing,AI Detector,Medium,72.63,False,False,False,False,4.0,Denied,False,,Not Guilty,None,,0.0,2026-07-17 01:29:23.678296637
CASE000996,S00962,SUB010785,ASSIGN00572,2025-10-17 13:43:54.538455483,2025-10-16 01:02:54.851639894,AI Misuse,AI Detector,High,69.87,False,True,False,False,11.0,No Response,False,,Guilty,Moderate,Assignment Grade Penalty,4.0,2025-10-28 19:43:54.538455483
CASE000997,S00796,SUB010806,ASSIGN00573,2026-11-12 10:29:35.228907299,2026-11-10 22:21:50.693652135,AI Misuse,AI Detector,High,86.37,False,True,True,False,10.0,Denied,False,,Not Guilty,None,,0.0,2026-11-22 18:29:35.228907299
CASE000998,S00010,SUB010824,ASSIGN00574,2025-10-21 00:54:39.147713313,2025-10-20 20:47:17.336250054,AI Misuse,Automated Monitoring,High,51.69,True,False,False,False,4.0,Denied,True,2025-11-06 05:54:39.147713313,Insufficient Evidence,None,,0.0,2025-10-25 05:54:39.147713313
CASE000999,S01386,SUB010826,ASSIGN00574,2025-10-20 13:15:15.093067001,2025-10-20 10:58:20.997304635,Plagiarism,Similarity Check,Medium,76.76,False,False,False,False,4.0,Partial Admission,False,,Guilty,Warning,Formal Warning,1.0,2025-10-24 14:15:15.093067001
CASE001000,S00984,SUB010839,ASSIGN00575,2026-07-20 17:25:51.515110335,2026-07-19 20:17:34.916691489,Academic Misconduct,AI Detector,Medium,71.16,False,True,False,False,4.0,Denied,False,,Dismissed,None,,0.0,2026-07-24 19:25:51.515110335
CASE001001,S00991,SUB010850,ASSIGN00575,2026-07-23 16:33:05.065098038,2026-07-21 22:29:27.869154273,AI Misuse,Similarity Check,Low,37.0,False,False,True,False,1.0,Denied,False,,Dismissed,None,,0.0,2026-07-25 04:33:05.065098038
CASE001002,S00694,SUB010861,ASSIGN00577,2027-02-08 20:23:12.423932393,2027-02-08 09:21:13.725062482,AI Misuse,AI Detector,High,76.9,False,True,False,False,14.0,Denied,False,,Insufficient Evidence,None,,0.0,2027-02-23 05:23:12.423932393
CASE001003,S00275,SUB010875,ASSIGN00577,2027-02-08 23:34:09.651334878,2027-02-08 08:46:16.784327815,Unauthorized Collaboration,Faculty Report,Medium,80.29,False,True,False,True,3.0,No Response,True,2027-03-03 09:34:09.651334878,Guilty,Moderate,Academic Probation,8.0,2027-02-12 09:34:09.651334878
CASE001004,S01323,SUB010933,ASSIGN00581,2026-03-24 19:15:48.954775936,2026-03-24 04:45:24.649599903,Plagiarism,AI Detector,Medium,61.08,False,True,False,False,3.0,Denied,False,,Insufficient Evidence,None,,0.0,2026-03-27 21:15:48.954775936
CASE001005,S01238,SUB010935,ASSIGN00581,2026-03-23 14:51:10.771158061,2026-03-22 18:49:30.816035503,Academic Misconduct,AI Detector,Medium,76.63,False,True,False,False,6.0,Admitted,False,,Dismissed,None,,0.0,2026-03-29 16:51:10.771158061
CASE001006,S00775,SUB010943,ASSIGN00581,2026-03-23 05:36:29.102947974,2026-03-22 10:53:12.868288838,Unauthorized Collaboration,AI Detector,High,65.32,False,True,False,False,,No Response,False,,Pending,None,,0.0,
CASE001007,S00281,SUB010951,ASSIGN00582,2025-10-25 21:52:36.613774660,2025-10-24 23:48:53.683522526,Plagiarism,AI Detector,Medium,63.08,False,False,True,False,22.0,Admitted,False,,Dismissed,None,,0.0,2025-11-17 07:52:36.613774660
CASE001008,S00170,SUB010955,ASSIGN00582,2025-10-24 15:41:53.551116946,2025-10-24 05:06:11.036317833,AI Misuse,Faculty Report,Low,30.19,False,False,False,True,7.0,Denied,False,,Not Guilty,None,,0.0,2025-10-31 21:41:53.551116946
CASE001009,S00066,SUB010965,ASSIGN00583,2027-04-15 19:00:47.889779625,2027-04-15 02:43:09.572466533,AI Misuse,AI Detector,High,90.29,False,False,False,False,7.0,Denied,False,,Insufficient Evidence,None,,0.0,2027-04-22 21:00:47.889779625
CASE001010,S00086,SUB010972,ASSIGN00584,2026-07-09 22:46:05.630186055,2026-07-09 17:22:54.442310530,AI Misuse,AI Detector,Low,69.08,False,True,True,False,7.0,Admitted,False,,Insufficient Evidence,None,,0.0,2026-07-17 06:46:05.630186055
CASE001011,S00198,SUB010984,ASSIGN00585,2026-07-17 07:54:04.454194352,2026-07-15 10:49:38.773789976,AI Misuse,Faculty Report,Low,46.86,False,False,False,True,,Denied,False,,Pending,None,,0.0,
CASE001012,S00640,SUB010998,ASSIGN00585,2026-07-15 16:06:48.351918591,2026-07-15 05:02:58.460732754,Plagiarism,AI Detector,Medium,54.02,False,False,False,False,6.0,Denied,False,,Not Guilty,None,,0.0,2026-07-21 21:06:48.000000000
CASE001013,S00315,SUB011003,ASSIGN00586,2026-10-07 12:53:33.625067882,2026-10-06 22:26:36.936407173,AI Misuse,AI Detector,High,80.3,False,False,False,False,11.0,Denied,False,,Dismissed,None,,0.0,2026-10-18 13:53:33.625067882
CASE001014,S00724,SUB011016,ASSIGN00587,2026-11-03 08:39:37.534854220,2026-11-02 10:27:16.783086188,Plagiarism,Unknown,High,66.07,False,True,False,False,6.0,Denied,False,,Guilty,Moderate,Course Grade Reduction,6.0,2026-11-09 13:39:37.534854220
CASE001015,S01378,SUB011020,ASSIGN00587,2026-11-05 13:41:14.752667375,2026-11-04 01:50:51.924066212,Unauthorized Collaboration,AI Detector,Medium,74.36,False,False,False,False,13.0,No Response,False,,Dismissed,None,,0.0,2026-11-18 14:41:14.752667375
CASE001016,S00705,SUB011021,ASSIGN00587,2026-11-02 23:54:22.081387635,2026-11-02 10:31:40.460697405,Plagiarism,Unknown,Low,50.38,False,False,False,False,7.0,Denied,False,,Not Guilty,None,,0.0,2026-11-10 09:54:22.081387635
CASE001017,S00832,SUB011025,ASSIGN00588,2026-07-12 09:00:08.095535698,2026-07-10 15:23:57.438690200,Plagiarism,AI Detector,Low,69.21,False,True,True,False,2.0,Admitted,False,,Not Guilty,None,,0.0,2026-07-14 19:00:08.095535698
CASE001018,S00083,SUB011028,ASSIGN00588,2026-07-13 05:40:35.000000000,2026-07-12 07:10:48.824591586,Plagiarism,Automated Monitoring,Low,35.68,False,True,False,False,3.0,Denied,False,,Guilty,Moderate,Assignment Grade Penalty,4.0,2026-07-16 14:40:35.358697644
CASE001019,S00313,SUB011032,ASSIGN00588,2026-07-11 05:02:30.827234050,2026-07-11 02:10:11.980883441,AI Misuse,Automated Monitoring,Low,36.36,False,True,False,False,3.0,No Response,False,,Guilty,Moderate,Course Grade Reduction,6.0,2026-07-14 16:02:00.000000000
CASE001020,S00239,SUB011042,ASSIGN00588,2026-07-12 18:06:18.205379257,2026-07-11 13:41:44.572990476,AI Misuse,Peer Report,Low,38.91,False,False,False,False,5.0,Denied,False,,Insufficient Evidence,None,,0.0,2026-07-17 21:06:00.000000000
CASE001021,S00576,SUB011053,ASSIGN00589,2025-09-08 13:14:21.081603156,2025-09-07 07:24:46.100426338,Unauthorized Collaboration,AI Detector,Medium,70.82,False,False,False,False,5.0,Denied,False,,Not Guilty,None,,0.0,2025-09-13 19:14:21.000000000
CASE001022,S01077,SUB011071,ASSIGN00590,2026-06-25 03:44:51.538453046,2026-06-24 10:24:23.432602271,Plagiarism,Automated Monitoring,High,72.94,False,True,False,False,13.0,No Response,False,,Not Guilty,None,,0.0,2026-07-08 15:44:51.538453046
CASE001023,S00353,SUB011077,ASSIGN00590,2026-06-24 14:50:21.582700723,2026-06-24 11:19:49.909356226,AI Misuse,Peer Report,Medium,65.74,False,True,False,False,10.0,Partial Admission,False,,Guilty,Moderate,Course Grade Reduction,6.0,2026-07-04 19:50:21.582700723
CASE001024,S00488,SUB011081,ASSIGN00590,2026-06-26 10:44:44.910427053,2026-06-24 15:10:23.873982954,Plagiarism,Faculty Report,Low,34.2,False,False,False,True,,No Response,True,,Pending,None,,0.0,
CASE001025,S00486,SUB011094,ASSIGN00590,2026-06-25 13:25:08.495506714,2026-06-23 23:33:14.288239861,AI Misuse,Peer Report,Low,31.06,False,False,False,False,7.0,Denied,False,,Dismissed,None,,0.0,2026-07-03 00:25:08.495506714
CASE001026,S01378,SUB011097,ASSIGN00591,2026-03-28 16:50:48.631563536,2026-03-28 12:14:07.067815517,Plagiarism,Peer Report,High,62.93,False,True,False,False,10.0,Admitted,False,,Dismissed,None,,0.0,2026-04-08 01:50:48.631563536
CASE001027,S00652,SUB011102,ASSIGN00591,2026-03-30 13:10:11.754517540,2026-03-29 22:31:09.096598719,Plagiarism,AI Detector,High,77.75,False,True,False,False,24.0,Partial Admission,False,,Dismissed,None,,0.0,2026-04-23 22:10:11.754517540
CASE001028,S00284,SUB011113,ASSIGN00591,2026-03-31 10:35:45.124030235,2026-03-30 23:06:27.411886301,AI Misuse,AI Detector,High,91.22,False,False,False,False,5.0,Denied,False,,Insufficient Evidence,None,,0.0,2026-04-05 18:35:45.124030235
CASE001029,S00005,SUB011118,ASSIGN00592,2026-07-17 04:20:00.201365944,2026-07-15 23:55:43.918379742,Other Integrity Concern,Faculty Report,Medium,40.66,False,True,False,True,11.0,No Response,False,,Dismissed,None,,0.0,2026-07-28 16:20:00.201365944
CASE001030,S00002,SUB011124,ASSIGN00592,2026-07-17 02:51:21.819368171,2026-07-15 04:16:43.621786296,Academic Misconduct,Similarity Check,Medium,46.25,False,True,False,False,2.0,Partial Admission,True,2026-08-05 05:51:21.819368171,Not Guilty,None,,0.0,2026-07-19 05:51:21.819368171
CASE001031,S00514,SUB011162,ASSIGN00593,2025-11-05 18:35:27.372899959,2025-11-05 04:42:57.453372491,AI Misuse,Peer Report,Low,63.3,False,True,False,False,10.0,Denied,False,,Not Guilty,None,,0.0,2025-11-15 20:35:27.372899959
CASE001032,S00211,SUB011164,ASSIGN00593,2025-11-07 15:07:11.145783646,2025-11-06 13:31:36.893302148,AI Misuse,Similarity Check,Medium,45.23,True,False,False,False,1.0,Partial Admission,False,,Insufficient Evidence,None,,0.0,2025-11-08 16:07:11.145783646
CASE001033,S01317,SUB011180,ASSIGN00594,2026-10-16 21:41:42.414828562,2026-10-16 17:02:51.133135101,Academic Misconduct,AI Detector,High,89.27,False,True,False,False,6.0,Denied,False,,Insufficient Evidence,None,,0.0,2026-10-23 00:41:42.414828562
CASE001034,S00061,SUB011192,ASSIGN00594,2026-10-19 05:30:52.419229065,2026-10-17 10:01:06.024705741,Plagiarism,AI Detector,High,69.06,False,False,False,False,11.0,No Response,False,,Dismissed,None,,0.0,2026-10-30 16:30:52.419229065
CASE001035,S00239,SUB011196,ASSIGN00595,2026-03-24 03:58:44.423628102,2026-03-23 07:23:59.431260817,Unauthorized File Sharing,AI Detector,Medium,71.08,False,True,False,False,2.0,Partial Admission,False,,Dismissed,None,,0.0,2026-03-26 04:58:44.423628102
CASE001036,S01485,SUB011199,ASSIGN00595,2026-03-24 14:26:16.777985067,2026-03-23 13:29:15.137631866,AI Misuse,Faculty Report,Medium,58.8,False,False,True,True,1.0,Denied,False,,Insufficient Evidence,None,,0.0,2026-03-25 15:26:16.777985067
CASE001037,S00863,SUB011228,ASSIGN00596,2026-07-03 01:28:58.000000000,2026-07-01 15:08:21.126866905,AI Misuse,AI Detector,High,81.17,False,True,True,False,5.0,No Response,False,,Guilty,Severe,Suspension,15.0,2026-07-08 12:28:58.389752184
CASE001038,S00168,SUB011241,ASSIGN00597,2025-10-15 03:46:42.998086908,2025-10-13 10:36:28.108944110,Unauthorized File Sharing,Peer Report,Low,25.41,False,False,False,False,8.0,Admitted,False,,Dismissed,None,,0.0,2025-10-23 14:46:42.998086908
CASE001039,S00923,SUB011244,ASSIGN00597,2025-10-17 16:58:24.209357219,2025-10-16 08:31:19.529284791,Unauthorized Collaboration,Similarity Check,Low,25.01,False,False,False,False,1.0,Denied,False,,Insufficient Evidence,None,,0.0,2025-10-19 00:58:24.209357219
CASE001040,S00030,SUB011247,ASSIGN00597,2025-10-17 18:34:00.749987887,2025-10-17 14:54:26.333447993,Unauthorized Collaboration,AI Detector,Medium,73.45,False,False,False,False,5.0,Denied,False,,Insufficient Evidence,None,,0.0,2025-10-23 00:34:00.749987887
CASE001041,S01264,SUB011256,ASSIGN00598,2026-03-20 08:25:49.058076332,2026-03-18 23:44:22.115736068,AI Misuse,Faculty Report,High,84.44,True,True,False,True,11.0,Partial Admission,False,,Guilty,Warning,Formal Warning,1.0,2026-03-31 19:25:49.058076332
CASE001042,S00342,SUB011258,ASSIGN00598,2026-03-18 12:09:05.890862737,2026-03-17 06:43:00.820828970,Unauthorized Collaboration,AI Detector,Medium,65.79,False,True,False,False,3.0,Denied,True,2026-04-06 18:09:05.890862737,Guilty,Moderate,Academic Probation,8.0,2026-03-21 18:09:05.890862737
CASE001043,S01442,SUB011272,ASSIGN00599,2026-10-09 12:01:14.071205250,2026-10-08 01:36:00.000000000,Unauthorized Collaboration,AI Detector,High,93.27,False,True,False,False,8.0,No Response,False,,Guilty,Severe,Suspension,15.0,2026-10-17 19:01:14.071205250
CASE001044,S01369,SUB011280,ASSIGN00599,2026-10-09 11:29:46.720091634,2026-10-08 15:06:08.864035159,Unauthorized File Sharing,AI Detector,High,80.55,False,True,False,False,2.0,Denied,False,,Guilty,Moderate,Academic Probation,8.0,2026-10-11 20:29:46.720091634
CASE001045,S00323,SUB011296,ASSIGN00600,2025-10-16 03:23:17.392621210,2025-10-14 12:54:28.863375385,Plagiarism,Automated Monitoring,Medium,41.06,False,True,False,False,7.0,Partial Admission,False,,Dismissed,None,,0.0,2025-10-23 07:23:17.392621210
CASE001046,S00673,SUB011311,ASSIGN00601,2027-03-31 00:10:59.444110844,2027-03-30 20:01:51.264380351,AI Misuse,Faculty Report,High,82.19,False,True,True,True,9.0,No Response,False,,Guilty,Moderate,Academic Probation,8.0,2027-04-09 07:10:59.444110844
CASE001047,S00598,SUB011320,ASSIGN00602,2027-03-28 14:55:10.465481542,2027-03-27 11:05:53.242145890,AI Misuse,AI Detector,Medium,70.78,False,True,False,False,1.0,No Response,False,,Not Guilty,None,,0.0,2027-03-29 19:55:10.465481542
CASE001048,S01118,SUB011321,ASSIGN00602,2027-03-27 17:28:11.266020115,2027-03-27 02:56:33.897909443,AI Misuse,AI Detector,High,71.97,True,False,False,False,3.0,Admitted,True,2027-04-08 22:28:11.266020115,Insufficient Evidence,None,,0.0,2027-03-30 22:28:11.266020115
CASE001049,S01368,SUB011343,ASSIGN00603,2027-03-10 16:31:58.834974465,2027-03-10 03:06:31.465217456,AI Misuse,Faculty Report,Low,36.33,False,False,False,True,7.0,Admitted,False,,Guilty,Warning,Formal Warning,1.0,2027-03-18 04:31:58.834974465
CASE001050,S00685,SUB011352,ASSIGN00603,2027-03-10 05:03:54.948753509,2027-03-10 03:06:19.116493433,Plagiarism,Peer Report,Medium,71.59,False,True,False,False,1.0,Denied,True,2027-03-15 15:03:54.948753509,Guilty,Severe,,15.0,2027-03-11 15:03:54.948753509
CASE001051,S00190,SUB011361,ASSIGN00604,2027-02-08 14:54:59.129124125,2027-02-07 19:09:53.711288729,Academic Misconduct,Similarity Check,High,76.42,False,True,False,False,11.0,Partial Admission,False,,Not Guilty,None,,0.0,2027-02-19 17:54:59.129124125
CASE001052,S00704,SUB011366,ASSIGN00604,2027-02-07 06:08:08.656238337,2027-02-06 09:57:08.882844517,Unauthorized Collaboration,AI Detector,Low,65.31,False,False,False,False,7.0,Partial Admission,False,,Insufficient Evidence,None,,0.0,2027-02-14 07:08:08.656238337
CASE001053,S00959,SUB011368,ASSIGN00604,2027-02-08 21:36:01.957731276,2027-02-08 04:05:55.118896473,Academic Misconduct,AI Detector,Medium,65.14,False,True,False,False,7.0,No Response,True,2027-02-28 22:36:01.957731276,Not Guilty,None,,0.0,2027-02-15 22:36:01.957731276
CASE001054,S01442,SUB011377,ASSIGN00604,2027-02-06 15:18:35.122322881,2027-02-06 03:37:45.246801147,AI Misuse,AI Detector,High,78.56,False,True,False,False,,No Response,False,,Pending,None,,0.0,
CASE001055,S00946,SUB011402,ASSIGN00605,2027-03-09 01:43:39.000000000,2027-03-07 07:14:20.165588185,Plagiarism,AI Detector,High,62.5,False,True,False,False,,Denied,False,,Pending,None,,0.0,
CASE001056,S00134,SUB011403,ASSIGN00605,2027-03-08 07:31:33.486181548,2027-03-06 15:43:19.630453838,Plagiarism,Similarity Check,High,88.1,False,True,False,False,9.0,Denied,False,,Insufficient Evidence,None,,0.0,2027-03-17 12:31:33.486181548
CASE001057,S01101,SUB011404,ASSIGN00605,2027-03-06 18:23:08.212426825,2027-03-06 00:24:55.074169454,Academic Misconduct,Similarity Check,High,77.54,False,True,False,False,6.0,No Response,False,,Dismissed,None,,0.0,2027-03-13 00:23:08.212426825
CASE001058,S00445,SUB011408,ASSIGN00605,2027-03-09 12:04:35.186696457,2027-03-08 05:42:51.021161687,Plagiarism,Automated Monitoring,Medium,91.84,False,True,False,False,14.0,No Response,False,,Guilty,Severe,Suspension,15.0,2027-03-23 21:04:35.186696457
CASE001059,S01241,SUB011413,ASSIGN00606,2026-07-18 13:38:27.833992237,2026-07-17 13:46:56.023600938,AI Misuse,AI Detector,High,75.73,False,True,False,False,7.0,No Response,False,,Guilty,Moderate,Academic Probation,8.0,2026-07-25 23:38:27.833992237
CASE001060,S01026,SUB011463,ASSIGN00609,2026-07-20 07:57:59.578096986,2026-07-18 23:10:42.123364196,Plagiarism,AI Detector,Low,64.53,False,True,False,False,4.0,Denied,True,2026-08-06 19:57:59.578096986,Dismissed,None,,0.0,2026-07-24 19:57:59.578096986
CASE001061,S00036,SUB011467,ASSIGN00609,2026-07-17 06:16:04.691258004,2026-07-15 17:37:06.177271544,AI Misuse,AI Detector,Medium,73.56,True,True,False,False,8.0,No Response,False,,Not Guilty,None,,0.0,2026-07-25 12:16:04.000000000
CASE001062,S01202,SUB011468,ASSIGN00609,2026-07-17 10:29:30.352017524,2026-07-16 08:25:11.430427129,Plagiarism,AI Detector,High,77.64,False,False,False,False,3.0,Admitted,False,,Dismissed,None,,0.0,2026-07-20 16:29:30.352017524
CASE001063,S00649,SUB011473,ASSIGN00609,2026-07-16 09:05:51.501292780,2026-07-15 21:53:58.537318222,Unauthorized Collaboration,AI Detector,Medium,69.94,False,False,False,False,,Denied,False,,Pending,None,,0.0,
CASE001064,S01491,SUB011475,ASSIGN00609,2026-07-17 13:29:19.801674721,2026-07-17 06:09:31.807893304,AI Misuse,Similarity Check,Medium,71.7,False,True,False,False,9.0,Denied,False,,Guilty,Severe,Suspension,15.0,2026-07-26 16:29:19.801674721
CASE001065,S00379,SUB011478,ASSIGN00610,2026-10-26 19:55:02.363548153,2026-10-25 15:18:10.062949368,AI Misuse,Automated Monitoring,Medium,36.0,False,True,False,False,8.0,No Response,False,,Insufficient Evidence,None,,0.0,2026-11-03 21:55:02.363548153
CASE001066,S00153,SUB011480,ASSIGN00610,2026-10-25 16:04:46.886751559,2026-10-25 10:10:14.303619668,AI Misuse,Similarity Check,Low,29.06,False,False,False,False,3.0,Partial Admission,False,,Dismissed,None,,0.0,2026-10-29 00:04:46.886751559
CASE001067,S00156,SUB011510,ASSIGN00612,2025-11-15 13:13:28.770162031,2025-11-14 11:46:21.076280053,Plagiarism,AI Detector,Medium,58.96,False,False,False,False,2.0,No Response,False,,Guilty,Warning,Formal Warning,1.0,2025-11-17 21:13:28.770162031
CASE001068,S00830,SUB011512,ASSIGN00612,2025-11-14 21:05:39.313617375,2025-11-14 04:17:33.569830789,AI Misuse,AI Detector,High,86.46,True,True,True,False,3.0,Denied,True,2025-11-27 02:05:39.313617375,Guilty,Severe,Academic Probation,8.0,2025-11-18 02:05:39.313617375
CASE001069,S00398,SUB011520,ASSIGN00613,2027-03-10 10:47:59.866101346,2027-03-08 17:58:00.142627368,Unauthorized File Sharing,Similarity Check,Medium,69.59,False,True,False,False,7.0,Denied,False,,Insufficient Evidence,None,,0.0,2027-03-17 15:47:59.866101346
CASE001070,S00080,SUB011522,ASSIGN00613,2027-03-13 13:51:38.714510583,2027-03-12 03:12:28.890570928,AI Misuse,Faculty Report,High,76.41,False,True,True,True,12.0,Denied,True,2027-04-14 21:51:38.714510583,Guilty,Moderate,Academic Probation,8.0,2027-03-25 21:51:38.714510583
CASE001071,S00012,SUB011531,ASSIGN00614,2025-10-08 03:33:00.128456192,2025-10-07 09:58:36.160381106,Plagiarism,AI Detector,High,65.07,False,True,False,False,7.0,Denied,False,,Guilty,Moderate,Academic Probation,8.0,2025-10-15 09:33:00.128456192
CASE001072,S01274,SUB011550,ASSIGN00615,2027-03-15 23:55:42.226045267,2027-03-14 12:13:52.638348064,AI Misuse,Faculty Report,Medium,57.53,False,True,False,True,,No Response,False,,Pending,None,,0.0,
CASE001073,S00290,SUB011553,ASSIGN00615,2027-03-13 09:49:06.058195069,2027-03-12 05:30:28.359358656,Academic Misconduct,Faculty Report,Low,33.25,False,False,False,True,4.0,Denied,False,,Not Guilty,None,,0.0,2027-03-17 15:49:06.058195069
CASE001074,S01475,SUB011555,ASSIGN00615,2027-03-13 12:41:41.283982292,2027-03-12 01:21:16.807693903,Plagiarism,Peer Report,Low,36.24,False,True,False,False,10.0,Partial Admission,False,,Dismissed,None,,0.0,2027-03-23 14:41:41.283982292
CASE001075,S01322,SUB011576,ASSIGN00616,2026-02-25 19:48:01.011517254,2026-02-24 07:39:03.863442040,Academic Misconduct,Peer Report,Medium,55.37,False,False,False,False,22.0,No Response,False,,Dismissed,None,,0.0,2026-03-19 21:48:01.011517254
CASE001076,S01097,SUB011587,ASSIGN00617,2026-10-17 17:15:36.783809855,2026-10-17 07:23:20.514093030,AI Misuse,Faculty Report,Medium,54.89,False,True,False,True,8.0,Partial Admission,False,,Dismissed,None,,0.0,2026-10-26 04:15:36.783809855
CASE001077,S01007,SUB011613,ASSIGN00618,2026-07-19 15:45:58.430766632,2026-07-17 17:26:12.926030068,AI Misuse,Faculty Report,Medium,68.05,False,True,False,True,10.0,Denied,True,2026-08-12 21:45:58.430766632,Not Guilty,None,,0.0,2026-07-29 21:45:58.430766632
CASE001078,S00278,SUB011619,ASSIGN00619,2026-07-16 13:17:01.906159704,2026-07-16 12:11:08.784179313,Other Integrity Concern,AI Detector,Low,67.64,False,True,False,False,9.0,Denied,False,,Not Guilty,None,,0.0,2026-07-25 14:17:01.906159704
CASE001079,S00410,SUB011633,ASSIGN00620,2025-10-16 19:38:06.439469805,2025-10-15 15:49:07.646165733,Other Integrity Concern,Faculty Report,Medium,43.61,False,False,False,True,2.0,Denied,True,2025-10-24 22:38:06.439469805,Guilty,Warning,Formal Warning,1.0,2025-10-18 22:38:06.439469805
CASE001080,S00463,SUB011652,ASSIGN00620,2025-10-17 15:57:47.885183430,2025-10-17 06:12:31.115904042,AI Misuse,AI Detector,Medium,63.36,False,False,False,False,3.0,Partial Admission,False,,Guilty,Warning,,1.0,2025-10-20 23:57:47.885183430
CASE001081,S00526,SUB011657,ASSIGN00621,2026-06-30 00:57:23.599633543,2026-06-28 12:13:53.396806456,Unauthorized Collaboration,Faculty Report,Medium,52.89,False,False,False,True,40.0,Admitted,False,,Dismissed,None,,0.0,2026-08-09 01:57:23.599633543
CASE001082,S01224,SUB011662,ASSIGN00621,2026-06-27 10:57:25.666374328,2026-06-26 19:33:45.276556859,AI Misuse,AI Detector,High,76.23,False,True,False,False,9.0,Admitted,False,,Not Guilty,None,,0.0,2026-07-06 22:57:25.666374328
CASE001083,S01482,SUB011704,ASSIGN00623,2026-07-03 22:21:10.000000000,2026-07-03 17:24:02.838018081,Academic Misconduct,AI Detector,High,60.76,False,False,False,False,2.0,Denied,True,2026-07-26 10:21:10.805506738,Guilty,Warning,Formal Warning,1.0,2026-07-06 10:21:10.805506738
CASE001084,S01460,SUB011705,ASSIGN00623,2026-07-04 13:03:16.772689125,2026-07-03 05:39:21.011433471,Academic Misconduct,AI Detector,High,85.57,True,True,False,False,12.0,Partial Admission,False,,Guilty,Severe,Suspension,15.0,2026-07-16 16:03:16.772689125
CASE001085,S00159,SUB011716,ASSIGN00624,2025-09-28 18:59:55.674598234,2025-09-27 14:44:42.795399801,AI Misuse,Similarity Check,Medium,74.82,False,True,False,False,2.0,Admitted,False,,Insufficient Evidence,None,,0.0,2025-10-01 00:59:55.674598234
CASE001086,S00118,SUB011720,ASSIGN00624,2025-09-29 21:36:10.439152707,2025-09-27 22:11:06.753736983,AI Misuse,AI Detector,High,63.27,False,False,False,False,9.0,Denied,False,,Not Guilty,None,,0.0,2025-10-09 01:36:10.439152707
CASE001087,S00934,SUB011736,ASSIGN00625,2026-03-06 22:27:56.180025256,2026-03-06 12:48:21.449966778,Academic Misconduct,Faculty Report,High,77.94,False,True,False,True,10.0,Denied,False,,Dismissed,None,,0.0,2026-03-17 01:27:56.180025256
CASE001088,S00358,SUB011752,ASSIGN00626,2026-07-12 01:05:31.265172794,2026-07-10 17:48:51.220743459,AI Misuse,AI Detector,Medium,62.51,True,True,True,False,1.0,No Response,False,,Insufficient Evidence,None,,0.0,2026-07-13 02:05:31.265172794
CASE001089,S00250,SUB011756,ASSIGN00627,2025-11-02 22:20:19.651400553,2025-11-02 19:15:32.095131840,Plagiarism,Automated Monitoring,Medium,63.66,False,True,False,False,8.0,Admitted,False,,Not Guilty,None,,0.0,2025-11-11 01:20:19.651400553
CASE001090,S00194,SUB011762,ASSIGN00627,2025-11-03 00:25:17.128432966,2025-11-01 06:35:29.660678310,Plagiarism,Peer Report,Low,36.3,False,False,False,False,4.0,Denied,False,,Dismissed,None,,0.0,2025-11-07 08:25:17.128432966
CASE001091,S00733,SUB011766,ASSIGN00627,2025-11-04 01:04:51.200923652,2025-11-03 13:33:12.434924298,Academic Misconduct,Similarity Check,Low,40.28,False,False,False,False,9.0,Partial Admission,False,,Insufficient Evidence,None,,0.0,2025-11-13 10:04:51.200923652
CASE001092,S00138,SUB011768,ASSIGN00627,2025-11-04 02:38:19.180057836,2025-11-02 06:51:46.493179348,AI Misuse,AI Detector,Medium,64.92,False,True,True,False,3.0,No Response,False,,Dismissed,None,,0.0,2025-11-07 12:38:19.180057836
CASE001093,S00511,SUB011773,ASSIGN00627,2025-11-04 00:56:19.683165451,2025-11-03 08:15:55.402921220,Unauthorized Collaboration,Faculty Report,Medium,61.05,False,False,False,True,7.0,Denied,False,,Not Guilty,None,,0.0,2025-11-11 05:56:19.683165451
CASE001094,S01121,SUB011808,ASSIGN00630,2025-11-24 06:14:40.267398685,2025-11-22 18:34:35.151300148,Academic Misconduct,AI Detector,Medium,73.78,False,True,False,False,4.0,Partial Admission,True,2025-12-01 09:14:40.267398685,Guilty,Severe,Suspension,15.0,2025-11-28 09:14:40.267398685
CASE001095,S00894,SUB011818,ASSIGN00630,2025-11-22 00:37:01.654172009,2025-11-21 22:07:50.834560764,Plagiarism,Faculty Report,Low,21.1,False,False,False,True,,No Response,True,,Pending,None,,0.0,
CASE001096,S00297,SUB011824,ASSIGN00630,2025-11-23 21:05:54.319135448,2025-11-23 08:03:55.096732153,AI Misuse,Similarity Check,Medium,56.16,False,False,False,False,10.0,Denied,True,2025-12-20 23:05:54.319135448,Insufficient Evidence,None,,0.0,2025-12-03 23:05:54.319135448
CASE001097,S01223,SUB011826,ASSIGN00630,2025-11-22 21:58:58.778305525,2025-11-22 00:29:05.729387772,Plagiarism,Automated Monitoring,Medium,53.46,False,True,False,False,22.0,Admitted,False,,Not Guilty,None,,0.0,2025-12-15 08:58:58.778305525
CASE001098,S01090,SUB011836,ASSIGN00631,2026-07-08 21:40:08.132528718,2026-07-08 16:03:51.610897190,Plagiarism,Automated Monitoring,Medium,62.83,False,True,False,False,6.0,Partial Admission,False,,Guilty,Warning,Formal Warning,1.0,2026-07-15 02:40:08.132528718
CASE001099,S00728,SUB011849,ASSIGN00631,2026-07-08 13:28:21.416450297,2026-07-08 05:53:13.750202001,Plagiarism,Peer Report,Low,64.775,False,False,False,False,16.0,No Response,False,,Dismissed,None,,0.0,2026-07-24 21:28:21.416450297
CASE001100,S01038,SUB011884,ASSIGN00633,2026-07-15 13:21:42.020374088,2026-07-14 22:26:28.657850163,Academic Misconduct,Faculty Report,Low,41.29,False,False,False,True,8.0,Denied,False,,Insufficient Evidence,None,,0.0,2026-07-24 00:21:42.020374088
CASE001101,S00682,SUB011885,ASSIGN00633,2026-07-18 15:25:14.317168306,2026-07-17 02:35:04.579006765,Unauthorized Collaboration,Faculty Report,Low,34.27,False,False,False,True,,Denied,False,,Pending,None,,0.0,
CASE001102,S00097,SUB011890,ASSIGN00634,2026-10-31 04:03:50.090225507,2026-10-30 14:57:37.747407354,Other Integrity Concern,AI Detector,High,83.11,False,True,True,False,13.0,Denied,False,,Dismissed,None,,0.0,2026-11-13 07:03:50.090225507
CASE001103,S00616,SUB011899,ASSIGN00634,2026-10-29 05:25:14.766519710,2026-10-28 20:02:56.468797063,AI Misuse,Similarity Check,Medium,60.33,True,True,False,False,12.0,Admitted,False,,Guilty,Warning,Formal Warning,1.0,2026-11-10 06:25:14.766519710
CASE001104,S00015,SUB011908,ASSIGN00634,2026-10-30 05:51:58.972658711,2026-10-29 17:05:49.023280460,AI Misuse,AI Detector,High,86.89,False,True,False,False,23.0,Denied,False,,Guilty,Moderate,Course Grade Reduction,6.0,2026-11-22 08:51:58.972658711
CASE001105,S00706,SUB011918,ASSIGN00635,2026-03-21 03:05:21.744699190,2026-03-20 21:32:58.447167564,Plagiarism,AI Detector,Medium,61.74,False,True,False,False,11.0,No Response,False,,Dismissed,None,,0.0,2026-04-01 09:05:21.744699190
CASE001106,S00459,SUB011920,ASSIGN00635,2026-03-24 00:54:13.089099340,2026-03-22 13:36:59.546857892,AI Misuse,AI Detector,High,62.01,False,False,False,False,4.0,Denied,False,,Insufficient Evidence,None,,0.0,2026-03-28 05:54:13.089099340
CASE001107,S01460,SUB011928,ASSIGN00635,2026-03-21 17:12:36.000000000,2026-03-19 23:20:09.778013984,Unauthorized Collaboration,AI Detector,Medium,59.93,False,True,False,False,11.0,Denied,False,,Dismissed,None,,0.0,2026-04-02 02:12:36.784141280
CASE001108,S00793,SUB011933,ASSIGN00636,2026-03-29 17:44:38.167697989,2026-03-29 13:49:18.949548431,Unauthorized Collaboration,Faculty Report,Medium,66.75,False,True,False,True,8.0,Denied,True,2026-04-22 01:44:38.167697989,Insufficient Evidence,None,,0.0,2026-04-07 01:44:38.167697989
CASE001109,S01005,SUB011939,ASSIGN00636,2026-03-30 18:24:45.419213031,2026-03-30 06:18:44.711174320,Unauthorized Collaboration,Similarity Check,Medium,71.94,False,True,False,False,9.0,No Response,False,,Guilty,Moderate,Course Grade Reduction,6.0,2026-04-08 23:24:45.419213031
CASE001110,S00332,SUB011961,ASSIGN00637,2026-10-05 07:36:35.014527793,2026-10-04 21:00:00.258500576,AI Misuse,Faculty Report,Low,33.22,False,False,True,True,12.0,Denied,False,,Dismissed,None,,0.0,2026-10-17 15:36:35.014527793
CASE001111,S00934,SUB011964,ASSIGN00637,2026-10-03 23:21:24.090432184,2026-10-03 11:32:18.385194878,AI Misuse,AI Detector,High,77.08,False,True,False,False,4.0,Admitted,False,,Guilty,Moderate,Assignment Grade Penalty,4.0,2026-10-08 04:21:24.090432184
CASE001112,S01252,SUB011968,ASSIGN00637,2026-10-06 00:07:35.136952620,2026-10-04 01:03:48.907280225,Plagiarism,Similarity Check,Medium,69.5,False,False,False,False,4.0,Partial Admission,False,,Not Guilty,None,,0.0,2026-10-10 09:07:35.136952620
CASE001113,S01339,SUB011999,ASSIGN00639,2026-09-29 00:59:02.677871516,2026-09-28 15:54:47.333083349,Academic Misconduct,AI Detector,High,62.47,False,True,False,False,8.0,Denied,False,,Dismissed,None,,0.0,2026-10-07 12:59:02.677871516
CASE001114,S00419,SUB012007,ASSIGN00640,2026-02-22 10:15:43.442305217,2026-02-21 16:35:50.288379448,Academic Misconduct,Faculty Report,Low,35.41,False,False,False,True,14.0,Denied,False,,Insufficient Evidence,None,,0.0,2026-03-08 18:15:43.442305217
CASE001115,S01212,SUB012008,ASSIGN00640,2026-02-21 16:57:55.602988360,2026-02-20 21:47:23.760524799,AI Misuse,AI Detector,Medium,76.42,False,False,False,False,,Denied,False,,Pending,None,,0.0,
CASE001116,S00068,SUB012013,ASSIGN00640,2026-02-23 14:41:28.491502389,2026-02-23 12:31:31.178606188,Plagiarism,Similarity Check,High,91.15,True,True,False,False,3.0,Admitted,True,2026-03-01 22:41:28.491502389,Guilty,Moderate,Academic Probation,8.0,2026-02-26 22:41:28.491502389
CASE001117,S01140,SUB012019,ASSIGN00640,2026-02-22 12:31:58.610909238,2026-02-21 12:01:16.146368392,Unauthorized Collaboration,AI Detector,High,69.41,False,True,False,False,9.0,Denied,False,,Guilty,Moderate,Academic Probation,8.0,2026-03-03 19:31:58.610909238
CASE001118,S00006,SUB012030,ASSIGN00641,2026-09-28 14:53:09.552527208,2026-09-28 01:13:32.572564906,AI Misuse,Faculty Report,Medium,72.95,False,False,True,True,,Denied,False,,Pending,None,,0.0,
CASE001119,S00380,SUB012040,ASSIGN00642,2026-11-30 06:52:08.860268779,2026-11-28 19:12:33.852592642,Academic Misconduct,Similarity Check,Low,28.49,False,False,False,False,1.0,Denied,False,,Dismissed,None,,0.0,2026-12-01 09:52:08.860268779
CASE001120,S00320,SUB012053,ASSIGN00642,2026-11-30 03:39:32.784705013,2026-11-28 11:56:53.342482559,Academic Misconduct,Peer Report,Low,27.06,False,False,False,False,3.0,Partial Admission,False,,Insufficient Evidence,None,,0.0,2026-12-03 07:39:32.784705013
CASE001121,S00004,SUB012054,ASSIGN00642,2026-11-29 19:30:52.261337071,2026-11-29 18:08:49.833793383,Unauthorized File Sharing,Faculty Report,Low,29.68,False,False,True,True,9.0,Denied,False,,Not Guilty,None,,0.0,2026-12-08 21:30:52.261337071
CASE001122,S00703,SUB012055,ASSIGN00642,2026-11-28 16:28:43.659064455,2026-11-27 23:31:07.249452569,Academic Misconduct,AI Detector,High,51.6,False,True,False,False,10.0,Admitted,False,,Insufficient Evidence,None,,0.0,2026-12-09 00:28:43.659064455
CASE001123,S01331,SUB012064,ASSIGN00643,2026-10-15 11:18:14.621346291,2026-10-13 22:48:59.599361230,Academic Misconduct,Faculty Report,Low,38.9,False,False,False,True,5.0,Denied,False,,Dismissed,None,,0.0,2026-10-20 18:18:14.621346291
CASE001124,S00676,SUB012074,ASSIGN00643,2026-10-14 20:11:30.160943678,2026-10-13 12:06:25.279997899,Plagiarism,Similarity Check,Low,53.96,False,False,False,False,4.0,Partial Admission,True,2026-10-24 08:11:30.160943678,Not Guilty,None,,0.0,2026-10-19 08:11:30.160943678
CASE001125,S01092,SUB012079,ASSIGN00643,2026-10-14 11:12:28.079310092,2026-10-13 19:16:17.315490801,Unauthorized File Sharing,Automated Monitoring,Low,48.14,False,True,False,False,10.0,Denied,False,,Not Guilty,None,,0.0,2026-10-24 21:12:28.079310092
CASE001126,S00544,SUB012103,ASSIGN00644,2025-11-29 14:25:21.117336458,2025-11-29 11:01:57.093446804,Other Integrity Concern,Plagiarism Screening,Medium,69.46,True,False,False,False,1.0,Denied,False,,Not Guilty,None,,0.0,2025-11-30 23:25:21.117336458
CASE001127,S00748,SUB012120,ASSIGN00645,2027-03-31 09:48:34.170775122,2027-03-29 11:04:25.285732225,Academic Misconduct,AI Detector,Medium,80.33,False,True,False,False,5.0,Denied,False,,Guilty,Moderate,,8.0,2027-04-05 14:48:34.170775122
CASE001128,S00527,SUB012131,ASSIGN00646,2026-07-09 08:13:58.228948983,2026-07-07 22:38:36.351479345,AI Misuse,Automated Monitoring,Medium,58.51,False,True,True,False,3.0,Denied,False,,Guilty,Warning,Formal Warning,1.0,2026-07-12 11:13:58.228948983
CASE001129,S01034,SUB012142,ASSIGN00646,2026-07-08 15:50:38.317650431,2026-07-07 20:05:12.877188669,AI Misuse,Faculty Report,High,85.94,True,True,False,True,10.0,No Response,False,,Dismissed,None,,0.0,2026-07-19 01:50:38.317650431
CASE001130,S01109,SUB012163,ASSIGN00647,2026-07-25 01:13:39.673967093,2026-07-23 22:40:10.979467177,Unauthorized File Sharing,Unknown,High,77.27,False,False,False,True,1.0,Denied,False,,Insufficient Evidence,None,,0.0,2026-07-26 08:13:39.673967093
CASE001131,S00087,SUB012193,ASSIGN00649,2025-11-28 03:24:02.270121623,2025-11-27 05:52:03.738916210,Plagiarism,AI Detector,Medium,52.42,False,False,False,False,3.0,Denied,True,2025-12-04 07:24:02.270121623,Dismissed,None,,0.0,2025-12-01 07:24:02.270121623
CASE001132,S00705,SUB012196,ASSIGN00649,2025-11-27 04:54:56.040456429,2025-11-27 01:52:02.153738612,Academic Misconduct,Automated Monitoring,High,94.6,False,True,False,False,2.0,Partial Admission,False,,Guilty,Moderate,Course Grade Reduction,6.0,2025-11-29 10:54:56.040456429
CASE001133,S00753,SUB012203,ASSIGN00649,2025-11-27 15:16:07.912857292,2025-11-27 00:48:07.308565574,Plagiarism,AI Detector,High,79.64,False,True,False,False,17.0,Admitted,False,,Guilty,Severe,Suspension,15.0,2025-12-14 18:16:07.912857292
CASE001134,S00572,SUB012207,ASSIGN00649,2025-11-26 02:35:07.139780846,2025-11-26 01:03:53.856730011,Plagiarism,AI Detector,Low,63.14,False,True,False,False,,Denied,False,,Pending,None,,0.0,
CASE001135,S00316,SUB012215,ASSIGN00650,2026-02-19 06:12:41.568007513,2026-02-17 06:22:35.421170677,Unauthorized Collaboration,Similarity Check,High,65.68,False,False,False,False,1.0,Denied,False,,Guilty,Warning,Formal Warning,1.0,2026-02-20 07:12:41.568007513
CASE001136,S00321,SUB012218,ASSIGN00650,2026-02-17 03:41:44.274644759,2026-02-16 23:00:03.188522052,Unauthorized File Sharing,AI Detector,High,82.94,False,True,False,False,,Denied,False,,Pending,None,,0.0,
CASE001137,S00155,SUB012219,ASSIGN00650,2026-02-19 03:13:56.895860216,2026-02-17 22:26:40.379144587,AI Misuse,AI Detector,High,78.69,False,False,False,False,6.0,Partial Admission,False,,Guilty,Moderate,Course Grade Reduction,6.0,2026-02-25 10:13:56.895860216
CASE001138,S00927,SUB012227,ASSIGN00651,2026-07-20 12:36:48.917210308,2026-07-20 03:47:00.555385718,Unauthorized File Sharing,AI Detector,Medium,59.95,False,True,False,False,8.0,Denied,True,2026-08-11 23:36:48.917210308,Guilty,Warning,Formal Warning,1.0,2026-07-28 23:36:48.917210308
CASE001139,S00615,SUB012262,ASSIGN00653,2026-07-06 14:44:12.811902932,2026-07-05 17:18:07.426693065,Unauthorized Collaboration,Similarity Check,Low,44.75,False,False,False,False,,Denied,False,,Pending,None,,0.0,
CASE001140,S00161,SUB012263,ASSIGN00653,2026-07-07 03:35:37.615904779,2026-07-05 21:48:18.831899868,Other Integrity Concern,Similarity Check,High,80.85,False,False,False,False,15.0,Partial Admission,False,,Guilty,Warning,Formal Warning,1.0,2026-07-22 04:35:37.615904779
CASE001141,S00330,SUB012290,ASSIGN00654,2026-06-25 19:04:54.006409184,2026-06-23 22:12:24.268380986,Unauthorized Collaboration,AI Detector,High,72.57,False,True,False,False,22.0,Denied,False,,Insufficient Evidence,None,,0.0,2026-07-18 04:04:54.006409184
CASE001142,S01294,SUB012298,ASSIGN00654,2026-06-26 17:30:53.552482592,2026-06-24 19:00:05.191729318,AI Misuse,AI Detector,High,83.45,False,True,False,False,8.0,Denied,False,,Guilty,Moderate,Course Grade Reduction,6.0,2026-07-05 03:30:53.552482592
CASE001143,S00213,SUB012378,ASSIGN00660,2026-04-02 18:52:18.798054511,2026-04-02 13:10:04.863551914,AI Misuse,AI Detector,Medium,66.67,False,True,False,False,9.0,Denied,False,,Dismissed,None,,0.0,2026-04-12 04:52:18.798054511
CASE001144,S00780,SUB012388,ASSIGN00661,2026-10-19 08:07:20.703771045,2026-10-19 05:38:00.000000000,AI Misuse,Peer Report,Medium,63.61,False,True,False,False,4.0,Partial Admission,False,,Not Guilty,None,,0.0,2026-10-23 17:07:20.703771045
CASE001145,S00501,SUB012399,ASSIGN00661,2026-10-19 05:28:44.000000000,2026-10-18 18:11:35.676720857,Plagiarism,AI Detector,Medium,63.91,False,True,False,False,,No Response,False,,Pending,None,,0.0,
CASE001146,S01432,SUB012405,ASSIGN00661,2026-10-21 07:40:13.745856903,2026-10-19 08:57:17.035197175,Plagiarism,Automated Monitoring,Medium,39.78,False,False,True,False,1.0,Denied,False,,Dismissed,None,,0.0,2026-10-22 19:40:13.745856903
CASE001147,S01301,SUB012407,ASSIGN00661,2026-10-19 16:31:26.987017908,2026-10-18 01:59:29.840387462,Unauthorized File Sharing,AI Detector,Medium,68.41,False,True,False,False,10.0,Denied,False,,Guilty,Moderate,Course Grade Reduction,6.0,2026-10-30 01:31:26.987017908
CASE001148,S01235,SUB012428,ASSIGN00663,2025-09-25 13:11:22.467834767,2025-09-23 13:14:31.535078510,Academic Misconduct,Faculty Report,High,85.28,False,True,False,True,9.0,No Response,True,2025-10-07 15:11:22.467834767,Insufficient Evidence,None,,0.0,2025-10-04 15:11:22.467834767
CASE001149,S00287,SUB012441,ASSIGN00663,2025-09-23 14:20:48.386232039,2025-09-23 08:37:36.954556060,AI Misuse,AI Detector,Medium,73.45,False,True,False,False,17.0,No Response,False,,Insufficient Evidence,None,,0.0,2025-10-10 20:20:48.386232039
CASE001150,S00207,SUB012454,ASSIGN00664,2027-03-19 10:07:05.065994549,2027-03-18 13:34:58.174521698,AI Misuse,Faculty Report,Low,39.83,False,False,True,True,8.0,Denied,False,,Dismissed,None,,0.0,2027-03-27 13:07:05.065994549
CASE001151,S00351,SUB012483,ASSIGN00666,2025-10-26 03:51:15.859003232,2025-10-24 23:02:34.197767015,Academic Misconduct,Plagiarism Screening,Medium,59.8,True,True,False,False,3.0,Denied,True,2025-11-08 04:51:15.859003232,Guilty,Moderate,Academic Probation,8.0,2025-10-29 04:51:15.859003232
CASE001152,S00133,SUB012499,ASSIGN00667,2026-03-26 18:26:48.844621549,2026-03-24 23:12:00.000000000,AI Misuse,Similarity Check,Medium,53.84,False,True,False,False,8.0,Partial Admission,False,,Insufficient Evidence,None,,0.0,2026-04-04 05:26:48.844621549
CASE001153,S01094,SUB012505,ASSIGN00667,2026-03-24 00:00:46.785784339,2026-03-23 12:55:53.859606022,Other Integrity Concern,AI Detector,Medium,79.66,False,True,True,False,5.0,Partial Admission,True,2026-04-12 12:00:46.785784339,Guilty,Warning,Formal Warning,1.0,2026-03-29 12:00:46.785784339
CASE001154,S01276,SUB012522,ASSIGN00668,2026-03-13 18:14:12.547640610,2026-03-12 04:41:37.192860894,Unauthorized File Sharing,Peer Report,Low,23.68,False,False,False,False,5.0,Denied,False,,Insufficient Evidence,None,,0.0,2026-03-19 01:14:12.547640610
CASE001155,S01280,SUB012528,ASSIGN00668,2026-03-13 17:09:19.295885431,2026-03-13 00:06:08.044644444,Academic Misconduct,Similarity Check,Medium,44.82,True,False,False,False,8.0,Partial Admission,False,,Not Guilty,None,,0.0,2026-03-22 05:09:19.295885431
CASE001156,S00077,SUB012534,ASSIGN00668,2026-03-12 17:53:48.396032979,2026-03-12 08:06:13.024327145,Other Integrity Concern,AI Detector,Medium,70.92,False,False,False,False,10.0,Partial Admission,False,,Dismissed,None,,0.0,2026-03-23 00:53:48.396032979
CASE001157,S00878,SUB012537,ASSIGN00668,2026-03-13 10:53:13.442231040,2026-03-13 02:47:56.376430896,Academic Misconduct,Automated Monitoring,High,89.16,True,True,True,False,13.0,Partial Admission,False,,Guilty,Moderate,Academic Probation,8.0,2026-03-26 12:53:13.442231040
CASE001158,S00668,SUB012541,ASSIGN00669,2025-10-22 17:33:03.792549898,2025-10-22 09:50:58.223618430,Plagiarism,Similarity Check,Low,66.81,False,False,True,False,2.0,Partial Admission,False,,Not Guilty,None,,0.0,2025-10-25 05:33:03.792549898
CASE001159,S00502,SUB012550,ASSIGN00669,2025-10-23 17:57:59.831337982,2025-10-23 00:04:38.896841338,AI Misuse,Automated Monitoring,Medium,73.6,False,False,False,False,15.0,No Response,False,,Not Guilty,None,,0.0,2025-11-08 03:57:59.831337982
CASE001160,S01221,SUB012565,ASSIGN00670,2025-10-11 01:53:35.225573239,2025-10-09 21:43:19.163789337,AI Misuse,AI Detector,High,91.06,False,True,False,False,13.0,Partial Admission,False,,Guilty,Moderate,Assignment Grade Penalty,4.0,2025-10-24 12:53:35.225573239
CASE001162,S00603,SUB012591,ASSIGN00671,2026-07-15 09:20:26.879284119,2026-07-14 18:52:15.309585114,AI Misuse,AI Detector,Low,74.74,False,True,False,False,12.0,Denied,False,,Guilty,Moderate,Course Grade Reduction,6.0,2026-07-27 12:20:26.879284119
CASE001163,S00769,SUB012607,ASSIGN00672,2027-02-23 13:33:19.893291238,2027-02-22 10:25:07.652129484,Plagiarism,Similarity Check,High,70.4,False,True,False,False,,Denied,False,,Pending,None,,0.0,
CASE001164,S00512,SUB012611,ASSIGN00672,2027-02-23 05:00:55.296441094,2027-02-22 14:48:34.705044689,AI Misuse,Faculty Report,Low,22.23,False,False,False,True,,No Response,False,,Pending,None,,0.0,
CASE001165,S00441,SUB012614,ASSIGN00672,2027-02-24 00:00:54.222303511,2027-02-23 01:59:16.736877606,AI Misuse,Similarity Check,High,84.98,False,False,True,False,2.0,Partial Admission,False,,Guilty,Moderate,Assignment Grade Penalty,4.0,2027-02-26 02:00:54.222303511
CASE001166,S01413,SUB012619,ASSIGN00672,2027-02-23 13:52:21.552115989,2027-02-23 08:22:49.221877023,AI Misuse,Automated Monitoring,Medium,57.06,False,False,False,False,8.0,Admitted,False,,Dismissed,None,,0.0,2027-03-03 14:52:21.552115989
CASE001167,S00737,SUB012620,ASSIGN00672,2027-02-25 14:21:18.398669725,2027-02-23 16:00:50.149890202,Plagiarism,Similarity Check,High,76.23,False,False,False,False,7.0,Denied,False,,Dismissed,None,,0.0,2027-03-04 18:21:18.398669725
CASE001168,S00207,SUB012630,ASSIGN00673,2025-09-28 01:36:48.448701315,2025-09-26 15:44:45.550656924,Unauthorized Collaboration,Faculty Report,Low,44.78,False,False,False,True,12.0,Denied,False,,Insufficient Evidence,None,,0.0,2025-10-10 07:36:48.448701315
CASE001169,S00543,SUB012640,ASSIGN00673,2025-09-25 09:23:22.782020328,2025-09-23 19:28:01.838241709,Plagiarism,AI Detector,High,84.28,False,True,False,False,16.0,Admitted,False,,Guilty,Moderate,Assignment Grade Penalty,4.0,2025-10-11 13:23:22.782020328
CASE001170,S00809,SUB012648,ASSIGN00673,2025-09-25 01:11:38.528339827,2025-09-24 00:04:03.143891067,AI Misuse,AI Detector,Low,58.16,False,False,False,False,,Denied,False,,Pending,None,,0.0,
CASE001171,S01344,SUB012653,ASSIGN00674,2026-03-16 18:36:56.373317603,2026-03-16 09:24:08.046732420,Unauthorized Collaboration,AI Detector,High,72.2,False,False,False,False,14.0,Admitted,False,,Guilty,Severe,Suspension,15.0,2026-03-31 03:36:56.373317603
CASE001172,S00074,SUB012675,ASSIGN00675,2026-09-30 23:40:58.807519167,2026-09-29 11:55:17.531274837,AI Misuse,Faculty Report,High,86.12,False,True,False,True,1.0,Denied,False,,Guilty,Severe,,8.0,2026-10-02 04:40:58.807519167
CASE001173,S01475,SUB012716,ASSIGN00677,2025-11-26 14:31:38.962387650,2025-11-24 16:33:29.904659273,AI Misuse,AI Detector,Medium,72.42,False,False,False,False,1.0,Denied,False,,Guilty,Moderate,Academic Probation,8.0,2025-11-27 17:31:38.962387650
CASE001174,S01122,SUB012722,ASSIGN00677,2025-11-25 12:28:50.534675075,2025-11-24 19:36:11.755864161,Academic Misconduct,AI Detector,Low,74.78,False,True,False,False,,No Response,False,,Pending,None,,0.0,
CASE001175,S00158,SUB012729,ASSIGN00678,2026-10-28 10:54:24.339432498,2026-10-27 21:02:37.479025850,AI Misuse,Automated Monitoring,Medium,51.2,False,False,False,False,15.0,Denied,False,,Dismissed,None,,0.0,2026-11-12 14:54:24.339432498
CASE001176,S00982,SUB012731,ASSIGN00678,2026-10-30 00:23:55.936844685,2026-10-28 04:36:30.767135527,AI Misuse,Similarity Check,High,75.51,True,False,False,False,8.0,Denied,False,,Guilty,Severe,Academic Probation,8.0,2026-11-07 07:23:55.936844685
CASE001177,S01160,SUB012754,ASSIGN00679,2025-10-29 20:00:35.203073648,2025-10-28 04:41:38.782676031,Other Integrity Concern,Peer Report,Medium,48.03,False,False,False,False,22.0,Admitted,False,,Not Guilty,None,,0.0,2025-11-20 23:00:35.203073648
CASE001178,S01081,SUB012768,ASSIGN00680,2026-11-02 09:24:29.522092098,2026-11-01 15:55:49.082904822,Unauthorized Collaboration,Faculty Report,Low,31.91,False,False,False,True,7.0,Admitted,False,,Insufficient Evidence,None,,0.0,2026-11-09 21:24:29.522092098
CASE001179,S00886,SUB012770,ASSIGN00680,2026-11-01 23:08:56.067995644,2026-11-01 04:10:36.460203087,AI Misuse,Automated Monitoring,High,91.31,True,True,False,False,1.0,Denied,False,,Insufficient Evidence,None,,0.0,2026-11-03 09:08:56.067995644
CASE001180,S00340,SUB012782,ASSIGN00681,2026-04-07 13:46:47.996879387,2026-04-05 19:22:47.199535846,AI Misuse,Peer Report,Medium,75.65,False,True,False,False,20.0,Denied,False,,Insufficient Evidence,None,,0.0,2026-04-27 15:46:47.996879387
CASE001181,S01200,SUB012785,ASSIGN00682,2027-03-01 01:38:55.792197599,2027-02-27 19:08:48.585924701,Other Integrity Concern,Plagiarism Screening,Medium,59.54,True,False,False,False,,Partial Admission,True,,Pending,None,,0.0,
CASE001182,S01294,SUB012795,ASSIGN00682,2027-02-27 11:17:49.290383363,2027-02-26 04:27:54.485955801,Plagiarism,Automated Monitoring,High,77.61,False,True,False,False,7.0,Admitted,False,,Not Guilty,None,,0.0,2027-03-06 19:17:49.290383363
CASE001183,S01325,SUB012809,ASSIGN00683,2025-10-02 07:34:50.055234405,2025-10-01 03:31:05.740888480,Plagiarism,AI Detector,Medium,56.72,False,True,False,False,24.0,No Response,False,,Insufficient Evidence,None,,0.0,2025-10-26 15:34:50.055234405
CASE001184,S00923,SUB012817,ASSIGN00683,2025-09-30 10:30:52.524916618,2025-09-29 04:20:02.658383104,AI Misuse,Peer Report,Low,46.77,False,True,False,False,1.0,Admitted,False,,Dismissed,None,,0.0,2025-10-01 16:30:52.524916618
CASE001185,S00850,SUB012822,ASSIGN00683,2025-10-02 13:53:03.487127992,2025-09-30 16:23:06.742208272,AI Misuse,Peer Report,Medium,63.05,False,False,False,False,8.0,Denied,False,,Guilty,Warning,Formal Warning,1.0,2025-10-10 18:53:03.487127992
CASE001186,S00117,SUB012827,ASSIGN00684,2026-10-24 22:22:49.415175717,2026-10-24 05:47:01.041808561,Unauthorized Collaboration,Similarity Check,Medium,38.76,False,False,False,False,24.0,No Response,False,,Dismissed,None,,0.0,2026-11-18 05:22:49.415175717
CASE001187,S00322,SUB012840,ASSIGN00684,2026-10-25 00:34:53.849487938,2026-10-23 21:11:36.852612120,Unauthorized File Sharing,Similarity Check,Medium,55.77,False,False,False,False,16.0,Admitted,False,,Dismissed,None,,0.0,2026-11-10 06:34:53.849487938
CASE001188,S00025,SUB012844,ASSIGN00684,2026-10-24 09:02:26.392198373,2026-10-23 04:54:52.425763868,Plagiarism,Similarity Check,High,53.97,False,False,False,False,2.0,Denied,False,,Dismissed,None,,0.0,2026-10-26 16:02:26.392198373
CASE001189,S00079,SUB012845,ASSIGN00684,2026-10-24 11:53:55.191579640,2026-10-23 10:53:23.442196557,AI Misuse,Faculty Report,Low,37.17,False,False,False,True,7.0,Denied,False,,Insufficient Evidence,None,,0.0,2026-10-31 18:53:55.191579640
CASE001190,S00131,SUB012876,ASSIGN00686,2026-03-10 05:50:23.444001935,2026-03-09 15:50:03.633781912,AI Misuse,AI Detector,High,79.69,False,False,False,False,4.0,Denied,True,2026-04-03 10:50:23.444001935,Guilty,Severe,Academic Probation,8.0,2026-03-14 10:50:23.444001935
CASE001191,S00781,SUB012897,ASSIGN00688,2026-03-28 21:29:33.236712523,2026-03-27 11:40:05.970119056,AI Misuse,AI Detector,Medium,65.28,False,True,False,False,6.0,Partial Admission,False,,Dismissed,None,,0.0,2026-04-04 06:29:33.236712523
CASE001192,S01017,SUB012901,ASSIGN00688,2026-03-29 19:39:42.073460876,2026-03-28 09:22:37.199384672,Unauthorized Collaboration,AI Detector,Low,72.69,False,True,False,False,13.0,Admitted,False,,Guilty,Moderate,Assignment Grade Penalty,4.0,2026-04-11 21:39:42.073460876
CASE001193,S00029,SUB012906,ASSIGN00688,2026-03-30 02:02:38.573738962,2026-03-28 20:00:01.217043931,Unauthorized Collaboration,Automated Monitoring,High,60.39,False,True,False,False,12.0,Denied,False,,Dismissed,None,,0.0,2026-04-11 10:02:38.573738962
CASE001194,S01009,SUB012908,ASSIGN00688,2026-03-29 17:05:29.154340829,2026-03-27 20:15:26.096406328,Plagiarism,Automated Monitoring,High,72.33,False,True,False,False,11.0,Denied,False,,Dismissed,None,,0.0,2026-04-09 19:05:29.154340829
CASE001195,S01268,SUB012924,ASSIGN00689,2027-04-02 13:29:44.365415781,2027-03-31 15:47:04.565450835,AI Misuse,Similarity Check,Medium,44.7,False,False,False,False,7.0,No Response,False,,Dismissed,None,,0.0,2027-04-10 00:29:44.365415781
CASE001196,S00045,SUB012936,ASSIGN00690,2025-10-20 06:19:38.913360121,2025-10-18 14:41:33.985694165,Plagiarism,Automated Monitoring,Medium,61.39,False,True,False,False,13.0,Partial Admission,False,,Guilty,Warning,Formal Warning,1.0,2025-11-02 18:19:38.913360121
CASE001197,S00470,SUB012956,ASSIGN00691,2025-10-28 00:45:00.265518896,2025-10-26 15:52:38.153034295,Unauthorized Collaboration,AI Detector,Low,58.27,False,False,False,False,9.0,Admitted,False,,Guilty,Moderate,Academic Probation,8.0,2025-11-06 10:45:00.265518896
CASE001198,S00272,SUB012964,ASSIGN00691,2025-10-29 16:27:12.870540169,2025-10-29 06:48:42.463503558,AI Misuse,AI Detector,High,57.4,False,True,False,False,10.0,Admitted,False,,Guilty,Warning,Formal Warning,1.0,2025-11-09 02:27:12.870540169
CASE001199,S01386,SUB012965,ASSIGN00691,2025-10-26 15:26:28.284714266,2025-10-25 05:25:34.376655395,Other Integrity Concern,Faculty Report,Low,48.74,False,False,False,True,16.0,Partial Admission,False,,Dismissed,None,,0.0,2025-11-12 00:26:28.284714266
CASE001200,S01341,SUB012971,ASSIGN00691,2025-10-27 21:18:18.944309776,2025-10-26 15:06:11.004243386,Plagiarism,AI Detector,Medium,71.95,False,True,False,False,,Denied,False,,Pending,None,,0.0,
CASE001201,S01208,SUB012980,ASSIGN00692,2026-03-05 14:56:07.140705058,2026-03-05 10:46:55.960963271,AI Misuse,Automated Monitoring,Medium,65.76,False,True,False,False,,Admitted,False,,Pending,None,,0.0,
CASE001202,S00649,SUB012987,ASSIGN00692,2026-03-07 21:49:28.791687048,2026-03-07 11:51:08.100575760,AI Misuse,Similarity Check,High,62.06,False,True,False,False,,No Response,False,,Pending,None,,0.0,
CASE001203,S00986,SUB012996,ASSIGN00693,2026-10-21 10:17:52.457601769,2026-10-21 04:24:44.623970565,Plagiarism,AI Detector,Medium,70.46,False,False,False,False,5.0,No Response,False,,Dismissed,None,,0.0,2026-10-26 22:17:52.457601769
CASE001204,S00297,SUB013004,ASSIGN00694,2025-09-14 14:49:31.550578000,2025-09-12 22:54:01.803017701,Unauthorized File Sharing,Peer Report,Low,13.76,True,False,False,False,3.0,No Response,False,,Not Guilty,None,,0.0,2025-09-17 23:49:31.550578000
CASE001205,S00660,SUB013006,ASSIGN00694,2025-09-13 18:44:48.297565113,2025-09-12 15:48:00.000000000,Unauthorized Collaboration,AI Detector,Medium,55.52,False,True,True,False,2.0,Denied,False,,Insufficient Evidence,None,,0.0,2025-09-16 00:44:48.297565113
CASE001206,S00906,SUB013047,ASSIGN00696,2026-10-30 13:14:28.588701951,2026-10-30 06:52:12.398809955,AI Misuse,AI Detector,High,78.16,False,True,False,False,31.0,No Response,False,,Insufficient Evidence,None,,0.0,2026-11-30 17:14:28.588701951
CASE001207,S00390,SUB013058,ASSIGN00696,2026-10-31 01:29:59.823251020,2026-10-29 07:48:43.995973753,Unauthorized Collaboration,Automated Monitoring,Medium,66.27,False,True,False,False,,Denied,False,,Pending,None,,0.0,
CASE001208,S01200,SUB013062,ASSIGN00696,2026-10-30 06:20:25.102212525,2026-10-28 14:17:12.640709105,Unauthorized Collaboration,Faculty Report,Medium,31.2,False,False,False,True,2.0,Denied,False,,Dismissed,None,,0.0,2026-11-01 17:20:25.102212525
CASE001209,S00309,SUB013067,ASSIGN00697,2025-11-10 17:24:35.064768614,2025-11-09 22:04:26.747020796,Plagiarism,Faculty Report,Medium,74.81,True,True,False,True,13.0,Admitted,True,2025-11-30 00:24:35.064768614,Insufficient Evidence,None,,0.0,2025-11-24 00:24:35.064768614
CASE001210,S01174,SUB013079,ASSIGN00697,2025-11-12 20:34:36.981822126,2025-11-11 04:49:40.994316929,Academic Misconduct,Similarity Check,Medium,54.91,False,True,False,False,12.0,No Response,False,,Dismissed,None,,0.0,2025-11-25 04:34:36.981822126
CASE001211,S00585,SUB013085,ASSIGN00698,2027-02-17 21:19:10.449904042,2027-02-16 02:35:20.586653724,Academic Misconduct,Faculty Report,Medium,41.98,False,False,False,True,1.0,Denied,False,,Dismissed,None,,0.0,2027-02-19 01:19:10.449904042
CASE001212,S01365,SUB013103,ASSIGN00699,2027-03-05 22:30:17.088313122,2027-03-04 19:03:58.240030863,AI Misuse,AI Detector,Medium,77.33,False,True,False,False,,No Response,False,,Pending,None,,0.0,
CASE001213,S00110,SUB013128,ASSIGN00700,2026-02-13 02:08:22.767891952,2026-02-13 00:08:25.458829423,Plagiarism,AI Detector,Medium,71.39,False,True,False,False,11.0,Admitted,False,,Guilty,Moderate,Course Grade Reduction,6.0,2026-02-24 12:08:22.767891952
CASE001214,S00001,SUB013142,ASSIGN00701,2026-07-29 15:36:05.908253861,2026-07-27 17:31:46.701009454,AI Misuse,AI Detector,High,85.61,False,True,False,False,2.0,No Response,False,,Guilty,Moderate,Course Grade Reduction,6.0,2026-07-31 19:36:05.908253861
CASE001215,S01148,SUB013149,ASSIGN00702,2025-10-06 19:20:05.330846856,2025-10-06 03:12:21.006332175,Unauthorized File Sharing,AI Detector,Medium,63.3,False,True,False,False,3.0,Partial Admission,False,,Not Guilty,None,,0.0,2025-10-09 22:20:05.330846856
CASE001216,S00368,SUB013154,ASSIGN00702,2025-10-07 11:48:40.917551218,2025-10-06 13:23:02.211084247,AI Misuse,Similarity Check,High,78.88,False,False,False,False,5.0,No Response,False,,Not Guilty,None,,0.0,2025-10-12 18:48:40.917551218
CASE001217,S00776,SUB013184,ASSIGN00704,2027-03-23 06:42:06.293379215,2027-03-22 07:37:07.744604494,Unauthorized File Sharing,AI Detector,High,73.62,False,True,False,False,1.0,No Response,False,,Dismissed,None,,0.0,2027-03-24 07:42:06.293379215
CASE001218,S00366,SUB013196,ASSIGN00704,2027-03-23 07:09:09.000000000,2027-03-21 23:56:43.879406596,Plagiarism,Similarity Check,Medium,68.02,False,True,False,False,,Denied,False,,Pending,None,,0.0,
CASE001219,S01320,SUB013199,ASSIGN00704,2027-03-23 14:06:25.060054163,2027-03-21 15:24:03.664617970,Academic Misconduct,Faculty Report,Low,31.28,False,False,True,True,12.0,No Response,False,,Dismissed,None,,0.0,2027-04-04 21:06:25.060054163
CASE001220,S00840,SUB013223,ASSIGN00705,2025-10-30 01:03:53.260097076,2025-10-29 14:17:27.442853966,AI Misuse,AI Detector,High,85.72,False,True,False,False,8.0,No Response,False,,Guilty,Severe,Suspension,15.0,2025-11-07 08:03:53.260097076
CASE001221,S00117,SUB013231,ASSIGN00706,2025-10-23 20:51:14.019708944,2025-10-22 16:07:20.777570574,AI Misuse,AI Detector,Medium,54.37,False,False,False,False,9.0,Denied,False,,Dismissed,None,,0.0,2025-11-02 04:51:14.019708944
CASE001222,S01450,SUB013234,ASSIGN00706,2025-10-23 06:45:46.998374885,2025-10-21 10:33:36.567729290,AI Misuse,Similarity Check,High,60.64,False,False,False,False,6.0,Denied,False,,Guilty,Moderate,Assignment Grade Penalty,4.0,2025-10-29 14:45:46.998374885
CASE001223,S00994,SUB013243,ASSIGN00706,2025-10-22 20:03:51.043595571,2025-10-21 17:53:28.631531043,Academic Misconduct,Faculty Report,Medium,34.62,False,False,False,True,5.0,No Response,False,,Not Guilty,None,,0.0,2025-10-28 06:03:51.043595571
CASE001224,S01294,SUB013247,ASSIGN00706,2025-10-23 03:27:58.660989264,2025-10-22 15:38:51.196741163,Unauthorized Collaboration,Similarity Check,Low,39.46,False,False,False,False,18.0,Denied,False,,Dismissed,None,,0.0,2025-11-10 07:27:58.660989264
CASE001225,S00250,SUB013249,ASSIGN00707,2026-04-04 17:56:26.322806418,2026-04-03 10:43:18.477394967,Unauthorized Collaboration,Faculty Report,Medium,51.28,False,False,False,True,17.0,Denied,False,,Dismissed,None,,0.0,2026-04-21 18:56:26.322806418
CASE001226,S00535,SUB013250,ASSIGN00707,2026-04-04 05:10:18.612533874,2026-04-03 10:45:00.592512821,Plagiarism,Faculty Report,Low,31.73,False,False,True,True,25.0,Admitted,False,,Dismissed,None,,0.0,2026-04-29 06:10:18.612533874
CASE001227,S00282,SUB013274,ASSIGN00708,2026-11-05 21:42:27.160011886,2026-11-04 17:37:49.829652945,AI Misuse,AI Detector,Low,73.2,False,False,False,False,,Denied,False,,Pending,None,,0.0,
CASE001228,S01320,SUB013278,ASSIGN00708,2026-11-07 06:23:14.633175119,2026-11-07 04:37:21.199297467,Academic Misconduct,Automated Monitoring,High,50.53,False,False,False,False,,Admitted,False,,Pending,None,,0.0,
CASE001229,S01045,SUB013280,ASSIGN00708,2026-11-07 21:28:38.246329469,2026-11-06 05:06:09.612855590,Unauthorized Collaboration,Similarity Check,Medium,71.79,False,True,True,False,12.0,Denied,False,,Insufficient Evidence,None,,0.0,2026-11-19 23:28:38.246329469
CASE001230,S00093,SUB013282,ASSIGN00708,2026-11-07 04:51:52.841378864,2026-11-05 20:18:41.290967327,Plagiarism,Automated Monitoring,High,76.37,False,True,True,False,,No Response,True,,Pending,None,,0.0,
CASE001231,S00818,SUB013298,ASSIGN00709,2026-07-21 14:43:31.334962395,2026-07-20 12:55:49.855517173,AI Misuse,Peer Report,Low,38.0,False,False,False,False,7.0,Partial Admission,False,,Insufficient Evidence,None,,0.0,2026-07-28 18:43:31.334962395
CASE001232,S01016,SUB013313,ASSIGN00710,2027-02-13 16:32:19.364679001,2027-02-13 09:46:01.004710540,Academic Misconduct,AI Detector,Medium,73.46,False,False,False,False,24.0,Partial Admission,False,,Guilty,Moderate,Course Grade Reduction,6.0,2027-03-09 22:32:19.364679001
CASE001233,S01224,SUB013349,ASSIGN00711,2026-04-28 08:21:20.187651166,2026-04-27 21:43:20.343958095,Unauthorized File Sharing,Automated Monitoring,High,67.26,False,True,False,False,21.0,Denied,False,,Not Guilty,None,,0.0,2026-05-19 19:21:20.187651166
CASE001234,S00042,SUB013356,ASSIGN00712,2025-10-30 11:21:29.941175007,2025-10-28 20:12:02.021791005,Academic Misconduct,Faculty Report,Medium,65.93,False,False,False,True,3.0,No Response,False,,Not Guilty,None,,0.0,2025-11-02 15:21:29.000000000
CASE001235,S01049,SUB013363,ASSIGN00712,2025-10-30 01:33:38.114420984,2025-10-28 10:17:17.052296170,Plagiarism,AI Detector,High,84.36,False,True,True,False,2.0,Partial Admission,True,2025-11-18 06:33:38.114420984,Insufficient Evidence,None,,0.0,2025-11-01 06:33:38.114420984
CASE001236,S00102,SUB013364,ASSIGN00712,2025-10-28 21:06:36.330785816,2025-10-27 19:17:04.244112460,Academic Misconduct,AI Detector,High,83.23,False,True,False,False,14.0,Denied,True,2025-12-03 00:06:36.330785816,Guilty,Warning,Formal Warning,1.0,2025-11-12 00:06:36.330785816
CASE001237,S00157,SUB013389,ASSIGN00714,2025-11-05 04:42:36.693965780,2025-11-04 02:03:45.015889568,AI Misuse,Automated Monitoring,High,67.83,False,True,False,False,21.0,Denied,False,,Insufficient Evidence,None,,0.0,2025-11-26 11:42:36.693965780
CASE001238,S00383,SUB013395,ASSIGN00715,2027-03-07 06:55:11.098759698,2027-03-06 20:37:01.573636992,Unauthorized File Sharing,Plagiarism Screening,Low,23.87,True,False,False,False,13.0,Partial Admission,False,,Dismissed,None,,0.0,2027-03-20 11:55:11.098759698
CASE001239,S00209,SUB013396,ASSIGN00715,2027-03-06 00:51:25.893881454,2027-03-05 00:22:55.364329374,AI Misuse,Peer Report,Low,40.41,False,False,True,False,6.0,Admitted,False,,Insufficient Evidence,None,,0.0,2027-03-12 03:51:25.893881454
CASE001240,S00557,SUB013403,ASSIGN00715,2027-03-08 11:41:43.782844658,2027-03-06 21:58:45.524751656,Unauthorized File Sharing,Peer Report,Low,27.89,False,False,False,False,,Admitted,False,,Pending,None,,0.0,
CASE001241,S01083,SUB013420,ASSIGN00716,2026-07-07 05:34:17.941273266,2026-07-06 18:19:13.778168888,Plagiarism,Faculty Report,Low,32.59,False,False,True,True,,Denied,False,,Pending,None,,0.0,
CASE001242,S01035,SUB013428,ASSIGN00716,2026-07-06 22:39:03.732734876,2026-07-06 20:31:59.041357942,Plagiarism,Automated Monitoring,Medium,73.95,False,True,True,False,1.0,Denied,False,,Guilty,Moderate,Academic Probation,8.0,2026-07-08 00:39:03.732734876
CASE001243,S01110,SUB013450,ASSIGN00717,2026-02-20 11:39:31.774143450,2026-02-20 04:01:35.114453681,Unauthorized Collaboration,Automated Monitoring,Medium,64.96,False,False,False,False,6.0,Admitted,False,,Guilty,Moderate,Assignment Grade Penalty,4.0,2026-02-26 20:39:31.774143450
CASE001244,S00766,SUB013456,ASSIGN00717,2026-02-20 11:01:30.590688548,2026-02-19 06:27:52.281142774,Unauthorized File Sharing,AI Detector,High,77.53,False,True,False,False,7.0,Admitted,False,,Insufficient Evidence,None,,0.0,2026-02-27 12:01:30.590688548
CASE001245,S00704,SUB013458,ASSIGN00717,2026-02-20 10:08:38.763146297,2026-02-18 13:10:04.489885093,Plagiarism,Similarity Check,Medium,70.45,False,True,False,False,12.0,Denied,False,,Dismissed,None,,0.0,2026-03-04 19:08:38.763146297
CASE001246,S01471,SUB013472,ASSIGN00718,2026-07-06 13:52:45.410333764,2026-07-04 15:35:28.810815162,Academic Misconduct,Peer Report,Medium,71.6,False,False,False,False,27.0,Partial Admission,False,,Insufficient Evidence,None,,0.0,2026-08-03 00:52:45.410333764
CASE001247,S00398,SUB013473,ASSIGN00718,2026-07-05 17:07:56.365863233,2026-07-05 12:58:55.260058265,AI Misuse,AI Detector,Medium,64.4,False,True,False,False,8.0,Denied,False,,Not Guilty,None,,0.0,2026-07-13 21:07:56.365863233
CASE001248,S00908,SUB013523,ASSIGN00720,2026-04-21 09:40:58.735602551,2026-04-21 08:05:34.836247265,Plagiarism,AI Detector,High,95.13,False,True,False,False,11.0,No Response,False,,Insufficient Evidence,None,,0.0,2026-05-02 16:40:58.735602551
CASE001249,S00728,SUB013525,ASSIGN00720,2026-04-24 17:58:24.855810151,2026-04-23 03:05:58.152459773,Academic Misconduct,Faculty Report,Medium,68.57,False,True,False,True,17.0,Partial Admission,False,,Guilty,Moderate,Academic Probation,8.0,2026-05-11 23:58:24.855810151
CASE001250,S00651,SUB013529,ASSIGN00721,2026-09-24 13:22:56.610928526,2026-09-24 11:15:15.227330810,AI Misuse,Unknown,Medium,55.43,False,False,False,False,15.0,Partial Admission,True,2026-10-18 23:22:56.610928526,Not Guilty,None,,0.0,2026-10-09 23:22:56.610928526
CASE001251,S00670,SUB013555,ASSIGN00722,2027-03-30 09:30:38.508999560,2027-03-29 14:40:07.429096332,Unauthorized Collaboration,AI Detector,Medium,75.18,False,True,False,False,10.0,Admitted,False,,Not Guilty,None,,0.0,2027-04-09 16:30:38.508999560
CASE001252,S00524,SUB013559,ASSIGN00722,2027-03-30 01:27:27.354814919,2027-03-28 07:43:31.641665403,Unauthorized Collaboration,Faculty Report,Medium,34.35,False,False,False,True,5.0,Partial Admission,False,,Not Guilty,None,,0.0,2027-04-04 12:27:27.354814919
CASE001253,S01154,SUB013583,ASSIGN00723,2026-07-17 12:47:41.678554903,2026-07-16 18:32:02.651654032,Plagiarism,AI Detector,Medium,87.43,False,True,False,False,14.0,Denied,True,2026-08-18 13:47:41.678554903,Guilty,Severe,Academic Probation,8.0,2026-07-31 13:47:41.678554903
CASE001254,S00792,SUB013591,ASSIGN00724,2027-04-21 19:51:16.019895461,2027-04-20 13:39:24.008704301,Academic Misconduct,Faculty Report,Low,27.57,False,False,False,True,5.0,Denied,False,,Not Guilty,None,,0.0,2027-04-26 23:51:16.019895461
CASE001255,S00647,SUB013598,ASSIGN00724,2027-04-22 03:02:20.277339080,2027-04-21 10:25:33.811623570,AI Misuse,Automated Monitoring,Low,24.4,False,False,False,False,4.0,Denied,False,,Dismissed,None,,0.0,2027-04-26 14:02:20.277339080
CASE001256,S00371,SUB013607,ASSIGN00725,2025-10-23 12:55:46.569314749,2025-10-21 15:21:27.963380378,AI Misuse,Peer Report,Low,42.78,False,True,False,False,20.0,Denied,False,,Dismissed,None,,0.0,2025-11-12 16:55:46.569314749
CASE001257,S01334,SUB013612,ASSIGN00725,2025-10-21 10:07:59.284893552,2025-10-21 07:53:33.333252941,AI Misuse,AI Detector,Medium,59.19,False,False,False,False,8.0,Denied,False,,Dismissed,None,,0.0,2025-10-29 15:07:59.284893552
CASE001258,S00236,SUB013618,ASSIGN00726,2026-02-22 13:50:54.828358453,2026-02-22 00:16:41.542615472,Other Integrity Concern,Unknown,Medium,68.99,False,False,False,False,5.0,Denied,False,,Insufficient Evidence,None,,0.0,2026-02-27 15:50:54.828358453
CASE001259,S00881,SUB013625,ASSIGN00726,2026-02-20 07:44:26.819868023,2026-02-18 21:52:36.376166796,Plagiarism,Similarity Check,Medium,70.24,False,False,False,False,9.0,Denied,False,,Not Guilty,None,,0.0,2026-03-01 16:44:26.819868023
CASE001260,S00192,SUB013636,ASSIGN00727,2025-09-23 13:58:32.966763679,2025-09-22 09:45:08.384097951,Unauthorized Collaboration,Faculty Report,High,87.65,False,False,False,True,4.0,Admitted,False,,Not Guilty,None,,0.0,2025-09-27 20:58:32.966763679
CASE001261,S01292,SUB013685,ASSIGN00730,2027-03-28 04:03:59.996314510,2027-03-27 22:56:42.020190897,Plagiarism,Faculty Report,Low,43.74,False,False,False,True,9.0,Partial Admission,True,2027-04-18 11:03:59.996314510,Guilty,Moderate,Academic Probation,8.0,2027-04-06 11:03:59.996314510
CASE001262,S01172,SUB013697,ASSIGN00730,2027-03-31 02:37:01.843491965,2027-03-29 10:25:05.894260616,Plagiarism,Faculty Report,Medium,47.25,False,False,False,True,3.0,No Response,False,,Insufficient Evidence,None,,0.0,2027-04-03 06:37:01.843491965
CASE001263,S00459,SUB013729,ASSIGN00732,2026-03-25 20:16:26.995925215,2026-03-24 01:22:18.169933739,AI Misuse,Faculty Report,Medium,12.52,False,False,False,True,4.0,Denied,False,,Guilty,Warning,Formal Warning,1.0,2026-03-30 01:16:26.995925215
CASE001264,S01190,SUB013735,ASSIGN00732,2026-03-27 09:46:02.054892955,2026-03-26 01:04:12.504627792,AI Misuse,Similarity Check,Medium,73.1,False,False,False,False,18.0,Denied,False,,Guilty,Warning,Formal Warning,1.0,2026-04-14 14:46:02.054892955
CASE001265,S00199,SUB013737,ASSIGN00732,2026-03-26 10:18:48.341655191,2026-03-25 02:19:05.704473257,AI Misuse,Similarity Check,Low,40.97,False,False,False,False,9.0,Denied,False,,Not Guilty,None,,0.0,2026-04-04 21:18:48.341655191
CASE001266,S00638,SUB013739,ASSIGN00732,2026-03-25 08:53:14.483313278,2026-03-24 14:45:26.103296823,AI Misuse,Similarity Check,Low,47.32,False,True,False,False,17.0,Denied,False,,Not Guilty,None,,0.0,2026-04-11 18:53:14.483313278
CASE001267,S00916,SUB013748,ASSIGN00732,2026-03-26 13:17:01.667580778,2026-03-26 00:35:43.842947996,Plagiarism,AI Detector,Low,61.88,False,False,False,False,3.0,Partial Admission,False,,Dismissed,None,,0.0,2026-03-29 16:17:01.667580778
CASE001268,S01060,SUB013749,ASSIGN00732,2026-03-25 21:34:59.215195876,2026-03-25 01:33:55.583454223,AI Misuse,Faculty Report,High,84.57,False,True,False,True,6.0,Admitted,False,,Guilty,Warning,Formal Warning,1.0,2026-04-01 09:34:59.215195876
CASE001269,S01326,SUB013757,ASSIGN00733,2026-11-29 18:01:24.419760036,2026-11-28 20:57:40.713295745,Unauthorized File Sharing,AI Detector,Medium,74.86,True,False,False,False,19.0,Admitted,False,,Guilty,Warning,Formal Warning,1.0,2026-12-18 22:01:24.419760036
CASE001270,S01494,SUB013760,ASSIGN00733,2026-12-01 08:27:49.469118414,2026-11-30 09:17:05.409260712,AI Misuse,AI Detector,Medium,63.55,False,False,False,False,6.0,Denied,False,,Dismissed,None,,0.0,2026-12-07 16:27:49.469118414
CASE001271,S00559,SUB013761,ASSIGN00734,2026-07-20 23:03:12.203346790,2026-07-19 11:18:44.573782819,AI Misuse,Peer Report,Low,31.61,False,False,False,False,8.0,No Response,False,,Dismissed,None,,0.0,2026-07-29 04:03:12.203346790
CASE001272,S01299,SUB013799,ASSIGN00736,2025-10-19 13:56:44.174897822,2025-10-18 02:44:58.020427081,AI Misuse,Automated Monitoring,Low,70.26,False,True,False,False,22.0,Denied,False,,Dismissed,None,,0.0,2025-11-10 20:56:44.174897822
CASE001273,S00505,SUB013816,ASSIGN00737,2026-09-23 23:16:38.241130571,2026-09-23 18:46:39.201020775,Plagiarism,AI Detector,Medium,70.37,False,False,False,False,5.0,Partial Admission,False,,Guilty,Moderate,Course Grade Reduction,6.0,2026-09-29 04:16:38.241130571
CASE001274,S00598,SUB013836,ASSIGN00739,2025-10-18 12:08:27.463118142,2025-10-17 09:21:34.416800685,Unauthorized Collaboration,Similarity Check,Low,19.67,False,False,False,False,7.0,No Response,False,,Not Guilty,None,,0.0,2025-10-25 19:08:27.463118142
CASE001275,S00456,SUB013867,ASSIGN00740,2026-11-07 05:07:08.940723631,2026-11-05 15:49:04.539730169,Plagiarism,Similarity Check,Low,46.8,False,True,False,False,5.0,Admitted,False,,Dismissed,None,,0.0,2026-11-12 15:07:08.940723631
CASE001276,S01457,SUB013892,ASSIGN00742,2026-06-30 13:45:42.229969370,2026-06-30 04:29:46.161571560,Plagiarism,Peer Report,High,67.81,True,False,False,False,7.0,No Response,False,,Dismissed,None,,0.0,2026-07-07 23:45:42.229969370
CASE001277,S01310,SUB013894,ASSIGN00742,2026-07-01 13:11:45.032439849,2026-06-30 20:44:59.798554460,Unauthorized Collaboration,Similarity Check,High,70.33,False,True,False,False,8.0,Denied,False,,Insufficient Evidence,None,,0.0,2026-07-09 20:11:45.032439849
CASE001278,S00614,SUB013907,ASSIGN00743,2027-02-03 15:23:49.405525431,2027-02-01 17:59:02.955132528,Academic Misconduct,Faculty Report,Low,24.82,False,False,False,True,9.0,Partial Admission,False,,Insufficient Evidence,None,,0.0,2027-02-13 00:23:49.405525431
CASE001279,S00078,SUB013923,ASSIGN00743,2027-02-02 13:37:24.839680804,2027-01-31 20:48:21.869448094,AI Misuse,AI Detector,High,71.99,False,True,False,False,13.0,Denied,True,2027-02-21 14:37:24.839680804,Not Guilty,None,,0.0,2027-02-15 14:37:24.839680804
CASE001280,S01393,SUB013937,ASSIGN00744,2027-04-19 02:39:52.964384727,2027-04-18 19:59:08.720642179,AI Misuse,AI Detector,Medium,70.18,False,True,False,False,2.0,Denied,False,,Insufficient Evidence,None,,0.0,2027-04-21 13:39:52.964384727
CASE001281,S00168,SUB013944,ASSIGN00744,2027-04-19 23:32:46.505623220,2027-04-18 17:34:38.319322529,AI Misuse,AI Detector,High,69.34,False,True,False,False,28.0,Partial Admission,False,,Guilty,Moderate,Course Grade Reduction,6.0,2027-05-18 00:32:46.505623220
CASE001282,S00371,SUB013946,ASSIGN00744,2027-04-19 06:01:00.095160304,2027-04-18 03:00:43.931807867,AI Misuse,AI Detector,Medium,66.37,True,False,False,False,8.0,No Response,False,,Insufficient Evidence,None,,0.0,2027-04-27 17:01:00.095160304
CASE001283,S00128,SUB013962,ASSIGN00745,2026-07-13 22:17:50.339633268,2026-07-12 22:16:17.440913188,AI Misuse,Automated Monitoring,Medium,67.63,False,True,False,False,11.0,Denied,False,,Guilty,Moderate,Assignment Grade Penalty,4.0,2026-07-24 23:17:50.339633268
CASE001284,S00987,SUB013997,ASSIGN00747,2026-07-24 21:35:17.641510455,2026-07-24 00:43:30.575508988,Academic Misconduct,AI Detector,High,66.47,False,True,False,False,7.0,No Response,False,,Not Guilty,None,,0.0,2026-08-01 06:35:17.641510455
CASE001285,S00857,SUB014004,ASSIGN00747,2026-07-28 10:17:01.022379563,2026-07-27 22:41:55.613002015,Plagiarism,Faculty Report,Low,48.73,False,False,False,True,19.0,Denied,False,,Dismissed,None,,0.0,2026-08-16 17:17:01.022379563
CASE001286,S00369,SUB014010,ASSIGN00748,2026-04-01 13:21:08.342167500,2026-04-01 07:26:54.151749372,Plagiarism,AI Detector,Medium,65.89,False,False,False,False,16.0,Denied,True,2026-05-09 00:21:08.342167500,Not Guilty,None,,0.0,2026-04-18 00:21:08.342167500
CASE001287,S00644,SUB014016,ASSIGN00748,2026-03-31 08:02:03.033577990,2026-03-30 13:29:23.408305551,AI Misuse,AI Detector,High,85.86,True,True,False,False,5.0,Denied,True,2026-04-23 10:02:03.033577990,Guilty,Moderate,Course Grade Reduction,6.0,2026-04-05 10:02:03.033577990
CASE001288,S00478,SUB014036,ASSIGN00749,2027-04-09 08:08:19.380662794,2027-04-09 03:26:43.112382711,Plagiarism,Faculty Report,High,61.15,False,False,False,True,11.0,No Response,False,,Insufficient Evidence,None,,0.0,2027-04-20 17:08:19.380662794
CASE001289,S00371,SUB014053,ASSIGN00750,2025-11-19 21:26:28.476700098,2025-11-18 19:16:28.939879651,Unauthorized Collaboration,AI Detector,High,76.71,False,True,False,False,1.0,Denied,False,,Insufficient Evidence,None,,0.0,2025-11-21 07:26:28.476700098
CASE001290,S01272,SUB014055,ASSIGN00750,2025-11-22 15:58:42.813032695,2025-11-21 19:22:53.079031516,Academic Misconduct,Peer Report,Low,41.58,False,False,False,False,26.0,Partial Admission,False,,Insufficient Evidence,None,,0.0,2025-12-18 17:58:42.813032695
CASE001291,S01182,SUB014059,ASSIGN00750,2025-11-21 18:07:39.844079175,2025-11-19 19:16:31.037255491,Unauthorized File Sharing,Faculty Report,Medium,46.98,False,False,False,True,5.0,No Response,False,,Dismissed,None,,0.0,2025-11-26 21:07:39.844079175
CASE001292,S00774,SUB014068,ASSIGN00751,2026-07-19 02:38:03.703941183,2026-07-17 11:47:35.652130584,AI Misuse,Automated Monitoring,High,89.76,False,False,False,False,,No Response,False,,Pending,None,,0.0,
CASE001293,S00275,SUB014069,ASSIGN00751,2026-07-18 18:46:29.252657577,2026-07-18 11:23:04.214174937,Academic Misconduct,AI Detector,High,73.99,False,False,False,False,10.0,Partial Admission,False,,Dismissed,None,,0.0,2026-07-29 04:46:29.252657577
CASE001294,S01377,SUB014090,ASSIGN00752,2027-03-02 00:12:56.346761121,2027-03-01 03:42:14.122675057,Plagiarism,Similarity Check,High,81.41,False,True,False,False,7.0,Denied,False,,Guilty,Moderate,Academic Probation,8.0,2027-03-09 10:12:56.346761121
CASE001295,S01265,SUB014101,ASSIGN00753,2025-11-12 19:19:47.220440785,2025-11-11 09:28:17.511592496,Academic Misconduct,AI Detector,High,72.51,False,True,False,False,1.0,Partial Admission,False,,Dismissed,None,,0.0,2025-11-14 00:19:47.220440785
CASE001296,S00844,SUB014106,ASSIGN00753,2025-11-12 11:40:10.101476946,2025-11-11 03:42:09.278111384,Academic Misconduct,Faculty Report,Medium,33.25,False,False,False,True,8.0,Denied,False,,Dismissed,None,,0.0,2025-11-20 16:40:10.101476946
CASE001297,S01364,SUB014119,ASSIGN00754,2026-04-06 00:01:41.614727993,2026-04-04 02:45:24.203846989,AI Misuse,AI Detector,High,76.35,False,True,False,False,1.0,Denied,False,,Dismissed,None,,0.0,2026-04-07 07:01:41.614727993
CASE001298,S00014,SUB014120,ASSIGN00754,2026-04-03 04:27:36.813871723,2026-04-01 12:45:35.274964654,AI Misuse,AI Detector,Medium,71.83,False,True,False,False,3.0,Denied,False,,Dismissed,None,,0.0,2026-04-06 08:27:36.813871723
CASE001299,S00746,SUB014125,ASSIGN00754,2026-04-03 14:36:19.982809541,2026-04-02 18:46:32.788146840,AI Misuse,Automated Monitoring,High,80.33,False,True,False,False,10.0,Denied,True,2026-04-24 20:36:19.982809541,Guilty,Severe,Suspension,15.0,2026-04-13 20:36:19.982809541
CASE001300,S00655,SUB014140,ASSIGN00756,2026-07-01 01:51:33.032051413,2026-06-30 15:13:31.290362745,Academic Misconduct,Faculty Report,Low,57.35,False,False,False,True,12.0,Partial Admission,False,,Dismissed,None,,0.0,2026-07-13 12:51:33.032051413
CASE001301,S01062,SUB014142,ASSIGN00756,2026-07-01 14:32:53.206167126,2026-06-29 21:58:45.173857631,AI Misuse,Faculty Report,High,58.4,False,True,False,True,12.0,Denied,False,,Dismissed,None,,0.0,2026-07-14 02:32:53.206167126
CASE001302,S00190,SUB014170,ASSIGN00757,2027-02-27 07:54:47.805673699,2027-02-27 00:25:00.000000000,AI Misuse,AI Detector,Low,62.73,False,True,False,False,5.0,Admitted,False,,Insufficient Evidence,None,,0.0,2027-03-04 12:54:47.805673699
CASE001303,S01203,SUB014172,ASSIGN00758,2026-07-17 18:31:42.050585227,2026-07-16 07:43:50.955586903,Plagiarism,AI Detector,Medium,67.48,False,True,True,False,11.0,Partial Admission,False,,Not Guilty,None,,0.0,2026-07-28 20:31:42.050585227
CASE001304,S01185,SUB014184,ASSIGN00758,2026-07-19 04:18:44.781330507,2026-07-17 10:28:01.490390973,Unauthorized File Sharing,AI Detector,Low,73.61,False,True,False,False,3.0,Denied,False,,Guilty,Moderate,Academic Probation,8.0,2026-07-22 06:18:44.781330507
CASE001305,S00268,SUB014204,ASSIGN00759,2027-03-02 19:32:32.925078470,2027-02-28 22:01:51.200026423,Unauthorized Collaboration,Faculty Report,Low,69.25,False,True,False,True,3.0,Denied,False,,Dismissed,None,,0.0,2027-03-06 00:32:32.925078470
CASE001306,S01270,SUB014242,ASSIGN00761,2025-10-12 04:34:50.802749555,2025-10-10 09:12:07.310396340,AI Misuse,AI Detector,Medium,71.74,False,True,False,False,1.0,Denied,False,,Insufficient Evidence,None,,0.0,2025-10-13 06:34:50.802749555
CASE001307,S00304,SUB014257,ASSIGN00762,2026-03-26 17:05:22.978242339,2026-03-25 00:41:39.309607716,AI Misuse,Automated Monitoring,Medium,71.2,False,True,False,False,,Denied,False,,Pending,None,,0.0,
CASE001308,S00752,SUB014267,ASSIGN00762,2026-03-26 18:24:51.947119231,2026-03-25 07:20:06.480600109,Unauthorized Collaboration,Peer Report,Low,55.78,False,True,False,False,7.0,No Response,False,,Guilty,Warning,Formal Warning,1.0,2026-04-03 00:24:51.947119231
CASE001309,S00108,SUB014275,ASSIGN00763,2027-02-05 08:21:41.356000557,2027-02-04 17:56:04.241263488,AI Misuse,AI Detector,High,57.64,False,False,True,False,5.0,Partial Admission,False,,Guilty,Moderate,Assignment Grade Penalty,4.0,2027-02-10 13:21:41.356000557
CASE001310,S00516,SUB014280,ASSIGN00763,2027-02-07 06:29:12.610126390,2027-02-05 13:27:57.870573939,Plagiarism,Peer Report,High,52.86,False,True,False,False,13.0,Denied,False,,Insufficient Evidence,None,,0.0,2027-02-20 17:29:12.610126390
CASE001311,S00937,SUB014285,ASSIGN00764,2026-07-17 21:20:44.722183920,2026-07-16 14:52:35.688777394,Plagiarism,Plagiarism Screening,Low,35.27,True,False,True,False,13.0,Denied,False,,Dismissed,None,,0.0,2026-07-31 00:20:44.722183920
CASE001312,S01375,SUB014317,ASSIGN00766,2026-03-27 17:33:29.522780309,2026-03-26 05:33:11.246257030,Unauthorized File Sharing,Automated Monitoring,Medium,70.14,False,False,False,False,11.0,Admitted,True,2026-04-23 18:33:29.522780309,Guilty,Severe,Suspension,15.0,2026-04-07 18:33:29.522780309
CASE001313,S00255,SUB014324,ASSIGN00766,2026-03-25 06:53:52.798713901,2026-03-24 09:56:07.730652489,Plagiarism,AI Detector,High,72.48,False,True,False,False,,Denied,False,,Pending,None,,0.0,
CASE001314,S01050,SUB014337,ASSIGN00766,2026-03-23 01:04:25.293934863,2026-03-22 14:06:25.876109612,Other Integrity Concern,Automated Monitoring,Low,29.59,False,True,False,False,2.0,No Response,False,,Not Guilty,None,,0.0,2026-03-25 06:04:25.293934863
CASE001315,S01366,SUB014339,ASSIGN00767,2026-03-18 14:32:04.691759473,2026-03-18 13:16:32.698234826,AI Misuse,Faculty Report,Medium,53.96,False,True,False,True,4.0,Partial Admission,False,,Dismissed,None,,0.0,2026-03-23 01:32:04.691759473
CASE001316,S00739,SUB014359,ASSIGN00768,2027-04-10 03:38:22.391841968,2027-04-08 15:19:37.406586203,AI Misuse,Similarity Check,Medium,67.68,False,True,False,False,17.0,Partial Admission,False,,Insufficient Evidence,None,,0.0,2027-04-27 15:38:22.391841968
CASE001317,S00405,SUB014361,ASSIGN00768,2027-04-09 21:33:08.156032083,2027-04-08 05:48:25.160300495,AI Misuse,Similarity Check,Low,23.43,False,False,False,False,13.0,Denied,False,,Not Guilty,None,,0.0,2027-04-23 00:33:08.156032083
CASE001318,S00949,SUB014363,ASSIGN00768,2027-04-08 07:00:54.939772958,2027-04-07 07:50:26.197187723,AI Misuse,Faculty Report,Low,31.87,False,False,False,True,7.0,Denied,False,,Insufficient Evidence,None,,0.0,2027-04-15 15:00:54.939772958
CASE001320,S00139,SUB014368,ASSIGN00768,2027-04-08 03:40:26.399349340,2027-04-07 23:28:02.677696670,Unauthorized Collaboration,Faculty Report,Low,26.8,False,False,False,True,21.0,Denied,False,,Guilty,Warning,Formal Warning,1.0,2027-04-29 12:40:26.399349340
CASE001321,S00208,SUB014376,ASSIGN00768,2027-04-09 13:00:17.177883560,2027-04-07 22:07:18.344816874,Unauthorized File Sharing,Similarity Check,Low,32.67,False,False,False,False,4.0,Denied,False,,Dismissed,None,,0.0,2027-04-13 20:00:17.177883560
CASE001322,S01183,SUB014389,ASSIGN00769,2026-02-25 08:04:17.757724065,2026-02-25 02:36:05.058233320,AI Misuse,AI Detector,High,83.84,True,True,False,False,12.0,Partial Admission,False,,Insufficient Evidence,None,,0.0,2026-03-09 18:04:17.757724065
CASE001323,S00311,SUB014425,ASSIGN00772,2027-04-26 04:20:02.667089358,2027-04-26 01:40:15.663186554,Other Integrity Concern,Automated Monitoring,Low,68.42,False,True,True,False,4.0,Denied,False,,Guilty,Moderate,Academic Probation,8.0,2027-04-30 15:20:02.667089358
CASE001324,S00864,SUB014426,ASSIGN00772,2027-04-28 05:33:44.460356530,2027-04-27 17:49:03.654412671,AI Misuse,AI Detector,Low,39.59,False,True,False,False,2.0,Admitted,True,2027-05-17 12:33:44.460356530,Dismissed,None,,0.0,2027-04-30 12:33:44.460356530
CASE001325,S01151,SUB014428,ASSIGN00772,2027-04-27 16:26:10.832988759,2027-04-26 11:57:53.860974560,Plagiarism,Similarity Check,High,85.23,False,False,False,False,15.0,Partial Admission,False,,Guilty,Moderate,Course Grade Reduction,6.0,2027-05-12 21:26:10.832988759
CASE001326,S01150,SUB014444,ASSIGN00772,2027-04-26 16:05:06.840163745,2027-04-26 10:22:28.428235435,AI Misuse,Faculty Report,Low,38.21,False,False,False,True,,No Response,False,,Pending,None,,0.0,
CASE001327,S01026,SUB014453,ASSIGN00773,2027-04-14 17:45:01.257895994,2027-04-14 01:27:20.313746906,Plagiarism,AI Detector,Medium,62.31,False,True,False,False,1.0,Denied,False,,Not Guilty,None,,0.0,2027-04-15 21:45:01.257895994
CASE001328,S00339,SUB014469,ASSIGN00774,2026-03-12 07:22:10.568981123,2026-03-12 06:11:56.728805342,Unauthorized Collaboration,AI Detector,Medium,81.74,False,False,False,False,4.0,Denied,False,,Guilty,Moderate,Course Grade Reduction,6.0,2026-03-16 18:22:10.568981123
CASE001329,S01487,SUB014490,ASSIGN00774,2026-03-11 21:26:36.786413218,2026-03-11 10:37:45.054455866,Plagiarism,AI Detector,High,66.73,False,False,False,False,1.0,Admitted,False,,Guilty,Severe,Academic Probation,8.0,2026-03-13 01:26:36.786413218
CASE001330,S00821,SUB014493,ASSIGN00775,2026-11-13 16:52:40.699181411,2026-11-12 10:23:16.400724737,Academic Misconduct,Faculty Report,Low,39.32,False,True,False,True,9.0,Admitted,False,,Dismissed,None,,0.0,2026-11-23 04:52:40.699181411
CASE001331,S00992,SUB014508,ASSIGN00775,2026-11-13 02:23:39.349526501,2026-11-12 04:30:55.111342034,AI Misuse,AI Detector,Medium,76.93,False,True,False,False,6.0,Denied,False,,Guilty,Moderate,Course Grade Reduction,6.0,2026-11-19 13:23:39.349526501
CASE001332,S01371,SUB014517,ASSIGN00775,2026-11-13 03:45:41.525849398,2026-11-12 04:42:12.415515073,Unauthorized File Sharing,AI Detector,Medium,75.41,False,True,False,False,2.0,Admitted,False,,Dismissed,None,,0.0,2026-11-15 11:45:41.525849398
CASE001333,S00128,SUB014546,ASSIGN00777,2026-03-23 21:40:20.933174806,2026-03-23 01:17:30.750430911,AI Misuse,Automated Monitoring,Medium,69.09,False,True,False,False,16.0,Denied,False,,Guilty,Moderate,Course Grade Reduction,6.0,2026-04-09 06:40:20.933174806
CASE001334,S00561,SUB014551,ASSIGN00777,2026-03-25 07:39:32.272493581,2026-03-24 21:41:31.554627473,Unauthorized Collaboration,AI Detector,High,68.44,False,False,False,False,2.0,Partial Admission,False,,Guilty,Moderate,Course Grade Reduction,6.0,2026-03-27 16:39:32.272493581
CASE001335,S00838,SUB014552,ASSIGN00777,2026-03-24 05:19:52.099592185,2026-03-23 05:05:06.531418454,AI Misuse,Similarity Check,Medium,73.94,False,True,False,False,7.0,Denied,False,,Dismissed,None,,0.0,2026-03-31 17:19:52.099592185
CASE001336,S00797,SUB014567,ASSIGN00778,2025-10-06 22:06:38.908147597,2025-10-06 12:08:39.232695686,Plagiarism,AI Detector,Medium,70.4,False,True,False,False,,Denied,False,,Pending,None,,0.0,
CASE001337,S01192,SUB014578,ASSIGN00778,2025-10-07 22:11:07.684624797,2025-10-06 20:16:53.469326959,Unauthorized Collaboration,AI Detector,Medium,69.27,False,True,False,False,14.0,Denied,False,,Insufficient Evidence,None,,0.0,2025-10-22 03:11:07.684624797
CASE001338,S00904,SUB014582,ASSIGN00779,2026-10-19 14:55:29.517685956,2026-10-19 04:56:37.499322925,AI Misuse,Faculty Report,Low,24.92,False,False,False,True,11.0,Denied,False,,Not Guilty,None,,0.0,2026-10-30 22:55:29.517685956
CASE001339,S00085,SUB014583,ASSIGN00779,2026-10-22 18:19:56.299232266,2026-10-21 03:17:59.220748750,Plagiarism,Automated Monitoring,Low,54.81,False,True,False,False,14.0,No Response,False,,Not Guilty,None,,0.0,2026-11-05 20:19:56.299232266
CASE001340,S00716,SUB014590,ASSIGN00779,2026-10-19 22:28:18.796063542,2026-10-19 09:58:35.908268922,AI Misuse,AI Detector,High,80.08,False,True,False,False,,No Response,False,,Pending,None,,0.0,
CASE001341,S01382,SUB014624,ASSIGN00781,2026-10-26 14:19:06.591264910,2026-10-25 16:30:50.717635313,Unauthorized Collaboration,AI Detector,High,63.16,False,True,False,False,11.0,No Response,True,2026-11-18 01:19:06.591264910,Not Guilty,None,,0.0,2026-11-07 01:19:06.591264910
CASE001342,S01121,SUB014627,ASSIGN00781,2026-10-27 02:31:50.867842059,2026-10-25 03:43:26.167657341,AI Misuse,Peer Report,Medium,69.34,False,True,False,False,3.0,Denied,False,,Not Guilty,None,,0.0,2026-10-30 10:31:50.867842059
CASE001344,S00258,SUB014643,ASSIGN00782,2025-10-09 19:11:45.503539574,2025-10-08 02:14:59.321251086,AI Misuse,AI Detector,Medium,68.8,False,False,False,False,3.0,Admitted,True,2025-10-16 03:11:45.503539574,Guilty,Moderate,Assignment Grade Penalty,4.0,2025-10-13 03:11:45.503539574
CASE001345,S00179,SUB014660,ASSIGN00783,2026-10-24 12:37:38.922050636,2026-10-23 04:17:46.409216408,Other Integrity Concern,Faculty Report,Low,49.19,False,False,False,True,13.0,Admitted,True,2026-11-16 15:37:38.922050636,Not Guilty,None,,0.0,2026-11-06 15:37:38.922050636
CASE001346,S00123,SUB014669,ASSIGN00783,2026-10-23 15:23:10.324342851,2026-10-22 15:52:08.036401711,AI Misuse,AI Detector,Medium,80.87,True,True,False,False,11.0,No Response,False,,Guilty,Severe,Suspension,15.0,2026-11-04 03:23:10.324342851
CASE001347,S01100,SUB014676,ASSIGN00784,2026-11-05 16:41:48.092857249,2026-11-04 05:06:25.718456323,Plagiarism,AI Detector,Medium,73.99,False,True,False,False,1.0,Partial Admission,False,,Guilty,Moderate,Course Grade Reduction,6.0,2026-11-07 01:41:48.092857249
CASE001348,S00672,SUB014697,ASSIGN00785,2026-06-26 19:43:01.096344966,2026-06-26 13:53:00.000000000,Unauthorized Collaboration,AI Detector,High,55.64,False,False,False,False,,Partial Admission,False,,Pending,None,,0.0,
CASE001349,S01214,SUB014703,ASSIGN00785,2026-06-26 07:09:38.597225615,2026-06-24 07:53:31.682572597,Plagiarism,AI Detector,Medium,70.75,False,True,False,False,2.0,Denied,False,,Guilty,Moderate,Course Grade Reduction,6.0,2026-06-28 10:09:38.597225615
CASE001350,S01449,SUB014709,ASSIGN00786,2026-06-30 08:12:26.906426027,2026-06-28 15:37:06.797710979,AI Misuse,AI Detector,Medium,72.37,True,True,False,False,7.0,No Response,False,,Dismissed,None,,0.0,2026-07-07 14:12:26.906426027
CASE001351,S00339,SUB014718,ASSIGN00786,2026-06-29 09:32:40.417805484,2026-06-28 19:03:44.000000000,Plagiarism,AI Detector,Low,36.76,False,True,False,False,16.0,Denied,False,,Dismissed,None,,0.0,2026-07-15 20:32:40.417805484
CASE001352,S01205,SUB014723,ASSIGN00786,2026-06-29 19:14:22.559152976,2026-06-29 03:07:09.339364624,Academic Misconduct,AI Detector,Medium,64.12,False,False,False,False,1.0,Partial Admission,False,,Insufficient Evidence,None,,0.0,2026-06-30 20:14:22.559152976
CASE001353,S00612,SUB014724,ASSIGN00786,2026-06-30 06:57:00.000000000,2026-06-29 18:38:58.224233404,AI Misuse,AI Detector,Medium,63.86,False,True,False,False,3.0,No Response,False,,Dismissed,None,,0.0,2026-07-03 08:57:03.965519820
CASE001354,S01433,SUB014735,ASSIGN00787,2025-10-17 21:15:29.773011656,2025-10-16 08:50:47.912823445,Academic Misconduct,Similarity Check,High,78.34,False,True,False,False,,Denied,False,,Pending,None,,0.0,
CASE001355,S00982,SUB014762,ASSIGN00789,2027-04-04 21:55:05.043508641,2027-04-02 23:17:08.391960245,Academic Misconduct,AI Detector,Medium,68.0,False,True,False,False,20.0,Admitted,False,,Not Guilty,None,,0.0,2027-04-25 00:55:05.043508641
CASE001356,S00470,SUB014767,ASSIGN00789,2027-04-03 17:59:46.356400666,2027-04-02 23:22:01.057654654,Academic Misconduct,AI Detector,Medium,59.54,True,False,False,False,16.0,No Response,False,,Guilty,Moderate,Course Grade Reduction,6.0,2027-04-20 00:59:46.356400666
CASE001357,S00583,SUB014786,ASSIGN00790,2026-11-12 02:55:01.940112089,2026-11-11 23:29:39.702801425,AI Misuse,Similarity Check,Medium,40.54,False,False,False,False,9.0,No Response,False,,Dismissed,None,,0.0,2026-11-21 05:55:01.940112089
CASE001358,S00761,SUB014794,ASSIGN00790,2026-11-12 20:34:00.248463944,2026-11-11 10:16:14.175484864,Unauthorized File Sharing,Similarity Check,High,64.56,False,True,False,False,4.0,Denied,False,,Dismissed,None,,0.0,2026-11-17 04:34:00.248463944
CASE001359,S00303,SUB014810,ASSIGN00791,2026-07-08 21:04:53.648425206,2026-07-07 05:59:44.804325588,Plagiarism,Automated Monitoring,High,51.33,False,True,False,False,6.0,Partial Admission,False,,Dismissed,None,,0.0,2026-07-14 23:04:53.648425206
CASE001360,S00830,SUB014820,ASSIGN00792,2026-11-12 12:14:31.928206188,2026-11-11 22:30:24.490371890,AI Misuse,AI Detector,Medium,53.33,False,True,False,False,9.0,Denied,False,,Not Guilty,None,,0.0,2026-11-21 16:14:31.928206188
CASE001361,S01361,SUB014827,ASSIGN00792,2026-11-13 03:11:06.044490525,2026-11-11 04:41:18.598633199,Unauthorized Collaboration,AI Detector,Medium,67.91,False,True,False,False,9.0,Admitted,False,,Insufficient Evidence,None,,0.0,2026-11-22 14:11:06.044490525
CASE001362,S00510,SUB014829,ASSIGN00793,2026-07-25 05:28:24.086720005,2026-07-23 09:55:14.520098493,Academic Misconduct,Similarity Check,Medium,37.68,True,False,False,False,14.0,Partial Admission,False,,Insufficient Evidence,None,,0.0,2026-08-08 09:28:24.086720005
CASE001363,S00962,SUB014844,ASSIGN00793,2026-07-24 06:51:51.021974073,2026-07-23 22:46:51.665443763,Unauthorized Collaboration,AI Detector,High,83.27,False,False,False,False,15.0,Denied,False,,Guilty,Moderate,Course Grade Reduction,6.0,2026-08-08 13:51:51.021974073
CASE001364,S00871,SUB014845,ASSIGN00793,2026-07-24 21:29:12.323951612,2026-07-23 15:06:59.606251569,AI Misuse,Peer Report,Low,34.9,False,True,False,False,15.0,Admitted,False,,Insufficient Evidence,None,,0.0,2026-08-09 04:29:12.323951612
CASE001365,S00152,SUB014849,ASSIGN00793,2026-07-25 02:13:18.372744719,2026-07-23 04:33:53.713972085,Academic Misconduct,AI Detector,High,61.77,False,True,True,False,9.0,Denied,True,2026-08-06 05:13:18.372744719,Not Guilty,None,,0.0,2026-08-03 05:13:18.372744719
CASE001366,S00220,SUB014861,ASSIGN00794,2026-03-07 13:39:05.733135018,2026-03-07 09:11:27.407407114,Other Integrity Concern,Faculty Report,Medium,47.09,False,True,True,True,10.0,No Response,False,,Dismissed,None,,0.0,2026-03-17 19:39:05.733135018
CASE001367,S00257,SUB014872,ASSIGN00794,2026-03-07 21:23:03.228627961,2026-03-06 17:55:06.301831480,AI Misuse,AI Detector,High,82.04,False,True,False,False,14.0,No Response,False,,Guilty,Moderate,Academic Probation,8.0,2026-03-22 08:23:03.000000000
CASE001368,S00078,SUB014890,ASSIGN00795,2027-03-31 11:16:16.023986295,2027-03-30 20:52:37.480825634,Academic Misconduct,Automated Monitoring,Low,28.07,False,False,False,False,8.0,Denied,False,,Insufficient Evidence,None,,0.0,2027-04-08 14:16:16.023986295
CASE001369,S01042,SUB014900,ASSIGN00795,2027-03-31 10:41:43.930769696,2027-03-29 20:56:51.893628053,AI Misuse,Automated Monitoring,Low,42.13,False,False,False,False,2.0,Denied,False,,Not Guilty,None,,0.0,2027-04-02 19:41:43.930769696
CASE001370,S00705,SUB014908,ASSIGN00796,2027-03-11 05:03:53.617348063,2027-03-10 08:58:26.038246253,Plagiarism,Similarity Check,Medium,29.37,False,False,False,False,14.0,Partial Admission,False,,Not Guilty,None,,0.0,2027-03-25 15:03:53.617348063
CASE001371,S00172,SUB014927,ASSIGN00797,2026-10-22 12:40:04.000000000,2026-10-21 20:05:32.668940388,Unauthorized Collaboration,Faculty Report,Medium,46.96,False,False,False,True,5.0,Denied,False,,Dismissed,None,,0.0,2026-10-27 22:40:04.520342605
CASE001372,S01006,SUB014942,ASSIGN00798,2026-06-28 20:58:58.819770152,2026-06-28 17:48:43.102396270,Academic Misconduct,Faculty Report,Low,25.94,False,False,True,True,9.0,Partial Admission,False,,Insufficient Evidence,None,,0.0,2026-07-08 07:58:58.819770152
CASE001373,S00363,SUB014944,ASSIGN00798,2026-06-30 18:03:58.359131219,2026-06-29 05:34:55.359720256,AI Misuse,AI Detector,Low,69.28,False,True,False,False,9.0,Partial Admission,True,2026-07-27 22:03:58.359131219,Guilty,Moderate,Course Grade Reduction,6.0,2026-07-09 22:03:58.359131219
CASE001374,S01364,SUB014968,ASSIGN00799,2026-11-06 23:48:16.514483230,2026-11-05 17:35:17.819849933,AI Misuse,AI Detector,High,83.51,False,True,False,False,5.0,Admitted,False,,Guilty,Moderate,Academic Probation,8.0,2026-11-12 10:48:16.514483230
CASE001375,S01165,SUB014981,ASSIGN00799,2026-11-08 08:06:20.074227098,2026-11-06 14:17:52.806988517,AI Misuse,Similarity Check,Low,36.64,False,False,False,False,8.0,Partial Admission,False,,Dismissed,None,,0.0,2026-11-16 09:06:20.074227098
