assignment_id,offering_id,assignment_title,assignment_type,difficulty_level,expected_word_count,max_word_count,prompt_complexity,open_endedness,research_intensity,rubric_specificity,requires_citations,required_references,research_required,oral_defense_required,collaboration_allowed,allowed_ai_usage,design_type,assignment_open_at,submission_deadline
ASSIGN00001,OFF00255,Critical Analysis of Microeconomics II,Essay,Moderate,1204,1543,64.68,66.61,46.06,81.64,True,3.0,False,False,True,Prohibited,Multi-Stage,2026-03-11 10:00:00,2026-04-11 21:00:00
ASSIGN00002,OFF00082,Experimental Analysis of Genetics II,Lab Report,Hard,1430,1783,61.7,49.84,52.5,57.77,False,0.0,True,False,True,Prohibited,Peer-Review,2025-10-10 15:00:00,2025-11-11 03:00:00
ASSIGN00003,OFF00023,Research Analysis of Organizational Behavior,Research Paper,Easy,1943,2497,61.53,49.27,94.06,68.43,True,4.0,True,True,True,Disclosure Required,Peer-Review,2026-06-13 11:00:00,2026-07-08 07:00:00
ASSIGN00004,OFF00011,Reflective Report on Modern History,Reflective Report,Moderate,1262,1488,58.88,85.38,28.44,73.19,True,2.0,True,False,False,Allowed,Traditional,2026-06-19 13:00:00,2026-07-14 03:00:00
ASSIGN00005,OFF00097,A Comparative Study of Social Psychology II, Research Paper ,Moderate,2688,3402,36.2,78.66,69.46,76.1,True,,True,False,False,Limited,Process-Oriented,2027-02-23 15:00:00,2027-04-09 04:00:00
ASSIGN00006,OFF00213,Exploring the Role of Development Economics II,Essay,Hard,808,935,74.74,66.41,54.99,62.71,True,3.0,True,False,False,Prohibited,Multi-Stage,2027-02-22 08:00:00,2027-03-04 17:00:00
ASSIGN00007,OFF00245,Analysis of Laboratory Results Cultural History II, Lab Report ,Moderate,1339,1528,64.94,50.03,32.95,50.69,True,2.0,True,False,True,Prohibited,,2026-06-11 15:00:00,2026-07-24 00:00:00
ASSIGN00008,OFF00185,Critical Analysis of Financial Management II,Essay,Moderate,1215,1489,43.86,92.37,39.21,44.85,True,2.0,True,False,False,Limited,Scaffolded,2026-06-15 14:00:00,2026-07-05 01:00:00
ASSIGN00009,OFF00103,An Investigation into Analytical Chemistry II,Research Paper,Moderate,2947,3679,69.5,70.36,65.37,45.12,True,10.0,True,True,True,Prohibited,Traditional,2026-09-23 13:00:00,2026-10-22 08:00:00
ASSIGN00010,OFF00127,Strategic Case Study: Astrophysics II,Case Study,Hard,1282,1453,76.88,39.33,64.45,66.41,True,2.0,False,0,False,Prohibited,Traditional,2027-02-06 13:00:00,2027-03-23 06:00:00
ASSIGN00011,OFF00037,Exploring the Role of Differential Equations,Essay,Hard,1211,1434,37.44,90.18,34.99,60.59,False,0.0,True,True,True,Prohibited,Oral Defense,2026-01-24 08:00:00,2026-02-20 19:00:00
ASSIGN00012,OFF00065,Reflective Analysis of Macroeconomics II,Essay,Moderate,848,995,40.8,72.87,28.39,78.28,True,3.0,False,False,TRUE,Prohibited,Traditional,2027-02-03 11:00:00,2027-03-18 20:00:00
ASSIGN00013,OFF00121,Reflective Analysis of Physical Chemistry II,Essay,Easy,985,1185,47.17,82.81,77.32,64.61,True,3.0,True,False,True,Disclosure Required,Project-Based,2026-03-06 12:00:00,2026-04-03 22:00:00
ASSIGN00014,OFF00161,A Comparative Study of Web Application Development II,Research Paper,Moderate,2111,2648,51.32,57.99,73.94,80.85,True,6.0,True,False,True,Prohibited,Scaffolded,2026-06-24 14:00:00,2026-07-08 02:00:00
ASSIGN00015,OFF00255,Applied Case Analysis of Microeconomics II,Case Study,Moderate,2194,2830,60.06,58.24,34.85,81.0,False,0.0,True,False,False,Prohibited,Scaffolded,2026-03-05 17:00:00,2026-04-17 11:00:00
ASSIGN00016,OFF00064,Evaluating the Impact of Macroeconomics II,Essay,Moderate,1037,1214,34.26,71.07,70.09,81.63,True,4.0,True,False,False,Disclosure Required,Multi-Stage,2025-09-01 12:00:00,2025-10-10 08:00:00
ASSIGN00017,OFF00013,Critical Reflection on Modern History,Reflective Report,Moderate,952,1213,49.47,72.21,50.65,66.79,True,2.0,True,False,False,Allowed,Reflective,2026-09-11 14:00:00,2026-10-26 09:00:00
ASSIGN00018,OFF00049,Exploring the Role of Inorganic Chemistry,Essay,Hard,1596,2072,72.09,41.15,36.25,66.79,False,0.0,True,False,True,Limited,Peer-Review,2027-03-06 14:00:00,2027-03-22 10:00:00
ASSIGN00019,OFF00104,Analysis of Laboratory Results Analytical Chemistry II,Lab Report,Moderate,1211,1369,55.95,55.89,37.09,89.0,False,0.0,False,False,False,Prohibited,Multi-Stage,2025-09-18 15:00:00,2025-10-01 01:00:00
ASSIGN00020,OFF00051,Current Research Perspectives on Inorganic Chemistry,Literature Review,Moderate,2056,2652,41.23,74.72,87.35,59.56,True,5.0,True,0,True,Disclosure Required,Project-Based,2026-02-26 13:00:00,2026-04-07 08:00:00
ASSIGN00021,OFF00223,An Investigation into Econometrics II,Research Paper,Moderate,2345,2947,29.76,92.58,76.8,80.79,True,5.0,True,True,False,Limited,Oral Defense,2026-03-02 17:00:00,2026-04-13 13:00:00
ASSIGN00022,OFF00205,An Investigation into Business Analytics II, Research Paper ,Moderate,1959,2418,52.04,61.22,80.0,61.87,True,7.0,True,False,False,Limited,Process-Oriented,2026-06-25 09:00:00,2026-07-02 20:00:00
ASSIGN00023,OFF00134,Analysis of Laboratory Results Strategic Management II,Lab Report,Moderate,967,1137,53.83,70.81,46.5,45.26,True,3.0,False,False,False,Limited,Traditional,2025-10-02 08:00:00,2025-11-13 18:00:00
ASSIGN00024,OFF00088,Strategic Case Study: Artificial Intelligence II,Case Study,Moderate,1241,1397,46.85,46.05,27.35,57.73,True,4.0,False,False,False,Prohibited,Reflective,2026-02-08 10:00:00,2026-03-25 04:00:00
ASSIGN00025,OFF00110,A Comparative Study of Modern History II,Research Paper,Moderate,2205,2756,40.28,94.11,71.15,52.97,True,6.0,True,False,True,Disclosure Required,Project-Based,2025-10-18 17:00:00,2025-11-14 01:00:00
ASSIGN00026,OFF00186,Evidence-Based Study of Business Analytics II,Research Paper,Moderate,2535,3217,52.02,52.3,67.4,78.02,True,6.0,True,False,False,Disclosure Required,Process-Oriented,2026-06-29 15:00:00,2026-07-09 08:00:00
ASSIGN00027,OFF00119,A Systematic Examination of Principles of Management II,Research Paper,Moderate,2343,2896,42.61,36.95,81.52,79.6,True,8.0,True,False,True,PROHIBITED,Project-Based,2025-09-03 10:00:00,2025-10-03 06:00:00
ASSIGN00028,OFF00115,Reflective Analysis of Differential Equations II,Essay,Moderate,1535,1764,41.68,89.66,56.1,81.34,True,3.0,True,False,False,Allowed,Process-Oriented,2026-06-26 18:00:00,2026-07-17 09:00:00
ASSIGN00029,OFF00098,Reflective Report on Social Psychology II,Reflective Report,Moderate,1513,1694,48.33,75.94,22.74,66.42,True,5.0,False,True,True,Prohibited,Reflective,2026-09-27 17:00:00,2026-10-18 01:00:00
ASSIGN00030,OFF00185,Learning Experience Analysis: Financial Management II,Reflective Report,Hard,793,888,43.98,91.35,20.63,61.16,True,2.0,True,False,True,Prohibited,Process-Oriented,2026-06-12 10:00:00,2026-07-23 02:00:00
ASSIGN00031,OFF00169,Critical Literature Analysis of Creative Writing II, Literature Review , Hard ,2027,2601,65.35,50.57,94.98,61.61,True,3.0,True,False,False, Prohibited ,Process-Oriented,2026-09-03 11:00:00,2026-09-27 03:00:00
ASSIGN00032,OFF00018,A Comparative Study of Modern History,Research Paper,Moderate,1819,2363,59.59,68.54,71.29,57.31,True,7.0,True,True,True,Limited,Project-Based,2025-09-03 15:00:00,2025-10-18 00:00:00
ASSIGN00033,OFF00252,Personal Learning Reflection on Cell Biology II,Reflective Report,Moderate,781,909,43.78,94.94,48.83,65.89,False,0.0,False,False,False,Disclosure Required,Scaffolded,2026-01-28 17:00:00,2026-02-24 01:00:00
ASSIGN00034, OFF00256 ,Evidence-Based Study of Microeconomics II,Research Paper,Moderate,1508,1707,74.37,55.66,92.99,55.32,True,5.0,True,False,True,Disclosure Required,Process-Oriented,2026-10-06 12:00:00,2026-11-02 22:00:00
ASSIGN00035,OFF00059,Learning Experience Analysis: Microeconomics,Reflective Report,Easy,1322,1510,42.75,68.77,46.17,54.28,False,0.0,1,False,False,Limited,Multi-Stage,2027-02-05 16:00:00,2027-02-18 00:00:00
ASSIGN00036,OFF00246,Research Analysis of Creative Writing II,Research Paper,Hard,2846,3691,63.08,73.02,68.66,80.08,True,6.0,True,False,False,Prohibited,Reflective,2027-01-24 09:00:00,2027-02-15 18:00:00
ASSIGN00037,OFF00110,Contemporary Perspectives on Modern History II,Essay,Easy,1411,1739,29.86,83.93,77.95,76.08,YES,3.0,True,False,False,Allowed,Reflective,2025-10-15 18:00:00,2025-11-23 13:00:00
ASSIGN00038,OFF00124,Current Research Perspectives on Principles of Management II,Literature Review,Easy,2496,2926,35.39,38.17,79.6,70.38,True,6.0,True,False,False,Limited,Process-Oriented,2026-09-29 16:00:00,2026-10-29 06:00:00
ASSIGN00039,OFF00125,Experimental Evaluation of Astrophysics II,Lab Report,,1152,1493,40.55,70.56,31.07,64.9,True,3.0,FALSE,False,True,Disclosure Required,Peer-Review,2025-09-10 13:00:00,2025-10-11 09:00:00
ASSIGN00040,OFF00115,Current Research Perspectives on Differential Equations II,Literature Review,Hard,1577,1876,46.85,33.24,86.73,42.65,True,4.0,True,False,False,Disclosure Required,Scaffolded,2026-06-23 13:00:00,2026-07-01 01:00:00
ASSIGN00041,OFF00230,Critical Literature Analysis of Literary Analysis II,Literature Review,Moderate,2558,2835,48.43,49.14,73.82,72.69,True,8.0,True,False,False,Allowed,Reflective,2026-09-28 18:00:00,01-11-2026 04:00
ASSIGN00042,OFF00009,Critical Analysis of Quantum Physics,Essay,Moderate,1255,1575,68.94,70.18,26.16,84.01,True,2.0,False,False,False,Limited,Multi-Stage,2026-09-27 10:00:00,2026-11-07 20:00:00
ASSIGN00043, OFF00240 ,Research Analysis of Social Psychology II,Research Paper,Easy,2527,3143,39.06,47.92,68.65,76.9,True,4.0,True,True,True,Prohibited,Oral Defense,2026-09-07 10:00:00,2026-10-19 20:00:00
ASSIGN00044,OFF00256,Critical Analysis of Microeconomics II,Essay,Moderate,1134,1443,60.87,73.8,51.56,75.22,True,4.0,True,True,False,Prohibited,Reflective,2026-09-13 15:00:00,2026-10-29 11:00:00
ASSIGN00045,OFF00210,Reflective Analysis of Macroeconomics II,Essay,Hard,904,1121,30.37,115.0,76.16,81.78,True,2.0,True,False,False,Allowed,Peer-Review,2026-06-16 18:00:00,2026-07-27 11:00:00
ASSIGN00046,OFF00040,Reflective Report on Microbiology,Reflective Report,Easy,1147,1328,46.13,79.76,58.37,100.0,False,0.0,True,False,True,Disclosure Required,Scaffolded,2026-09-29 11:00:00,2026-10-07 21:00:00
ASSIGN00047,OFF00173,Critical Literature Analysis of Genetics II,Literature Review,Easy,1814,2032,65.33,44.6,73.63,38.51,True,3.0,True,False,True,Limited,Peer-Review,2026-10-16 16:00:00,2026-10-30 10:00:00
ASSIGN00048,OFF00165,Research Analysis of Literary Analysis II,Research Paper,Moderate,2430,2812,60.74,39.65,91.51,53.15,True,5.0,True,True,False,Prohibited,Oral Defense,2027-01-22 14:00:00,2027-02-13 10:00:00
ASSIGN00049,OFF00169,Experimental Analysis of Creative Writing II,Lab Report,Hard,751,927,53.9,48.19,37.96,69.12,True,3.0,False,True,True,Disclosure Required,Oral Defense,12/09/2026 11:00,2026-10-15 04:00:00
ASSIGN00050,OFF00217,An Investigation into Genetics II,Research Paper,Moderate,2161,2791,37.06,85.79,92.45,86.27,True,6.0,True,False,True,Disclosure Required,Peer-Review,2025-10-15 12:00:00,2025-11-03 05:00:00
ASSIGN00051,OFF00034,Literature Review on Financial Management,Literature Review,Moderate,2080,2523,46.37,66.08,66.47,54.65,True,6.0,True,False,True,Limited,Reflective,2027-02-17 08:00:00,2027-03-20 17:00:00
ASSIGN00052,OFF00185,Evidence-Based Study of Financial Management II,Research Paper,Moderate,1992,2284,34.46,86.21,87.68,68.99,True,3.0,True,False,True,Limited,Peer-Review,2026-06-25 14:00:00,2026-07-05 01:00:00
ASSIGN00053,OFF00024,Applied Case Analysis of Organizational Behavior,Case Study,Easy,2130,2367,55.89,77.61,41.46,75.0,True,7.0,True,False,True,Limited,Project-Based,2025-10-06 14:00:00,2025-11-01 02:00:00
ASSIGN00054,OFF00153,A Systematic Examination of Rhetoric and Composition II,Research Paper,Hard,1869,2176,100.0,71.4,91.29,87.67,True,3.0,True,False,False,Prohibited,Traditional,2027-02-06 10:00:00,2027-02-26 22:00:00
ASSIGN00055,OFF00128,Critical Analysis of Astrophysics II,Essay,Easy,881,1049,49.23,52.69,27.56,77.48,True,3.0,True,False,True,Prohibited,Project-Based,2026-06-21 15:00:00,2026-07-08 08:00:00
ASSIGN00056,OFF00119,Research Analysis of Principles of Management II,Research Paper,Hard,2653,3347,64.45,100.0,65.45,73.46,True,5.0,True,False,False,Prohibited,Reflective,2025-09-11 18:00:00,2025-09-28 11:00:00
ASSIGN00057,OFF00015,Case-Based Evaluation of Classical Mechanics,Case Study,Moderate,1371,1763,64.28,26.47,70.9,75.88,True,4.0,True,True,False,Prohibited,Oral Defense,2026-06-11 10:00:00,2026-07-27 00:00:00
ASSIGN00058,OFF00010,Exploring the Role of Modern History,Essay,Hard,1432,1747,63.94,58.36,46.56,86.07,True,2.0,True,True,False,Disclosure Required,Oral Defense,2025-09-16 09:00:00,2025-10-20 00:00:00
ASSIGN00059,OFF00005,Reflective Report on Classical Mechanics,Reflective Report,Easy,822,963,30.61,75.33,34.44,55.79,True,2.0,True,False,False,Prohibited,Project-Based,2026-01-30 13:00:00,2026-02-09 00:00:00
ASSIGN00060,OFF00178,Review of Research on Astrophysics II,Literature Review,Moderate,2224,2466,54.1,45.8,80.95,62.29,True,7.0,True,True,True,Limited,Peer-Review,2026-06-29 08:00:00,2026-07-10 01:00:00
ASSIGN00061,OFF00143,Case-Based Evaluation of Cultural History II,Case Study,Moderate,1462,1751,50.87,35.61,49.23,80.41,True,2.0,True,False,False,Prohibited,Traditional,2027-02-14 10:00:00,2027-03-04 23:00:00
ASSIGN00062,OFF00250,Applied Case Analysis of Literary Analysis II,Case Study,Moderate,2008,2234,59.99,35.18,64.4,86.17,True,3.0,True,False,False,Limited,Traditional,2026-09-10 08:00:00,2026-10-06 04:00:00
ASSIGN00063,OFF00177,Applied Case Analysis of Astrophysics II,Case Study,Hard,1279,1596,76.41,51.53,24.97,43.68,True,4.0,True,False,False,Prohibited,Scaffolded,2026-09-20 12:00:00,2026-10-26 07:00:00
ASSIGN00064,OFF00053,Current Research Perspectives on Microbiology,Literature Review,Moderate,2715,3050,40.32,21.69,73.87,67.7,True,3.0,yes,False,True,Allowed,Peer-Review,2026-03-05 15:00:00,2026-04-13 05:00:00
ASSIGN00065,OFF00065,Case Analysis of Macroeconomics II,Case Study,Moderate,1705,1935,62.7,39.15,48.26,65.09,False,0.0,True,True,True,Limited,Oral Defense,2027-02-25 09:00:00,2027-03-25 00:00:00
ASSIGN00066,OFF00119,Evidence-Based Study of Principles of Management II,Research Paper,Easy,2977,3646,64.89,60.65,69.68,73.36,True,10.0,True,True,True,Limited,Project-Based,2025-10-10 15:00:00,2025-10-19 05:00:00
ASSIGN00067,OFF00169,Case-Based Evaluation of Creative Writing II,Case Study,Moderate,1503,1694,81.57,61.04,31.91,49.53,True,6.0,True,True,True,Prohibited,Oral Defense,2026-10-12 12:00:00,2026-11-21 01:00:00
ASSIGN00068,OFF00032,Reflective Analysis of Financial Management,Essay,Moderate,885,1024,49.62,80.86,29.13,72.5,True,2.0,True,False,False,Disclosure Required,,2025-10-03 16:00:00,2025-11-16 11:00:00
ASSIGN00069,OFF00067,Critical Literature Analysis of Thermodynamics II,Literature Review,Moderate,1349,1539,33.91,56.58,72.79,61.82,True,5.0,True,False,True,Disclosure Required,Peer-Review,2026-06-30 11:00:00,07/12/2026 02:00
ASSIGN00070,OFF00059,Contemporary Perspectives on Microeconomics,Essay,Moderate,1006,1267,43.17,78.3,49.82,91.46,True,2.0,True,False,False,Prohibited,Peer-Review,2027-01-27 12:00:00,2027-02-05 02:00:00
ASSIGN00071,OFF00120,Reflective Analysis of Physical Chemistry II,Essay,Moderate,1099,1249,38.81,76.79,46.71,63.79,False,0.0,True,True,True,Prohibited,Peer-Review,2025-09-14 13:00:00,2025-10-14 00:00:00
ASSIGN00072,OFF00053,Experimental Evaluation of Microbiology,Lab Report,Hard,1503,1747,74.15,51.61,56.3,56.34,False,0.0,False,False,False,Limited,Reflective,2026-02-01 10:00:00,2026-02-26 06:00:00
ASSIGN00073,OFF00182,Case Analysis of World History II,Case Study,Hard,1044,1212,55.76,56.92,57.53,66.95,True,,False,True,False,Limited,Oral Defense,2027-02-24 13:00:00,2027-03-10 23:00:00
ASSIGN00074,OFF00085,Review of Research on Genetics II,Literature Review,Hard,2737,3255,74.32,26.06,77.54,81.39,True,2.0,True,False,False,Disclosure Required,Scaffolded,2026-03-02 15:00:00,2026-04-16 11:00:00
ASSIGN00075,OFF00043,Evidence-Based Study of Genetics,Research Paper,Hard,1783,1987,86.23,72.28,82.27,74.91,True,2.0,True,False,False,Prohibited,Reflective,2025-09-08 10:00:00,2025-09-27 22:00:00
ASSIGN00076,OFF00139,,Research Paper,Hard,2912,3747,79.64,67.29,85.98,68.48,True,11.0,True,False,False, Prohibited ,Traditional,2026-06-25 10:00:00,2026-07-13 19:00:00
ASSIGN00077,OFF00147,A Comparative Study of Thermodynamics II, Research Paper ,Moderate,2439,2694,57.28,62.15,71.91,67.06,True,4.0,True,True,True,Limited,Oral Defense,2026-10-15 11:00:00,2026-11-04 02:00:00
ASSIGN00078,OFF00062,Case Analysis of Data Structures,Case Study,Hard,1552,1805,34.71,40.63,63.07,86.97,True,3.0,True,True,True,Limited,Scaffolded,2026-10-16 16:00:00,2026-11-20 03:00:00
ASSIGN00079,OFF00197,Reflective Analysis of Research Methods in Psychology II,Essay,Hard,1704,2144,70.8,58.06,29.09,46.49,False,0.0,False,False,False,Prohibited,Reflective,2025-09-13 16:00:00,2025-10-04 03:00:00
ASSIGN00080,OFF00181,A Comparative Study of World History II,Research Paper,Moderate,2680,3152,87.84,59.48,93.41,57.54,True,8.0,True,True,False,Limited,Oral Defense,2025-09-28 18:00:00,2025-10-11 13:00:00
ASSIGN00081,OFF00081,A Systematic Examination of Microeconomics II,Research Paper,Hard,2810,3471,73.99,57.54,83.2,70.64,True,2.0,True,False,False,Limited,Reflective,10/02/2025 13:00,2025-11-05 01:00:00
ASSIGN00082,OFF00191,Applied Case Analysis of Web Application Development II,Case Study, Easy ,1384,1562,50.42,32.41,57.3,65.75,FALSE,0.0,True,False,False,Allowed,Project-Based,2026-08-27 09:00:00,09-09-2026 22:00
ASSIGN00083,OFF00082,Research Analysis of Genetics II,Research Paper,Moderate,2586,3214,54.89,54.14,91.84,72.81,True,10.0,True,False,True,Allowed,Traditional,2025-10-03 18:00:00,2025-10-13 06:00:00
ASSIGN00084,OFF00174,Strategic Case Study: Genetics II,Case Study,Easy,1125,1298,60.46,34.66,23.83,72.28,True,4.0,False,True,True,Limited,Peer-Review,2026-03-03 18:00:00,2026-03-17 06:00:00
ASSIGN00085,OFF00140,Evidence-Based Study of Inorganic Chemistry II,Research Paper,Moderate,2221,2667,53.45,64.85,70.91,61.11,True,5.0,TRUE,False,False,Disclosure Required,Traditional,2027-02-08 15:00:00,2027-02-23 06:00:00
ASSIGN00086,OFF00116,Analysis of Laboratory Results Differential Equations II, Lab Report ,Easy,776,877,55.92,41.14,46.19,73.67,False,0.0,True,False,True,Prohibited,Project-Based,2026/02/14 16:00:00,2026-03-18 06:00:00
ASSIGN00087,OFF00180,Exploring the Role of World History II,Essay,Moderate,1281,1620,37.97,59.07,43.12,45.71,True,2.0,False,FALSE,True,Prohibited,Project-Based,2026-03-09 13:00:00,2026-03-18 02:00:00
ASSIGN00088,OFF00170,,Essay,Easy,1165,1431,24.2,72.27,24.02,35.67,True,2.0,True,True,False,Prohibited,Oral Defense,2026-02-06 17:00:00,2026-03-23 13:00:00
ASSIGN00089,OFF00012,Evaluating the Impact of Modern History,Essay,,1209,1489,54.91,68.73,25.66,93.29,False,0.0,False,False,True, Limited ,Peer-Review,2026-02-08 14:00:00,2026-03-15 06:00:00
ASSIGN00090,OFF00161,Experimental Analysis of Web Application Development II,Lab Report,Moderate,1114,1226,59.11,57.66,57.6,54.91,True,4.0,True,False,False,Limited,Scaffolded,2026-07-01 11:00:00,2026-07-17 00:00:00
ASSIGN00091,OFF00018,Case-Based Evaluation of Modern History,case study,Hard,1125,1274,56.54,43.69,27.55,64.47,True,3.0,False,False,False,Disclosure Required,Multi-Stage,2025-09-09 08:00:00,2025-10-21 01:00:00
ASSIGN00092,OFF00162,Exploring the Role of Web Application Development II,Essay,Moderate,808,992,41.24,78.56,65.93,-5.0,True,3.0,False,True,False,Disclosure Required,Oral Defense,2025-09-26 09:00:00,2025-10-11 05:00:00
ASSIGN00093,OFF00152,A Comparative Study of Rhetoric and Composition II,Research Paper,Moderate,2919,3638,66.73,57.67,84.57,76.19,True,9.0,True,False,False,Prohibited,Multi-Stage,2025-09-02 10:00:00,2025-09-13 18:00:00
ASSIGN00094,OFF00074,Case-Based Evaluation of Cybersecurity Fundamentals II,Case Study,Moderate,1396,1618,78.96,76.52,37.42,52.11,True,5.0,True,False,False,Disclosure Required,Traditional,2026-09-26 09:00:00,2026-10-30 18:00:00
ASSIGN00095,OFF00226,Critical Analysis of Econometrics II,Essay,Moderate,1424,1690,67.29,36.68,66.31,41.66,True,3.0,True,True,False,Limited,Reflective,2027-02-02 12:00:00,2027-02-26 20:00:00
ASSIGN00096, OFF00110 ,Experimental Analysis of Modern History II,Lab Report,Moderate,1030,1325,59.01,56.56,59.39,74.03,False,0.0,False,False,False,Disclosure Required,Multi-Stage,2025-10-06 11:00:00,2025-10-24 21:00:00
ASSIGN00097,OFF00006,Experimental Analysis of Quantum Physics,Lab Report,Hard,1199,1554,57.7,33.26,54.62,37.88,True,2.0,True,False,False,Prohibited,Reflective,2026-06-21 15:00:00,2026-07-24 09:00:00
ASSIGN00098,OFF00209,Exploring the Role of Macroeconomics II,Essay,Hard,838,1046,52.08,79.75,25.77,77.91,True,2.0,False,True,False,Prohibited,Oral Defense,2025-09-05 14:00:00,2025-10-05 06:00:00
ASSIGN00099,OFF00206,Strategic Case Study: Business Analytics II,Case Study,Moderate,1959,2511,54.45,52.94,55.87,90.4,False,0.0,False,False,True,Limited,Project-Based,2027-02-03 13:00:00,2027-03-13 22:00:00
ASSIGN00100,OFF00011,Evaluating the Impact of Modern History,Essay,Moderate,1283,1557,71.1,84.16,69.09,82.34,True,3.0,no,False,False,Prohibited,Multi-Stage,2026-06-15 08:00:00,2026-07-05 17:00:00
ASSIGN00101,OFF00078,Case Analysis of Physical Chemistry II,Case Study,Hard,1834,2172,70.24,115.0,28.78,53.41,True,7.0,True,NO,False,Allowed,Peer-Review,2025-09-28 18:00:00,2025-10-14 06:00:00
ASSIGN00102,OFF00169,Exploring the Role of Creative Writing II,Essay,Easy,1701,2121,55.69,60.31,59.47,83.61,True,2.0,True,yes,False,Prohibited,Traditional,2026-09-16 09:00:00,2026-10-30 17:00:00
ASSIGN00103,OFF00119,Strategic Case Study: Principles of Management II,Case Study,Moderate,1293,1550,59.37,43.58,26.87,75.53,False,0.0,True,False,False,prohibited,Traditional,2025-09-12 13:00:00,2025-10-16 07:00:00
ASSIGN00104,OFF00054,Evidence-Based Study of Microbiology,Research Paper,Moderate,1911,2412,66.83,56.93,67.68,61.14,True,6.0,1,True,True,Prohibited,,2025-10-04 11:00:00,2025-10-16 03:00:00
ASSIGN00105,OFF00073,Laboratory Investigation of Cybersecurity Fundamentals II,Lab Report,Moderate,1334,1695,35.42,49.4,48.61,85.02,True,3.0,True,False,False,Prohibited,Project-Based,2026-03-02 18:00:00,2026-03-13 11:00:00
ASSIGN00106,OFF00201,Critical Analysis of Modern History II,Essay,Moderate,1025,1257,50.01,78.71,45.03,56.81,True,2.0,False,False,False,Prohibited,Multi-Stage,2026-09-04 10:00:00,2026-10-09 02:00:00
ASSIGN00107,OFF00238,A Systematic Examination of Social Psychology II,Research Paper,Hard,2671,3100,77.75,69.05,78.77,76.44,True,5.0,True,False,False,Disclosure Required,Reflective,2027-01-25 09:00:00,2027-02-03 22:00:00
ASSIGN00108,OFF00180,Learning Experience Analysis: World History II,Reflective Report,Moderate,1459,1676,63.02,54.18,71.72,54.75,True,2.0,False,False,False,Prohibited,Scaffolded,03/10/2026 12:00,2026-03-26 06:00:00
ASSIGN00109,OFF00009,Laboratory Investigation of Quantum Physics,Lab Report,Moderate,1535,1913,43.82,76.63,42.46,85.37,True,2.0,no,False,False,Limited,Multi-Stage,2026-09-28 15:00:00,2026-11-05 05:00:00
ASSIGN00110,OFF00129,Strategic Case Study: Modern Physics II,Case Study,Moderate,1443,1705,51.5,91.1,34.17,45.34,True,3.0,False,True,False,Limited,Peer-Review,2026-09-25 14:00:00,2026-10-14 07:00:00
ASSIGN00111,OFF00140,Exploring the Role of Inorganic Chemistry II,Essay,Moderate,1254,1508,46.46,87.63,61.47,65.66,True,4.0,True,False,1,Allowed,Project-Based,2027-01-31 10:00:00,2027-03-15 04:00:00
ASSIGN00112,OFF00046,Case-Based Evaluation of Behavioral Science,Case Study,Moderate,1001,1193,37.27,55.97,54.85,100.0,True,3.0,True,False,False,Limited,Process-Oriented,2026-06-15 14:00:00,2026-07-13 07:00:00
ASSIGN00113,OFF00044,Evidence-Based Study of Genetics,Research Paper,Easy,1884,2416,37.46,59.02,76.08,48.87,True,4.0,True,False,False,Disclosure Required,Traditional,2026-09-03 15:00:00,2026-09-17 11:00:00
ASSIGN00114,OFF00055,A Systematic Examination of Modern Physics,Research Paper,Moderate,1885,2289,43.7,86.24,93.6,88.51,True,4.0,True,True,False,Disclosure Required,Oral Defense,2025-09-22 13:00:00,2025-10-05 05:00:00
ASSIGN00115,OFF00108,Evidence-Based Study of Computer Networks II,Research Paper,Moderate,2131,2568,31.02,79.13,66.18,76.61,True,4.0,True,False,True,Limited,Peer-Review,2026/06/19 17:00:00,2026-07-08 09:00:00
ASSIGN00116,OFF00007,Experimental Analysis of Quantum Physics,Lab Report,Hard,1415,1737,54.76,61.13,64.73,70.64,False,0.0,True,True,False,Prohibited,Oral Defense,2027-01-27 10:00:00,2027-02-25 04:00:00
ASSIGN00117,OFF00124,Exploring the Role of Principles of Management II,Essay,Moderate,1655,2027,66.38,36.6,49.6,69.37,True,3.0,False,False,False,Prohibited,Traditional,2026-09-06 11:00:00,2026-09-26 01:00:00
ASSIGN00118,OFF00177,Evaluating the Impact of Astrophysics II,Essay,Easy,1374,1515,62.21,85.7,30.09,77.09,True,4.0,False,False,True,Prohibited,Scaffolded,2026-10-16 10:00:00,2026-11-17 04:00:00
ASSIGN00119,OFF00060,Evaluating the Impact of Research Methods in Psychology,Essay,Moderate,1387,1650,31.9,91.41,34.35,76.18,False,,False,False,False,Prohibited,Reflective,2026-03-13 09:00:00,2026-04-06 21:00:00
ASSIGN00120,OFF00250,Personal Learning Reflection on Literary Analysis II,Reflective Report,,1076,1377,65.28,70.54,60.7,91.46,False,0.0,True,False,False,Prohibited,Multi-Stage,2026-10-07 12:00:00,2026-10-31 01:00:00
ASSIGN00121,OFF00111,Research Analysis of Modern History II,Research Paper,Moderate,2074,2439,60.68,72.33,77.87,52.25,True,7.0,True,False,False,prohibited,Multi-Stage,2026-06-19 16:00:00,2026-07-09 12:00:00
ASSIGN00122,OFF00186,Experimental Analysis of Business Analytics II,Lab Report,Hard,1423,1751,61.6,37.21,63.06,38.73,False,0.0,False,False,False,Disclosure Required,Scaffolded,2026-06-27 13:00:00,2026-07-11 23:00:00
ASSIGN00123,OFF00145,Critical Literature Analysis of Cultural History II,Literature Review,Hard,2168,2543,68.36,23.69,79.13,55.56,True,8.0,True,False,False,Limited,Reflective,2026-06-30 16:00:00,2026-07-14 10:00:00
ASSIGN00124,OFF00031,An Investigation into Financial Management,Research Paper,Hard,2992,3548,60.36,48.1,82.91,80.28,True,6.0,True,False,True,Prohibited,Peer-Review,2026-02-11 08:00:00,2026-03-14 03:00:00
ASSIGN00125,OFF00061,Laboratory Investigation of Research Methods in Psychology,Lab Report,Moderate,1521,1814,48.29,15.54,55.65,77.6,True,3.0,True,False,False,Limited,Reflective,2027-02-26 08:00:00,2027-04-03 23:00:00
ASSIGN00126,OFF00151,Critical Reflection on Genetics II,Reflective Report,Moderate,845,1072,76.54,72.7,55.42,74.29,True,2.0,False,False,False,Prohibited,Peer-Review,2025-09-01 14:00:00,2025-09-17 03:00:00
ASSIGN00127,OFF00077,Evaluating the Impact of Physical Chemistry II,Essay,Easy,935,1157,54.85,78.56,58.16,56.91,True,2.0,True,True,False,Prohibited,Oral Defense,2026-02-12 11:00:00,2026-02-23 21:00:00
ASSIGN00128,OFF00042,Experimental Evaluation of Genetics,Lab Report,Hard,1176,1487,53.81,34.2,56.27,66.8,False,0.0,False,False,False,Disclosure Required,Peer-Review,2027-01-27 09:00:00,2027-02-12 20:00:00
ASSIGN00129,OFF00043,Experimental Evaluation of Genetics,Lab Report,Moderate,1041,1228,59.68,59.49,36.46,58.71,True,4.0,True,False,False,Prohibited,Multi-Stage,2025-09-19 09:00:00,2025-09-30 01:00:00
ASSIGN00130,OFF00215,Experimental Analysis of Computer Networks II,Lab Report,Moderate,1416,1656,47.09,47.03,41.98,57.44,True,2.0,True,False,False,Disclosure Required,Multi-Stage,2027-02-27 11:00:00,2027-03-26 20:00:00
ASSIGN00131,OFF00098,An Investigation into Social Psychology II,Research Paper,Hard,2123,2481,36.09,67.08,75.72,60.52,True,5.0,True,False,False,Allowed,Project-Based,2026-09-04 15:00:00,2026-09-23 07:00:00
ASSIGN00132,OFF00163,Evidence-Based Study of Literary Analysis II,Research Paper,Easy,2405,2765,49.29,62.01,67.86,69.36,True,9.0,True,True,False,Limited,Oral Defense,2026-02-14 14:00:00,2026-03-04 10:00:00
ASSIGN00133,OFF00230,A Systematic Examination of Literary Analysis II,Research Paper,Easy,2368,2618,90.63,81.75,72.73,57.88,True,4.0,True,False,False,Limited,Process-Oriented,2026-08-27 17:00:00,2026-09-07 07:00:00
ASSIGN00134,OFF00133,Contemporary Perspectives on Strategic Management II,Essay,Moderate,1241,1424,46.67,68.29,67.41,66.74,True,2.0,True,False,True,Limited,Peer-Review,2026-09-15 13:00:00,2026-09-25 08:00:00
ASSIGN00135,OFF00024,Strategic Case Study: Organizational Behavior,Case Study,Hard,2105,2375,64.92,43.22,69.25,57.44,False,0.0,False,no,False,Prohibited,Multi-Stage,2025-09-08 11:00:00,2025-10-03 07:00:00
ASSIGN00136,OFF00137,Review of Research on Academic Writing II,Literature Review,Moderate,2338,2819,59.68,46.06,66.15,73.58,True,4.0,True,False,True,Prohibited,Peer-Review,2027-01-24 10:00:00,2027-02-24 03:00:00
ASSIGN00137,OFF00141,A Systematic Examination of Inorganic Chemistry II,Research Paper,Moderate,2891,3263,46.73,42.94,70.27,49.15,True,7.0,True,False,True,Limited,Project-Based,2026-09-24 14:00:00,2026-10-31 00:00:00
ASSIGN00138,OFF00219,Experimental Analysis of Genetics II,Lab Report,Easy,1378,1596,25.99,53.1,30.85,39.51,True,3.0,TRUE,False,False,Limited,Process-Oriented,2026-09-23 17:00:00,2026-10-24 04:00:00
ASSIGN00139,OFF00150,Current Research Perspectives on Genetics II,Literature Review,Moderate,1521,1875,42.51,44.47,82.56,61.3,True,5.0,yes,False,False,Prohibited,,2027-01-30 18:00:00,2027-03-16 03:00:00
ASSIGN00140,OFF00205,Laboratory Investigation of Business Analytics II,Lab Report, Moderate ,1395,1760,63.21,65.81,61.84,53.85,True,2.0,True,False,True,Limited,Process-Oriented,2026-06-27 15:00:00,2026-07-12 08:00:00
ASSIGN00141,OFF00184,Evaluating the Impact of Financial Management II, Essay ,Moderate,1052,1240,49.71,63.68,73.99,71.33,False,0.0,True,False,False,Disclosure Required,Scaffolded,2027-02-12 10:00:00,2027-03-28 02:00:00
ASSIGN00142,OFF00012,Laboratory Investigation of Modern History,Lab Report,Moderate,1298,1517,48.75,56.79,50.82,48.0,False,0.0,False,False,True,Prohibited,Peer-Review,2026-01-25 08:00:00,2026-02-12 16:00:00
ASSIGN00143,OFF00178,Case-Based Evaluation of Astrophysics II,Case Study,Moderate,2066,2373,53.42,28.95,49.66,53.29,True,4.0,False,False,False,Prohibited,Reflective,2026-06-27 14:00:00,2026-07-19 10:00:00
ASSIGN00144,OFF00060,Evaluating the Impact of Research Methods in Psychology,Essay, Moderate ,848,978,51.52,40.73,56.28,32.19,True,2.0,True,False,False,Prohibited,Multi-Stage,2026-02-25 10:00:00,2026-03-20 06:00:00
ASSIGN00145,OFF00033,Experimental Analysis of Financial Management,Lab Report,Easy,854,1091,32.64,35.91,59.05,52.48,False,0.0,True,True,False,Prohibited,Process-Oriented,2026-09-11 12:00:00,2026-10-12 20:00:00
ASSIGN00146,OFF00116,Experimental Analysis of Differential Equations II,Lab Report,Easy,705,789,42.14,54.6,48.74,94.4,True,2.0,True,False,False,Disclosure Required,Project-Based,2026-03-11 18:00:00,2026-04-12 10:00:00
ASSIGN00147,OFF00056,Applied Case Analysis of Modern Physics,Case Study,Moderate,1455,1721,40.58,55.72,20.54,83.68,True,5.0,True,False,False,Allowed,Process-Oriented,2027-02-28 08:00:00,2027-04-06 03:00:00
ASSIGN00148,OFF00008,Applied Case Analysis of Quantum Physics,Case Study,Moderate,1377,1527,66.0,38.22,21.39,78.1,True,,True,False,False,Disclosure Required,Process-Oriented,2026-01-29 14:00:00,2026-02-21 02:00:00
ASSIGN00149,OFF00164,Literature Review on Literary Analysis II,Literature Review,Easy,2539,3133,69.36,72.96,90.14,88.53,True,7.0,True,False,True,Prohibited,Peer-Review,2026-09-01 09:00:00,2026-10-16 05:00:00
ASSIGN00150,OFF00248,Laboratory Investigation of Creative Writing II,Lab Report,Hard,1322,1549,48.5,53.6,62.72,54.64,True,3.0,True,False,False,Prohibited,Multi-Stage,2025-09-26 14:00:00,2025-11-03 23:00:00
ASSIGN00151,OFF00212,Evidence-Based Study of Development Economics II,Research Paper,Moderate,1738,2150,30.4,77.18,85.27,68.02,True,4.0,True,False,False,Prohibited,Multi-Stage,2025-09-22 09:00:00,2025-10-08 04:00:00
ASSIGN00152,OFF00154,Strategic Case Study: Rhetoric and Composition II,Case Study,Moderate,1902,2299,52.56,42.88,76.4,100.0,True,5.0,True,True,False,Disclosure Required,Scaffolded,2026-10-13 12:00:00,2026-10-22 22:00:00
ASSIGN00153,OFF00182,Critical Analysis of World History II,Essay,Moderate,1534,1921,72.63,63.72,37.32,64.65,True,5.0,True,False,False,Prohibited,Reflective,2027-02-03 11:00:00,2027-02-10 23:00:00
ASSIGN00154,OFF00168,Evaluating the Impact of Historical Research Methods II,Essay,Moderate,1597,1787,57.43,85.41,37.89,72.23,True,6.0,True,True,False,Prohibited,Oral Defense,2026-09-21 16:00:00,2026-10-25 03:00:00
ASSIGN00155,OFF00100,A Comparative Study of Quantum Physics II,Research Paper,Easy,2012,2369,51.72,48.74,76.31,94.44,True,3.0,True,False,False,Disclosure Required,Multi-Stage,2025-09-21 16:00:00,2025-11-03 12:00:00
ASSIGN00156,OFF00172,Reflective Analysis of Creative Writing II,Essay,Moderate,1025,1227,40.53,85.92,56.2,65.47,True,2.0,True,False,1, Limited ,Project-Based,2025-10-14 10:00:00,2025-11-28 19:00:00
ASSIGN00157,OFF00179,Laboratory Investigation of Astrophysics II,Lab Report,Easy,1375,1677,68.75,30.49,39.81,55.47,True,,True,False,False,Limited,Multi-Stage,2027-02-24 15:00:00,2027-03-14 01:00:00
ASSIGN00158,OFF00085,Evidence-Based Study of Genetics II,Research Paper,Easy,1894,2091,47.9,56.25,81.09,56.95,True,7.0,True,False,False,Disclosure Required,Scaffolded,2026-01-25 15:00:00,2026-02-23 09:00:00
ASSIGN00159,OFF00169,Experimental Evaluation of Creative Writing II,Lab Report,Moderate,1766,2174,69.37,58.29,59.14,86.72,True,3.0,True,False,True,Prohibited,Scaffolded,2026-09-02 15:00:00,2026-09-17 00:00:00
ASSIGN00160,OFF00246,Experimental Evaluation of Creative Writing II,Lab Report,Moderate,1387,1799,50.98,47.62,42.46,45.38,False,0.0,True,False,False,Prohibited,Process-Oriented,2027-01-25 15:00:00,2027-02-15 09:00:00
ASSIGN00161,OFF00112,A Systematic Examination of Modern History II,Research Paper,Moderate,2335,2661,65.72,67.58,67.82,67.92,True,4.0,True,False,False,Prohibited,Scaffolded,2026-03-10 14:00:00,2026-03-24 04:00:00
ASSIGN00162,OFF00088,An Investigation into Artificial Intelligence II,Research Paper,Moderate,2499,3205,41.61,100.0,80.21,66.85,True,2.0,True,0,False,Limited,Process-Oriented,2026-02-16 16:00:00,2026-03-06 11:00:00
ASSIGN00163,OFF00232,Reflective Analysis of World History II,Essay,Moderate,1643,1811,39.28,52.61,24.61,72.92,False,0.0,True,True,True,Prohibited,Oral Defense,2025-10-11 11:00:00,2025-11-13 20:00:00
ASSIGN00164, OFF00246 ,Contemporary Perspectives on Creative Writing II,ESSAY,Moderate,1339,1561,38.7,63.23,54.7,42.08,False,0.0,True,False,False,Limited,Traditional,2027-03-09 12:00:00,2027-04-09 04:00:00
ASSIGN00165,OFF00210,Experimental Evaluation of Macroeconomics II,Lab Report,Moderate,1562,2000,51.01,50.84,58.71,92.87,True,3.0,True,False,False,Allowed,Process-Oriented,2026-06-30 18:00:00,2026-07-12 04:00:00
ASSIGN00166,OFF00034,Case-Based Evaluation of Financial Management,Case Study,Hard,1216,1444,56.96,17.04,36.34,61.67,False,0.0,False,True,False,Disclosure Required,Oral Defense,2027-01-25 18:00:00,2027-02-18 09:00:00
ASSIGN00167,OFF00125,Critical Literature Analysis of Astrophysics II,Literature Review,Hard,1417,1790,84.54,59.16,94.74,81.29,True,5.0,True,False,True,Disclosure Required,Project-Based,2025-09-11 17:00:00,2025-10-27 05:00:00
ASSIGN00168,OFF00136,Evidence-Based Study of Probability and Statistics II,Research Paper,Hard,2981,3739,71.78,63.42,72.55,48.14,True,11.0,True,True,True,Disclosure Required,Project-Based,2026-06-18 08:00:00,2026-07-26 01:00:00
ASSIGN00169,OFF00155,Experimental Analysis of Data Analytics II,Lab Report,Moderate,794,976,35.26,40.97,45.0,74.51,False,0.0,True,False,False,Disclosure Required,Scaffolded,2027-02-25 17:00:00,2027-04-12 03:00:00
ASSIGN00170,OFF00100,Evidence-Based Study of Quantum Physics II,Research Paper,Moderate,1885,2197,48.79,43.01,93.37,69.8,True,3.0,True,False,False,Prohibited,Process-Oriented,2025-09-10 17:00:00,2025-10-18 04:00:00
ASSIGN00171,OFF00076,Research Analysis of Research Methods in Psychology II,Research Paper,Moderate,1778,1998,68.34,46.33,84.71,73.25,True,3.0,True,False,False,Prohibited,Reflective,2026-07-01 10:00:00,2026-07-28 20:00:00
ASSIGN00172,OFF00189,Contemporary Perspectives on Business Analytics II,Essay,Moderate,1700,2139,18.33,56.86,63.31,45.74,False,0.0,True,False,True,Limited,Project-Based,2026-08-27 09:00:00,2026-10-07 18:00:00
ASSIGN00173,OFF00219,Evidence-Based Study of Genetics II,Research Paper,Easy,2632,3354,60.27,94.97,73.12,80.93,True,7.0,True,False,False,Disclosure Required,Traditional,2026-08-27 17:00:00,2026-09-23 08:00:00
ASSIGN00174,OFF00259,An Investigation into Rhetoric and Composition II,Research Paper,Hard,1686,1894,80.42,56.03,87.08,73.74,True,4.0,True,False,False,Limited,Multi-Stage,2026-01-22 17:00:00,2026-03-07 05:00:00
ASSIGN00175,OFF00243,A Systematic Examination of Financial Management II,Research Paper,Moderate,2771,3346,53.59,52.37,86.2,81.14,True,4.0,True,False,True,Disclosure Required,Project-Based,2026-06-20 13:00:00,2026-07-03 07:00:00
ASSIGN00176,OFF00053,Reflective Analysis of Microbiology,Essay,Hard,983,1157,71.51,66.72,24.57,77.32,False,0.0,False,False,False,Prohibited,Traditional,2026-02-08 10:00:00,2026-03-24 03:00:00
ASSIGN00177,OFF00019,Exploring the Role of Modern History,Essay,Hard,1047,1252,67.22,88.02,62.67,93.32,True,2.0,True,False,False,Limited,Multi-Stage,2027-02-04 16:00:00,2027-03-08 01:00:00
ASSIGN00178,OFF00074,A Comparative Study of Cybersecurity Fundamentals II,Research Paper,Hard,2780,3515,60.81,65.65,88.47,57.64,True,5.0,True,False,yes,Limited,Project-Based,2026-10-16 12:00:00,2026-11-01 00:00:00
ASSIGN00179,OFF00171,Research Analysis of Creative Writing II,Research Paper, Moderate ,2879,3269,50.26,90.26,87.34,49.09,True,10.0,True,False,False,Prohibited,Reflective,2026-06-28 17:00:00,2026-07-13 04:00:00
ASSIGN00180,OFF00119,Exploring the Role of Principles of Management II,Essay,Moderate,1761,2274,29.44,73.54,51.61,64.44,True,4.0,True,False,False,Prohibited,Traditional,2025-09-08 12:00:00,2025-10-01 07:00:00
ASSIGN00181,OFF00109,Exploring the Role of Computer Networks II,Essay,Hard,1767,1990,67.9,40.65,39.79,88.12,True,3.0,True,False,True,Disclosure Required,Peer-Review,2027-03-10 16:00:00,2027-04-20 12:00:00
ASSIGN00182,OFF00144,Reflective Report on Cultural History II,Reflective Report,Moderate,1600,2075,53.08,100.0,48.78,71.2,True,4.0,True,False,False,Allowed,Multi-Stage,2026-09-16 11:00:00,2026-10-14 04:00:00
ASSIGN00183,OFF00130,Current Research Perspectives on Modern Physics II,Literature Review,Moderate,1872,2075,43.98,53.82,78.74,87.19,True,4.0,True,True,False,Disclosure Required,Project-Based,2027-02-07 10:00:00,2027-03-22 02:00:00
ASSIGN00184,OFF00257,Critical Analysis of Microeconomics II,Essay,Moderate,1091,1361,39.19,78.77,56.63,71.57,True,3.0,True,False,False,Limited,Multi-Stage,2027-02-19 08:00:00,2027-03-25 03:00:00
ASSIGN00185,OFF00094,A Comparative Study of Introduction to Psychology II,Research Paper,Hard,2815,3109,73.91,56.37,90.9,74.56,True,9.0,True,False,True,Prohibited,Multi-Stage,2026-01-27 09:00:00,2026-02-05 05:00:00
ASSIGN00186,OFF00110,Current Research Perspectives on Modern History II,Literature Review,Moderate,2666,3429,58.43,73.5,78.44,91.59,True,7.0,True,False,False,Limited,Peer-Review,2025-08-28 18:00:00,2025-09-26 03:00:00
ASSIGN00187,OFF00112,Critical Reflection on Modern History II,Reflective Report,Moderate,1093,1309,55.59,73.44,37.55,50.59,True,3.0,False,True,False,Limited,Oral Defense,2026-03-02 18:00:00,2026-04-06 11:00:00
ASSIGN00188,OFF00066,Reflective Analysis of Thermodynamics II,Essay,Hard,1748,2020,62.05,63.16,65.57,79.64,True,3.0,True,False,False,Disclosure Required,Multi-Stage,2025-09-28 13:00:00,2025-10-24 21:00:00
ASSIGN00189, OFF00123 ,Literature Review on Principles of Management II,Literature Review,Moderate,1741,2228,54.61,35.27,88.86,52.37,True,3.0,True,True,False,Limited,Multi-Stage,2026-02-12 15:00:00,2026-02-27 03:00:00
ASSIGN00190,OFF00070,Review of Research on Organic Chemistry II,Literature Review,Moderate,2597,3303,88.28,43.57,81.17,75.16,True,6.0,True,False,True,Prohibited,Scaffolded,2026-02-23 09:00:00,2026-03-29 05:00:00
ASSIGN00191,OFF00014,Laboratory Investigation of Classical Mechanics,Lab Report,Moderate,1200,1502,50.33,46.26,44.25,82.59,True,4.0,True,False,False,Prohibited,Multi-Stage,01/27/2026 08:00,02/09/2026 04:00
ASSIGN00192,OFF00164,A Systematic Examination of Literary Analysis II,Research Paper,Moderate,2731,3186,43.18,65.47,94.01,85.62,True,7.0,True,True,True,Allowed,Project-Based,2026-09-05 15:00:00,2026-10-12 04:00:00
ASSIGN00193,OFF00131,A Systematic Examination of Modern Physics II,Research Paper,Moderate,1942,2286,44.23,48.91,77.45,48.08,True,4.0,True,False,False,Prohibited,Traditional,2026-03-06 12:00:00,2026-03-27 06:00:00
ASSIGN00194,OFF00132,Evidence-Based Study of Strategic Management II,Research Paper,Moderate,2724,3202,57.72,59.48,87.16,81.95,True,4.0,True,False,True,Disclosure Required,Project-Based,2026-02-03 11:00:00,2026-03-06 02:00:00
ASSIGN00195,OFF00169,Evaluating the Impact of Creative Writing II,Essay,Moderate,1560,1997,50.31,81.43,46.91,70.31,True,5.0,True,False,False,Limited,Scaffolded,2026-09-07 18:00:00,2026-10-11 04:00:00
ASSIGN00196, OFF00219 ,A Comparative Study of Genetics II,Research Paper,Moderate,2602,3025,65.9,98.26,66.23,73.47,True,7.0,True,False,False,Limited,Scaffolded,2026-10-05 12:00:00,2026-10-31 06:00:00
ASSIGN00197,OFF00093,Learning Experience Analysis: Introduction to Psychology II,Reflective Report,Hard,1429,1667,72.74,86.68,55.25,56.54,False,0.0,True,False,False,Disclosure Required,Scaffolded,2026-06-18 15:00:00,2026-07-20 06:00:00
ASSIGN00198,OFF00015,Analysis of Laboratory Results Classical Mechanics,Lab Report,Moderate,1243,1584,58.12,36.17,30.79,53.62,False,0.0,True,True,True,Limited,,2026-06-20 09:00:00,2026-07-01 22:00:00
ASSIGN00199,OFF00213,Strategic Case Study: Development Economics II,Case Study,Moderate,1425,1584,42.86,69.03,55.3,62.9,False,0.0,True,False,False,Prohibited,Traditional,2027-02-16 13:00:00,2027-03-21 02:00:00
ASSIGN00200,OFF00098,Evidence-Based Study of Social Psychology II,Research Paper,,2039,2382,38.29,81.39,80.76,40.29,True,3.0,True,False,True,Prohibited,Peer-Review,2026-09-08 18:00:00,2026-09-24 08:00:00
ASSIGN00201,OFF00241,Learning Experience Analysis: Financial Management II,Reflective Report,Moderate,1387,1737,21.93,66.21,71.7,60.97,True,4.0,True,True,False,Disclosure Required,Process-Oriented,2026-09-22 09:00:00,2026-10-05 02:00:00
ASSIGN00202,OFF00198,Critical Literature Analysis of Research Methods in Psychology II,Literature Review,Hard,1377,1665,80.65,68.01,85.49,63.48,True,4.0,True,False,False,Limited,Peer-Review,2026-06-23 14:00:00,2026-07-03 02:00:00
ASSIGN00203,OFF00221,Evidence-Based Study of Academic Writing II,Research Paper,Moderate,1690,2031,46.88,58.36,87.92,63.35,True,5.0,True,0,False,Prohibited,Multi-Stage,2026-06-29 14:00:00,2026-07-19 08:00:00
ASSIGN00204,OFF00002,,Lab Report,Easy,732,913,11.65,43.23,54.92,63.79,True,2.0,True,True,True,Prohibited,Peer-Review,2026-06-18 11:00:00,2026-06-26 06:00:00
ASSIGN00205,OFF00096,Laboratory Investigation of Social Psychology II,Lab Report,Easy,1565,2005,38.22,40.34,59.94,60.52,True,2.0,False,False,True,Allowed,Project-Based,2025-09-13 08:00:00,2025-10-12 17:00:00
ASSIGN00206,OFF00087,Review of Research on Artificial Intelligence II,Literature Review, Moderate ,1970,2179,49.9,62.94,79.54,71.4,True,,True,NO,False,Limited,Scaffolded,2025-09-13 15:00:00,2025-10-23 04:00:00
ASSIGN00207,OFF00031,A Systematic Examination of Financial Management,Research Paper,Moderate,2119,2681,63.22,78.59,65.08,66.72,True,7.0,True,False,True,Prohibited,Peer-Review,2026-03-06 10:00:00,2026-03-28 06:00:00
ASSIGN00208,OFF00126,Experimental Analysis of Astrophysics II,Lab Report,Moderate,1431,1858,83.47,39.26,48.8,51.3,False,0.0,False,False,False,Disclosure Required,Multi-Stage,2026-09-26 12:00:00,2026-10-09 23:00:00
ASSIGN00209,OFF00201,Critical Reflection on Modern History II,Reflective Report,Hard,778,934,62.71,69.1,31.27,67.07,True,3.0,True,False,False,Limited,Project-Based,2026-09-30 09:00:00,2026-10-29 20:00:00
ASSIGN00210,OFF00204,Case-Based Evaluation of Social Psychology II,Case Study,Moderate,2001,2421,35.69,79.36,39.67,59.82,False,0.0,False,False,False,Limited,Traditional,2025-10-10 09:00:00,2025-10-28 01:00:00
ASSIGN00211,OFF00133,A Systematic Examination of Strategic Management II,Research Paper,Hard,1726,2028,50.54,73.96,75.35,81.43,True,2.0,True,True,False,Prohibited,Oral Defense,2026-10-03 11:00:00,2026-10-30 03:00:00
ASSIGN00212,OFF00163,Exploring the Role of Literary Analysis II,Essay,Hard,1583,1754,89.16,34.03,23.33,76.51,True,6.0,True,False,True,Prohibited,Reflective,2026-02-02 12:00:00,2026-02-19 21:00:00
ASSIGN00213,OFF00160,Review of Research on Web Application Development II,Literature Review,Moderate,2724,3454,76.35,41.07,94.34,61.53,True,3.0,True,False,False,Prohibited,Traditional,2026-02-23 13:00:00,2026-03-12 04:00:00
ASSIGN00214,OFF00083,An Investigation into Genetics II,Research Paper,Hard,2105,2620,50.77,61.61,67.64,49.02,True,3.0,True,True,False,Limited,Project-Based,2026-08-30 09:00:00,2026-09-26 20:00:00
ASSIGN00215,OFF00037,Evaluating the Impact of Differential Equations,Essay,Hard,1103,1215,79.02,68.41,46.46,19.95,True,4.0,False,False,False,Prohibited,Traditional,2026-02-26 12:00:00,2026-03-26 01:00:00
ASSIGN00216,OFF00071,Evidence-Based Study of Software Engineering II,Research Paper,Hard,2385,2736,55.96,59.64,89.01,77.83,True,4.0,True,False,True,Disclosure Required,Peer-Review,2026-03-01 17:00:00,2026-03-15 03:00:00
ASSIGN00217,OFF00143,Reflective Report on Cultural History II,Reflective Report,Hard,1312,1513,63.98,68.58,29.16,74.64,True,5.0,True,True,False,Disclosure Required,,2027-03-03 14:00:00,2027-03-15 22:00:00
ASSIGN00218,OFF00018,Review of Research on Modern History,Literature Review,Hard,2638,3285,80.87,54.01,84.09,55.19,True,3.0,True,True,no,Prohibited,Oral Defense,2025-09-22 16:00:00,2025-10-09 06:00:00
ASSIGN00219,OFF00089,Contemporary Perspectives on Political History II,Essay,Easy,1630,1955,27.42,91.75,75.67,100.0,True,3.0,True,False,False,Prohibited,Multi-Stage,2027-01-22 16:00:00,2027-02-11 10:00:00
ASSIGN00220,OFF00228,Experimental Analysis of Econometrics II,Lab Report,Hard,876,1094,66.86,54.75,30.39,87.56,True,3.0,True,False,False,Limited,Peer-Review,2025-08-31 11:00:00,2025-09-17 21:00:00
ASSIGN00221,OFF00164,Contemporary Perspectives on Literary Analysis II,Essay,Moderate,1274,1633,24.31,84.31,36.04,70.64,True,5.0,True,True,False,Prohibited,Oral Defense,2026-09-03 10:00:00,2026-10-02 19:00:00
ASSIGN00222,OFF00130,Research Analysis of Modern Physics II,Research Paper,Hard,1591,1855,53.46,62.2,94.88,45.27,True,6.0,True,False,True,Limited,Traditional,2027-02-15 08:00:00,2027-03-18 16:00:00
ASSIGN00223,OFF00066,Experimental Evaluation of Thermodynamics II,Lab Report,Easy,1072,1235,66.88,34.4,44.65,71.18,True,4.0,True,False,False,Prohibited,Scaffolded,2025-09-18 08:00:00,2025-11-01 16:00:00
ASSIGN00224,OFF00085,Review of Research on Genetics II,Literature Review,Moderate,2692,3275,25.6,70.92,74.91,61.93,True,8.0,True,False,False,Prohibited,Multi-Stage,2026-02-12 18:00:00,2026-03-14 08:00:00
ASSIGN00225,OFF00252,Critical Analysis of Cell Biology II,Essay,Moderate,1343,1613,66.08,66.82,50.63,55.9,True,3.0,True,False,False,Limited,Multi-Stage,2026-01-26 11:00:00,2026-02-27 05:00:00
ASSIGN00226,OFF00144,A Systematic Examination of Cultural History II,Research Paper,Easy,1782,2260,29.89,85.81,65.69,59.54,True,6.0,True,False,False,Disclosure Required,Process-Oriented,2026-09-20 08:00:00,2026-10-14 23:00:00
ASSIGN00227,OFF00010,A Comparative Study of Modern History,Research Paper,Hard,1663,2079,69.45,59.38,83.46,64.74,True,4.0,True,False,True,Prohibited,Project-Based,2025-09-30 17:00:00,2025-10-28 12:00:00
ASSIGN00228,OFF00118,Experimental Analysis of Principles of Management II,Lab Report,Hard,1293,1501,68.08,23.67,50.62,54.77,False,0.0,True,False,False,Prohibited,Traditional,2026-06-28 11:00:00,2026-07-24 00:00:00
ASSIGN00229,OFF00006,Critical Reflection on Quantum Physics,Reflective Report,Moderate,920,1129,73.63,57.74,69.2,78.54,True,3.0,True,False,False,Prohibited,Multi-Stage,2026-07-01 16:00:00,2026-07-22 12:00:00
ASSIGN00230,OFF00081,An Investigation into Microeconomics II,Research Paper,Moderate,2714,3468,54.89,77.67,76.03,74.51,True,4.0,True,True,False,prohibited,Oral Defense,2025-10-12 16:00:00,2025-10-20 12:00:00
ASSIGN00231,OFF00007,Analysis of Laboratory Results Quantum Physics,Lab Report,Easy,1464,1671,50.31,41.46,45.29,53.83,True,5.0,True,False,no,Prohibited,Reflective,2027-03-02 15:00:00,2027-04-10 23:00:00
ASSIGN00232,OFF00164,A Comparative Study of Literary Analysis II,Research Paper,Hard,1948,2329,60.04,88.76,73.06,44.66,True,3.0,True,False,False,Prohibited, Reflective ,2026-09-01 11:00:00,2026-10-01 05:00:00
ASSIGN00233,OFF00216,Evaluating the Impact of Genetics II,Essay,Moderate,1718,2008,45.33,47.28,67.24,56.27,True,2.0,True,False,False,Allowed,Scaffolded,2026-06-13 18:00:00,2026-07-09 10:00:00
ASSIGN00234,OFF00153,Applied Case Analysis of Rhetoric and Composition II,Case Study,Hard,1320,1565,63.14,70.92,39.39,87.55,True,4.0,False,no,False,Limited,Process-Oriented,2027-02-04 12:00:00,2027-03-10 01:00:00
ASSIGN00235,OFF00118,Exploring the Role of Principles of Management II,Essay,Moderate,1456,1728,23.04,47.32,73.2,62.51,True,2.0,True,False,False,Disclosure Required,Multi-Stage,2026-06-29 11:00:00,2026-07-18 06:00:00
ASSIGN00236,OFF00076,Critical Literature Analysis of Research Methods in Psychology II,Literature Review,Easy,1425,1680,61.42,25.96,70.75,59.44,True,3.0,True,True,False,Limited, Traditional ,06/16/2026 12:00,2026-07-02 22:00:00
ASSIGN00237,OFF00221,Applied Case Analysis of Academic Writing II,Case Study,Hard,1440,1671,80.53,67.36,59.77,60.43,True,2.0,True,False,False,Prohibited,Traditional,2026-06-13 18:00:00,2026-07-23 02:00:00
ASSIGN00238,OFF00249,Evaluating the Impact of Literary Analysis II,Essay,Moderate,1731,2007,19.98,85.74,20.3,51.19,False,0.0,True,False,YES,Disclosure Required,Project-Based,2025-09-30 14:00:00,2025-11-02 09:00:00
ASSIGN00239,OFF00053,Reflective Analysis of Microbiology,Essay,Moderate,1067,1231,58.07,56.51,72.85,66.51,True,3.0,True,True,False,Limited,Multi-Stage,2026-03-10 14:00:00,2026-03-26 05:00:00
ASSIGN00240,OFF00125,Reflective Analysis of Astrophysics II,Essay,Moderate,1011,1191,54.65,89.26,61.81,43.88,False,0.0,True,False,False,Disclosure Required,Process-Oriented,2025-09-19 14:00:00,2025-10-25 09:00:00
ASSIGN00241,OFF00054,Current Research Perspectives on Microbiology,Literature Review,Moderate,1287,1459,36.78,74.2,67.56,68.47,True,3.0,True,False,False,Disclosure Required,Peer-Review,2025-10-02 11:00:00,2025-10-11 05:00:00
ASSIGN00242,OFF00236,Research Analysis of Genetics II,Research Paper,Hard,2624,2959,52.11,80.84,92.43,50.01,True,7.0,True,False,False,Disclosure Required,Multi-Stage,2025-09-22 15:00:00,2025-11-01 03:00:00
ASSIGN00243,OFF00103,Case-Based Evaluation of Analytical Chemistry II,Case Study,Easy,2149,2625,52.93,39.73,69.93,83.64,False,0.0,False,False,False,Limited,Process-Oriented,2026-09-02 17:00:00,2026-10-12 02:00:00
ASSIGN00244,OFF00019,Laboratory Investigation of Modern History,Lab Report,Moderate,1013,1230,37.15,10.19,54.08,58.27,True,3.0,False,True,False,Limited,Oral Defense,2027-02-07 17:00:00,2027-03-21 03:00:00
ASSIGN00245,OFF00105,Experimental Evaluation of Organizational Behavior II,Lab Report,Moderate,1674,1932,39.99,46.34,45.57,73.35,True,6.0,False,False,False,Prohibited,Traditional,2026-06-19 18:00:00,2026-07-10 12:00:00
ASSIGN00246,OFF00160,Evaluating the Impact of Web Application Development II,Essay,Hard,1349,1610,47.27,58.34,49.56,64.91,True,4.0,True,True,False,Disclosure Required,Oral Defense,2026-03-12 17:00:00,2026-03-23 08:00:00
ASSIGN00247,OFF00234,Personal Learning Reflection on World History II,Reflective Report,Moderate,1005,1279,40.11,70.98,40.75,73.07,True,3.0,True,False,False,Prohibited,,2026-03-04 12:00:00,2026-04-10 03:00:00
ASSIGN00248,OFF00154,Case Analysis of Rhetoric and Composition II,Case Study,Moderate,1538,1765,50.2,66.5,24.31,50.78,False,0.0,True,False,False,Prohibited,Scaffolded,2026-09-28 13:00:00,2026-10-31 01:00:00
ASSIGN00249,OFF00253,Contemporary Perspectives on Microbiology II,Essay,Moderate,1789,2229,41.32,92.4,49.27,53.99,True,3.0,True,False,True,Limited,Peer-Review,2026-01-31 16:00:00,2026-03-03 05:00:00
ASSIGN00250,OFF00048,Laboratory Investigation of Inorganic Chemistry,Lab Report,Hard,1404,1680,100.0,64.49,50.92,52.67,False,0.0,True,False,False, Prohibited ,Process-Oriented,2025-09-30 12:00:00,2025-10-15 08:00:00
ASSIGN00251,OFF00068,An Investigation into Organic Chemistry II,Research Paper,Moderate,2841,3572,58.78,74.45,84.14,43.18,True,8.0,True,True,True,Prohibited,Scaffolded,2027-03-13 17:00:00,2027-04-18 11:00:00
ASSIGN00252,OFF00083,A Comparative Study of Genetics II,Research Paper,Hard,2871,3496,88.16,82.32,86.61,87.15,True,7.0,True,False,True,Limited,Project-Based,2026-10-02 13:00:00,2026-10-12 05:00:00
ASSIGN00253,OFF00212,Experimental Analysis of Development Economics II,Lab Report,Moderate,1524,1687,65.7,55.23,46.15,81.2,True,2.0,False,True,False,Limited,Process-Oriented,2025-10-09 08:00:00,2025-10-22 23:00:00
ASSIGN00254,OFF00248,,Reflective Report,Moderate,1509,1854,29.96,99.76,54.48,76.18,True,2.0,True,True,False, Prohibited , Oral Defense ,2025-09-22 10:00:00,2025-10-07 05:00:00
ASSIGN00255,OFF00126,,Lab Report,Hard,1568,1864,35.7,27.59,53.69,69.32,True,4.0,True,False,False,Disclosure Required,Multi-Stage,2026-10-11 16:00:00,2026-11-26 06:00:00
ASSIGN00256,OFF00106,Laboratory Investigation of Organizational Behavior II,Lab Report,Moderate,972,1173,36.66,57.8,37.5,50.22,False,0.0,False,False,False,Disclosure Required,Project-Based,2027-03-01 08:00:00,2027-03-12 20:00:00
ASSIGN00257,OFF00012,Critical Analysis of Modern History,Essay,Moderate,1677,1948,30.91,61.89,49.55,100.0,True,5.0,True,False,False,Prohibited,Multi-Stage,2026-03-08 17:00:00,2026-04-11 08:00:00
ASSIGN00258, OFF00166 ,Personal Learning Reflection on Literary Analysis II,Reflective Report,Moderate,722,822,33.58,88.85,66.06,53.63,False,0.0,True,False,False,Prohibited,Traditional,2025-09-20 18:00:00,2025-10-25 07:00:00
ASSIGN00259,OFF00114,A Systematic Examination of Differential Equations II,Research Paper,Easy,1856,2403,48.67,71.87,75.28,64.07,True,4.0,True,False,False,Disclosure Required,Multi-Stage,2026-10-11 09:00:00,2026-10-28 01:00:00
ASSIGN00260,OFF00056,A Comparative Study of Modern Physics,Research Paper,Hard,1712,1913,65.85,75.07,68.79,42.59,True,3.0,True,True,False,Disclosure Required,Oral Defense,2027-01-25 12:00:00,2027-02-12 01:00:00
ASSIGN00261,OFF00182,Critical Literature Analysis of World History II,Literature Review,Easy,1421,1729,48.02,49.16,88.69,73.33,True,4.0,True,YES,False,Disclosure Required,Oral Defense,2027-02-15 13:00:00,2027-03-23 01:00:00
ASSIGN00262,OFF00159,A Comparative Study of Modern History II,Research Paper,Moderate,1939,2203,45.78,77.93,85.59,55.21,True,2.0,True,False,False,Prohibited,Peer-Review,2025-10-18 16:00:00,2025-11-16 01:00:00
ASSIGN00263,OFF00068,Evidence-Based Study of Organic Chemistry II,Research Paper,MODERATE,2546,3292,41.72,74.68,85.61,49.57,True,10.0,True,True,True,Limited,Oral Defense,2027-01-27 17:00:00,2027-02-17 08:00:00
ASSIGN00264,OFF00257,Laboratory Investigation of Microeconomics II,Lab Report,Hard,1799,2259,56.53,42.58,39.78,58.37,True,4.0,True,False,True,Disclosure Required,Multi-Stage,2027-03-04 16:00:00,2027-03-27 03:00:00
ASSIGN00265,OFF00248,Evidence-Based Study of Creative Writing II,Research Paper,Hard,1699,1906,65.86,56.64,78.29,74.38,True,5.0,True,False,True,Prohibited,Project-Based,2025-10-16 14:00:00,2025-11-11 05:00:00
ASSIGN00266,OFF00216,Critical Analysis of Genetics II,ESSAY,Moderate,1231,1516,45.92,76.06,48.99,46.58,True,3.0,True,False,False,Prohibited,Scaffolded,2026-06-24 18:00:00,2026-07-17 13:00:00
ASSIGN00267,OFF00212,Strategic Case Study: Development Economics II,Case Study,Easy,1192,1430,10.0,64.15,22.51,68.13,1,3.0,False,False,False,Prohibited,Multi-Stage,2025-10-03 11:00:00,2025-10-12 22:00:00
ASSIGN00268,OFF00174,An Investigation into Genetics II,Research Paper,Moderate,2172,2734,58.2,89.76,72.7,50.91,True,5.0,True,False,True,Limited,Multi-Stage,2026-01-24 13:00:00,2026-02-15 06:00:00
ASSIGN00269,OFF00228,An Investigation into Econometrics II,Research Paper,Hard,2665,2949,37.87,84.67,125.0,74.78,True,3.0,True,False,False,Prohibited,Scaffolded,2025/10/12 17:00:00,2025-11-17 11:00:00
ASSIGN00270,OFF00231,Contemporary Perspectives on Literary Analysis II,Essay,Easy,1684,1978,66.59,94.88,54.43,47.4,True,2.0,False,True,False,Limited,Oral Defense,2025-09-26 12:00:00,2025-10-14 21:00:00
ASSIGN00271,OFF00154,Reflective Report on Rhetoric and Composition II,Reflective Report,Easy,954,1171,64.05,66.2,43.88,79.49,True,2.0,False,True,False,Prohibited,Oral Defense,2026-09-03 14:00:00,2026-10-17 09:00:00
ASSIGN00272,OFF00096,Analysis of Laboratory Results Social Psychology II,Lab Report,Moderate,1451,30000,77.54,50.41,48.0,53.82,True,4.0,False,False,False,Limited,Project-Based,2025-09-09 18:00:00,2025-09-22 02:00:00
ASSIGN00273,OFF00254,A Comparative Study of Microbiology II,Research Paper,Moderate,2168,2753,29.66,36.19,79.4,86.78,True,7.0,True,False,True,Prohibited,Peer-Review,2027-03-07 13:00:00,2027-03-21 21:00:00
ASSIGN00274,OFF00112,,Case Study,Moderate,1181,1334,72.72,65.17,52.58,60.5,True,4.0,True,False,True,Disclosure Required,Peer-Review,2026-02-28 08:00:00,2026-03-21 21:00:00
ASSIGN00275,OFF00096,Critical Analysis of Social Psychology II,Essay,Hard,883,1122,76.81,74.59,61.96,47.59,True,2.0,True,False,False,Prohibited,Scaffolded,2025-09-13 14:00:00,2025-09-21 03:00:00
ASSIGN00276,OFF00045,Learning Experience Analysis: Genetics,Reflective Report,Moderate,1528,1751,67.23,77.65,58.08,76.05,True,6.0,True,False,True,Prohibited,Project-Based,2026-02-20 14:00:00,2026-03-29 05:00:00
ASSIGN00277,OFF00190,Review of Research on Web Application Development II,Literature Review,Easy,1773,2029,54.89,52.0,74.74,70.3,True,2.0,YES,False,False,Prohibited,Scaffolded,2025-10-07 15:00:00,2025-10-29 23:00:00
ASSIGN00278,OFF00220,Contemporary Perspectives on Academic Writing II,Essay,Moderate,1610,1906,45.73,79.11,69.72,94.27,True,2.0,True,False,False,Disclosure Required,Scaffolded,2025-10-16 08:00:00,2025-11-12 00:00:00
ASSIGN00279,OFF00006,Critical Literature Analysis of Quantum Physics,Literature Review,Hard,2401,2786,71.94,66.75,91.2,47.29,True,3.0,True,False,False,Prohibited,Scaffolded,2026-06-22 14:00:00,2026-06-30 03:00:00
ASSIGN00280,OFF00099,Evaluating the Impact of Quantum Physics II,Essay,Easy,1408,1768,62.2,77.65,55.02,81.13,False,0.0,False,False,False,Prohibited,Reflective,2026-09-02 08:00:00,2026-10-10 01:00:00
ASSIGN00281,OFF00141,A Systematic Examination of Inorganic Chemistry II,Research Paper,Hard,2241,2595,58.63,84.77,87.3,54.21,True,5.0,True,False,True,Limited,Multi-Stage,2026-09-05 10:00:00,2026-10-07 04:00:00
ASSIGN00282,OFF00035,Evaluating the Impact of Differential Equations,Essay,Moderate,1074,1384,67.08,88.11,60.82,48.42,False,0.0,True,False,False,Disclosure Required,Reflective,2026-06-24 08:00:00,2026-07-27 22:00:00
ASSIGN00283,OFF00050,Case-Based Evaluation of Inorganic Chemistry,Case Study,Moderate,1372,1762,55.46,46.7,77.23,72.31,True,5.0,True,False,False,Disclosure Required,Project-Based,2026-06-12 17:00:00,2026-07-18 08:00:00
ASSIGN00284,OFF00182,An Investigation into World History II,Research Paper,Moderate,1583,1980,50.59,66.64,71.15,56.27,True,3.0,True,False,False,Limited,Multi-Stage,2027-03-09 15:00:00,2027-03-21 09:00:00
ASSIGN00285,OFF00245,Reflective Analysis of Cultural History II,Essay,Moderate,1044,1354,71.63,58.87,27.39,56.82,True,4.0,True,True,False,Prohibited,oral defense,2026-07-01 10:00:00,2026-07-17 21:00:00
ASSIGN00286,OFF00111,Reflective Analysis of Modern History II,Essay,Moderate,1594,1830,31.16,82.84,67.27,80.56,True,2.0,True,False,True,Disclosure Required,Project-Based,2026-06-23 17:00:00,2026-07-09 12:00:00
ASSIGN00287,OFF00071,Case Analysis of Software Engineering II,Case Study,Easy,1704,2097,55.89,38.45,31.44,39.43,True,,False,False,True,Prohibited,Peer-Review,2026-02-12 11:00:00,2026-03-22 06:00:00
ASSIGN00288,OFF00090,Critical Analysis of Political History II,Essay,Moderate,1762,2031,58.4,83.48,51.86,57.35,False,0.0,True,False,False,Prohibited,Scaffolded,2026-02-28 18:00:00,2026-04-10 14:00:00
ASSIGN00289,OFF00212,An Investigation into Development Economics II,Research Paper, Moderate ,2136,2736,51.12,46.43,80.88,53.15,True,4.0,True,False,False,Prohibited,Traditional,2025-09-05 13:00:00,2025-10-04 09:00:00
ASSIGN00290,OFF00192,A Comparative Study of Astrophysics II,Research Paper,Hard,2368,2865,70.8,68.43,84.13,67.84,True,5.0,TRUE,False,True,Prohibited,Scaffolded,06/29/2026 10:00,2026-07-11 19:00:00
ASSIGN00291,OFF00013,Current Research Perspectives on Modern History,Literature Review,Hard,1270,1626,82.09,31.37,67.79,68.09,True,3.0,True,False,False,Allowed,Peer-Review,2026-09-30 15:00:00,2026-11-13 07:00:00
ASSIGN00292,OFF00090,Contemporary Perspectives on Political History II,Essay,Hard,1308,1491,54.8,67.37,67.85,69.35,True,2.0,False,False,False,Prohibited,Reflective,2026-02-21 18:00:00,2026-04-06 08:00:00
ASSIGN00293,OFF00034,Research Analysis of Financial Management,Research Paper,Moderate,1980,2255,31.02,60.21,70.48,58.79,True,2.0,True,False,True,Prohibited,Traditional,2027-02-01 16:00:00,2027-03-12 04:00:00
ASSIGN00294,OFF00080,Case-Based Evaluation of Microeconomics II,Case Study,Easy,1043,1177,55.95,66.51,29.55,39.93,True,3.0,False,False,False,Prohibited,Process-Oriented,2026-01-26 14:00:00,2026-02-20 06:00:00
ASSIGN00295,OFF00161,Experimental Evaluation of Web Application Development II,Lab Report,Moderate,839,932,39.99,47.8,61.08,62.74,True,3.0,True,False,False,Disclosure Required,Scaffolded,2026-06-16 14:00:00,2026-07-22 02:00:00
ASSIGN00296,OFF00229,Evaluating the Impact of Literary Analysis II,Essay,Easy,1688,2100,56.23,51.39,23.32,61.96,True,3.0,False,False,False,Disclosure Required,Reflective,2026-06-11 17:00:00,2026-07-12 09:00:00
ASSIGN00297,OFF00061,Critical Analysis of Research Methods in Psychology,Essay,Moderate,1368,1563,43.82,80.83,52.09,66.11,1,3.0,True,False,False,Allowed,Process-Oriented,2027-02-04 10:00:00,2027-03-09 01:00:00
ASSIGN00298,OFF00055,A Comparative Study of Modern Physics, RESEARCH PAPER ,Moderate,2200,2640,43.34,88.27,67.99,57.05,True,6.0,True,True,False,Disclosure Required,Scaffolded,2025-09-24 15:00:00,2025-11-09 06:00:00
ASSIGN00299,OFF00158,Exploring the Role of Modern History II,Essay,Easy,875,1062,38.01,78.84,22.77,57.87,False,0.0,True,False,True,Prohibited,Peer-Review,2026-02-27 15:00:00,2026-03-07 03:00:00
ASSIGN00300,OFF00014,Applied Case Analysis of Classical Mechanics,Case Study,Easy,1976,2404,50.99,75.98,50.33,57.65,True,3.0,True,False,False,Prohibited,Peer-Review,2026-03-14 17:00:00,2026-04-19 02:00:00
ASSIGN00301,OFF00169,Laboratory Investigation of Creative Writing II,Lab Report,Hard,1655,1931,50.51,46.77,62.77,60.39,True,3.0,False,False,False,Disclosure Required,Reflective,2026-10-03 14:00:00,2026-10-21 04:00:00
ASSIGN00302,OFF00214,Evidence-Based Study of Computer Networks II,Research Paper, Easy ,2617,3003,61.5,49.48,67.1,100.0,True,9.0,True,False,False,Allowed,Reflective,2026-10-12 15:00:00,2026-11-04 11:00:00
ASSIGN00303,OFF00063,Case-Based Evaluation of Data Structures,Case Study,Moderate,1351,1724,39.2,57.88,35.47,79.02,True,5.0,True,False,True,Limited,Peer-Review,2025-09-07 17:00:00,2025-10-09 06:00:00
ASSIGN00304,OFF00126,Critical Analysis of Astrophysics II,Essay,Hard,1570,1950,67.87,79.29,38.44,66.06,False,0.0,False,False,NO,Limited,Traditional,2026-10-14 11:00:00,2026-11-08 03:00:00
ASSIGN00305,OFF00182,Case-Based Evaluation of World History II,Case Study,Easy,1964,2388,59.48,43.62,45.13,55.2,True,7.0,True,False,True,Prohibited,Traditional,2027-02-12 15:00:00,2027-03-06 06:00:00
ASSIGN00306,OFF00032,Exploring the Role of Financial Management,Essay,Hard,1215,1429,120.0,76.53,66.75,59.85,True,3.0,True,False,True,Prohibited,Peer-Review,2025-10-17 17:00:00,2025-11-08 01:00:00
ASSIGN00307,OFF00241,Case-Based Evaluation of Financial Management II,Case Study,Moderate,1549,1989,55.61,45.24,57.77,83.61,True,2.0,True,False,True,Allowed,Peer-Review,2026-10-14 15:00:00,2026-11-02 01:00:00
ASSIGN00308,OFF00102,A Systematic Examination of Analytical Chemistry II,Research Paper,Easy,2506,3237,47.53,60.68,74.85,59.02,True,,True,False,False,Limited,Traditional,2026-03-02 11:00:00,2026-03-23 00:00:00
ASSIGN00309,OFF00235,Laboratory Investigation of Genetics II,Lab Report,Moderate,1618,2039,57.52,93.79,35.73,85.57,True,5.0,True,False,False,Allowed,Peer-Review,2026-03-13 15:00:00,2026-03-26 04:00:00
ASSIGN00310,OFF00016,Review of Research on Classical Mechanics,Literature Review,Easy,1545,1750,31.88,53.54,88.07,53.24,True,3.0,True,True,False,Limited,Oral Defense,2025-09-22 13:00:00,2025-09-29 21:00:00
ASSIGN00311,OFF00168,Reflective Analysis of Historical Research Methods II,Essay,Moderate,1388,1537,44.09,65.41,78.28,63.71,True,4.0,True,False,False,Limited,Scaffolded,2026-09-05 15:00:00,2026-10-15 06:00:00
ASSIGN00312,OFF00020,,Literature Review,Moderate,1851,2132,63.17,46.08,93.15,67.52,True,5.0,True,False,False,Prohibited,Reflective,2026-10-04 10:00:00,2026-10-15 05:00:00
ASSIGN00313,OFF00250,A Systematic Examination of Literary Analysis II,Research Paper,Moderate,2048,2640,49.88,59.52,71.74,56.89,True,6.0,True,False,True,Limited,Project-Based,2026-08-28 12:00:00,2026-09-24 23:00:00
ASSIGN00314,OFF00239,Current Research Perspectives on Social Psychology II,Literature Review,Hard,2610,3052,55.86,59.95,80.4,59.43,True,10.0,1,False,True,Disclosure Required,Project-Based,2026-06-14 11:00:00,2026-07-06 19:00:00
ASSIGN00315,OFF00127,Contemporary Perspectives on Astrophysics II,Essay,Moderate,1444,1847,76.53,58.26,60.75,53.22,yes,5.0,False,False,False,Prohibited,Multi-Stage,2027-02-06 08:00:00,2027-03-22 00:00:00
ASSIGN00316,OFF00184,Contemporary Perspectives on Financial Management II,Essay,Hard,961,1067,48.99,68.39,33.81,56.91,True,2.0,False,True,False,Prohibited,Multi-Stage,2027-01-22 15:00:00,2027-02-04 04:00:00
ASSIGN00317,OFF00162,Evidence-Based Study of Web Application Development II,RESEARCH PAPER,Hard,1610,2029,59.71,85.37,93.68,62.5,True,3.0,True,False,False,Prohibited,Reflective,2025-10-08 18:00:00,2025-11-04 07:00:00
ASSIGN00318,OFF00120,An Investigation into Physical Chemistry II,Research Paper,Easy,2771,3134,44.37,74.29,89.39,67.8,True,2.0,True,False,False,Disclosure Required,Process-Oriented,2025-09-28 16:00:00,2025-10-10 09:00:00
ASSIGN00319,OFF00085,Current Research Perspectives on Genetics II,Literature Review,Hard,2700,3495,76.31,62.55,75.36,71.79,True,6.0,True,False,False,Limited,Traditional,2026-03-02 12:00:00,2026-03-14 05:00:00
ASSIGN00320,OFF00259,Evaluating the Impact of Rhetoric and Composition II,Essay,Moderate,1678,2099,64.07,59.81,41.48,63.21,False,0.0,False,False,False,Allowed,Multi-Stage,2026-03-03 18:00:00,2026-03-19 06:00:00
ASSIGN00321,OFF00071,An Investigation into Software Engineering II,Research Paper,Hard,2381,2676,66.85,71.31,77.32,100.0,True,8.0,True,False,False,Limited,Process-Oriented,2026-02-06 13:00:00,2026-02-21 21:00:00
ASSIGN00322,OFF00010,Evidence-Based Study of Modern History,Research Paper,Hard,2140,2371,81.47,85.91,69.62,60.69,True,4.0,True,False,False,Limited,Peer-Review,2025-10-09 18:00:00,2025-11-12 11:00:00
ASSIGN00323,OFF00135,Research Analysis of Probability and Statistics II,Research Paper, Easy ,1888,2335,49.0,81.48,85.78,87.54,True,6.0,True,True,False,Prohibited,Multi-Stage,2027-01-23 09:00:00,2027-02-01 18:00:00
ASSIGN00324,OFF00108,Case Analysis of Computer Networks II,Case Study,Moderate,1196,1518,37.19,42.91,63.96,62.02,True,3.0,True,False,False,Prohibited,Process-Oriented,2026-06-14 14:00:00,2026-07-07 06:00:00
ASSIGN00325,OFF00038,Research Analysis of Microbiology,Research Paper,,2949,3559,53.89,81.59,75.57,75.75,True,7.0,True,False,False,Prohibited,Peer-Review,2026-03-03 08:00:00,16-04-2026 22:00
ASSIGN00326,OFF00123,Critical Reflection on Principles of Management II,Reflective Report,Hard,25000,1563,71.81,58.6,42.81,62.43,True,2.0,True,False,False,Prohibited,Scaffolded,2026-03-09 18:00:00,2026-04-21 03:00:00
ASSIGN00327,OFF00237,Evidence-Based Study of Genetics II,Research Paper,Moderate,2438,2784,29.94,84.68,77.6,65.51,True,2.0,True,False,False,Limited,Traditional,30/09/2026 11:00,2026-10-11 07:00:00
ASSIGN00328,OFF00037,Analysis of Laboratory Results Differential Equations,Lab Report,Hard,1765,2209,47.54,85.3,50.44,26.78,False,0.0,True,False,False,Limited,Reflective,2026-02-17 15:00:00,2026-03-02 03:00:00
ASSIGN00329,OFF00167,Experimental Evaluation of Historical Research Methods II,Lab Report,Moderate,1590,1869,49.06,69.72,48.03,57.72,True,4.0,True,False,False,Prohibited,Peer-Review,2027-02-12 14:00:00,2027-02-22 03:00:00
ASSIGN00330,OFF00074,Critical Literature Analysis of Cybersecurity Fundamentals II,Literature Review,Moderate,1821,2093,52.48,57.18,87.51,30.69,True,3.0,True,False,False,Prohibited,Traditional,2026-08-28 08:00:00,2026-09-12 21:00:00
ASSIGN00331,OFF00205,Evidence-Based Study of Business Analytics II,Research Paper,Hard,1938,2224,48.65,69.09,79.09,63.77,True,2.0,True,False,False,Limited,Scaffolded,2026-06-23 15:00:00,2026-07-23 07:00:00
ASSIGN00332,OFF00016,Critical Analysis of Classical Mechanics,Essay,Hard,1659,1962,44.8,69.7,42.27,73.03,True,3.0,True,False,True,Limited, Traditional ,2025-09-20 12:00:00,2025-10-19 01:00:00
ASSIGN00333,OFF00075,Strategic Case Study: Research Methods in Psychology II,Case Study,Hard,1605,1954,84.35,53.12,21.88,51.37,False,0.0,False,False,True,Limited, Project-Based ,2026-09-11 16:00:00,2026-10-21 07:00:00
ASSIGN00334,OFF00097,A Comparative Study of Social Psychology II,Research Paper,Easy,1939,2138,58.58,80.34,88.95,62.55,True,2.0,True,False,False,Limited,Reflective,2027-01-22 17:00:00,2027-02-04 05:00:00
ASSIGN00335,OFF00200,Research Analysis of Modern History II,Research Paper,Moderate,2766,3560,44.36,63.13,94.58,74.4,True,11.0,True,False,False,Prohibited,Scaffolded,2026-02-27 18:00:00,2026-04-02 07:00:00
ASSIGN00336,OFF00104,Research Analysis of Analytical Chemistry II,Research Paper,Moderate,2548,3118,47.88,75.01,85.8,53.81,True,4.0,True,True,True,Limited,Peer-Review,2025-09-18 10:00:00,2025-10-24 06:00:00
ASSIGN00337,OFF00027,Applied Case Analysis of Modern History,Case Study,Easy,1339,1507,51.1,33.48,22.24,56.23,True,2.0,False,False,False,Prohibited,Traditional,2026-06-16 13:00:00,2026-06-29 07:00:00
ASSIGN00338,OFF00223,Laboratory Investigation of Econometrics II,Lab Report,Moderate,1237,1386,50.7,38.85,48.08,59.05,False,0.0,False,False,False,Prohibited,Traditional,2026-03-08 16:00:00,2026-03-23 02:00:00
ASSIGN00339,OFF00043,Experimental Evaluation of Genetics,Lab Report,Moderate,1301,1631,61.39,45.54,47.01,59.53,False,0.0,True,False,False,Prohibited,Multi-Stage,2025-09-27 14:00:00,2025-10-25 06:00:00
ASSIGN00340,OFF00024,A Comparative Study of Organizational Behavior,Research Paper,Easy,1796,2033,36.67,62.18,94.31,64.9,True,5.0,True,True,False,Limited,Oral Defense,2025-09-09 09:00:00,2025-10-02 00:00:00
ASSIGN00341,OFF00033,An Investigation into Financial Management,Research Paper,Moderate,1585,1815,59.5,46.97,67.21,77.06,True,5.0,True,False,True,Prohibited,Process-Oriented,2026-10-06 17:00:00,2026-10-21 05:00:00
ASSIGN00342,OFF00001,Experimental Evaluation of Inorganic Chemistry,Lab Report,Moderate,1537,1692,44.27,48.59,32.98,75.57,True,2.0,False,False,False,Disclosure Required,Process-Oriented,2026-10-03 17:00:00,2026-10-19 12:00:00
ASSIGN00343,OFF00196,Critical Literature Analysis of Research Methods in Psychology II,Literature Review,Moderate,2547,3146,83.37,58.17,69.29,57.63,True,5.0,True,False,False,Limited,Reflective,2026-02-09 09:00:00,2026-02-18 20:00:00
ASSIGN00344,OFF00172,Critical Analysis of Creative Writing II,Essay,Easy,1573,1752,52.78,76.32,26.22,43.96,False,0.0,False,False,False,Prohibited,Process-Oriented,2025-09-02 11:00:00,2025-09-20 00:00:00
ASSIGN00345,OFF00231,Research Analysis of Literary Analysis II,Research Paper,Moderate,1504,1747,33.74,76.04,78.51,72.94,True,2.0,True,False,True,Prohibited,Peer-Review,2025-10-18 14:00:00,2025-11-23 23:00:00
ASSIGN00346,OFF00174,,Case Study,Moderate,2078,2374,55.67,59.77,21.31,59.45,True,3.0,False,False,True,Limited,Peer-Review,2026-03-11 10:00:00,2026-04-16 23:00:00
ASSIGN00347,OFF00109,Laboratory Investigation of Computer Networks II,Lab Report,Hard,1631,2030,81.21,77.32,30.96,55.33,True,6.0,False,False,False,Limited,Scaffolded,2027-02-18 08:00:00,2027-04-04 19:00:00
ASSIGN00348,OFF00009,Analysis of Laboratory Results Quantum Physics,Lab Report,Moderate,1505,1880,31.11,48.9,64.96,78.18,True,,True,False,True,Disclosure Required,Multi-Stage,2026-09-10 10:00:00,2026-10-15 06:00:00
ASSIGN00349,OFF00200,Evidence-Based Study of Modern History II,Research Paper,Hard,2939,3612,74.92,72.15,66.36,30.33,True,2.0,True,False,False,Prohibited,Scaffolded,2026-01-27 08:00:00,2026-03-10 01:00:00
ASSIGN00350,OFF00255,Case-Based Evaluation of Microeconomics II,Case Study,Moderate,1193,1351,39.6,66.57,33.55,38.81,True,3.0,False,True,False,Allowed,Traditional,2026-02-20 17:00:00,2026-03-19 09:00:00
ASSIGN00351,OFF00179,Case Analysis of Astrophysics II,Case Study,Moderate,2062,2511,50.31,41.4,50.53,74.81,True,5.0,True,False,True,Allowed,Project-Based,2027-03-13 15:00:00,2027-03-21 11:00:00
ASSIGN00352,OFF00240,An Investigation into Social Psychology II,RESEARCH PAPER,Hard,1954,2404,39.99,65.48,74.4,67.35,True,2.0,True,False,False,Disclosure Required,reflective,2026-09-24 16:00:00,2026-10-08 01:00:00
ASSIGN00353,OFF00255,A Systematic Examination of Microeconomics II,Research Paper,Moderate,2366,2996,44.73,79.04,94.78,41.88,True,6.0,True,False,True,Prohibited,Reflective,2026-02-09 09:00:00,2026-03-10 22:00:00
ASSIGN00354,OFF00142,An Investigation into Inorganic Chemistry II,Research Paper,Moderate,1975,2264,33.17,65.1,84.86,70.05,True,4.0,True,False,False,Allowed,Reflective,2026-06-22 10:00:00,2026-07-07 03:00:00
ASSIGN00355,OFF00044,Laboratory Investigation of Genetics,Lab Report,Moderate,1132,1409,57.69,52.59,42.61,51.2,False,0.0,False,False,False, Limited ,,2026-09-07 14:00:00,2026-10-10 03:00:00
ASSIGN00356,OFF00152,Applied Case Analysis of Rhetoric and Composition II,Case Study,Moderate,1978,2431,41.04,66.59,47.38,95.32,True,6.0,True,False,False,Prohibited,,2025-09-28 10:00:00,2025-10-18 06:00:00
ASSIGN00357,OFF00218,Literature Review on Genetics II,Literature Review,Moderate,1874,2424,59.13,55.16,72.31,47.69,True,5.0,True,True,False,Limited,Oral Defense,2027-02-25 15:00:00,2027-03-10 03:00:00
ASSIGN00358,OFF00199,Personal Learning Reflection on Modern History II,Reflective Report,Hard,980,1190,67.95,44.72,67.46,84.71,False,0.0,True,False,True,Prohibited,Multi-Stage,2025-09-20 16:00:00,2025-10-04 07:00:00
ASSIGN00359,OFF00078,Current Research Perspectives on Physical Chemistry II,Literature Review,Moderate,1456,1636,58.4,49.14,86.51,47.63,True,3.0,True,False,True,Limited,Multi-Stage,2025-09-20 12:00:00,2025-10-23 00:00:00
ASSIGN00360,OFF00244,Reflective Analysis of Cultural History II,Essay,Moderate,1510,1840,52.72,47.47,20.93,60.28,False,0.0,True,False,True,Disclosure Required,Peer-Review,2026-10-04 11:00:00,2026-10-28 05:00:00
ASSIGN00361,OFF00071,An Investigation into Software Engineering II,Research Paper,Hard,1702,2118,71.23,59.31,94.57,64.4,True,4.0,True,False,False,Prohibited,Multi-Stage,2026-01-30 17:00:00,2026-02-10 06:00:00
ASSIGN00362,OFF00054,Experimental Analysis of Microbiology,Lab Report,Easy,809,891,84.95,23.18,53.34,53.42,False,0.0,False,False,False,Prohibited,Process-Oriented,2025-09-17 14:00:00,2025-09-29 04:00:00
ASSIGN00363,OFF00261,Review of Research on Rhetoric and Composition II,Literature Review,Moderate,2350,2706,46.12,42.04,72.57,71.79,True,2.0,True,False,True,Prohibited,Process-Oriented,2027-03-05 16:00:00,2027-04-14 02:00:00
ASSIGN00364,OFF00007,Experimental Evaluation of Quantum Physics,Lab Report,Moderate,1468,1859,58.1,50.68,51.86,67.04,False,0.0,False,False,True,Disclosure Required,Multi-Stage,2027-01-25 08:00:00,2027-02-18 02:00:00
ASSIGN00365,OFF00142,Laboratory Investigation of Inorganic Chemistry II,Lab Report,Moderate,1654,2133,23.04,57.09,38.58,67.9,False,0.0,False,False,False,Prohibited,Peer-Review,2026-06-15 10:00:00,2026-06-27 06:00:00
ASSIGN00366,OFF00146,Critical Literature Analysis of Thermodynamics II,Literature Review,Easy,1636,2045,39.6,74.28,80.79,63.89,True,3.0,True,False,True,Prohibited,Multi-Stage,2025-08-29 10:00:00,2025-09-18 00:00:00
ASSIGN00367,OFF00037,Case Analysis of Differential Equations,Case Study,Moderate,1893,2312,53.38,49.39,45.41,40.24,True,3.0,False,False,False,Prohibited,Process-Oriented,2026-01-31 11:00:00,2026-03-16 05:00:00
ASSIGN00368,OFF00225,Applied Case Analysis of Econometrics II,Case Study,Moderate,1367,1770,34.81,45.85,28.39,79.73,False,0.0,True,False,False,Prohibited,Multi-Stage,2027-02-28 11:00:00,2027-04-06 04:00:00
ASSIGN00369,OFF00085,Analysis of Laboratory Results Genetics II,Lab Report,Moderate,1357,1722,43.13,53.09,35.79,71.82,True,4.0,True,False,False,Limited,Multi-Stage,2026-03-11 11:00:00,2026-04-15 07:00:00
ASSIGN00370,OFF00202,Experimental Evaluation of Social Psychology II,Lab Report,Hard,937,1044,53.01,35.96,57.41,54.81,True,3.0,True,True,False,Prohibited,Reflective,2026-02-21 09:00:00,2026-03-21 22:00:00
ASSIGN00371,OFF00094,Laboratory Investigation of Introduction to Psychology II,Lab Report,Moderate,814,1020,38.86,33.69,61.84,77.93,False,0.0,True,False,False,Prohibited,Scaffolded,2026-02-13 17:00:00,2026-02-27 12:00:00
ASSIGN00372,OFF00253,Critical Analysis of Microbiology II,Essay,Moderate,1777,2093,58.78,53.76,34.12,67.51,True,4.0,True,False,True,Prohibited,Multi-Stage,2026-02-23 12:00:00,2026-03-07 04:00:00
ASSIGN00373,OFF00014,Contemporary Perspectives on Classical Mechanics,Essay,Moderate,1473,1802,45.17,68.2,54.07,65.5,True,4.0,False,False,False,Prohibited,Scaffolded,2026-02-22 17:00:00,2026-03-22 13:00:00
ASSIGN00374,OFF00102,Reflective Analysis of Analytical Chemistry II,Essay,Hard,1635,1846,42.81,40.12,63.19,65.3,True,5.0,True,False,False,Prohibited,Process-Oriented,2026-01-22 11:00:00,2026-03-04 01:00:00
ASSIGN00375,OFF00148,Personal Learning Reflection on Thermodynamics II,Reflective Report,Moderate,1368,1631,44.18,66.66,45.87,55.26,True,2.0,True,False,True,Prohibited,Reflective,2026-02-25 08:00:00,2026-03-27 22:00:00
ASSIGN00376, OFF00038 ,Exploring the Role of Microbiology,Essay,Hard,1516,1711,64.82,44.84,77.84,65.39,True,3.0,False,True,False,Prohibited,Oral Defense,2026-03-14 09:00:00,2026-03-24 00:00:00
ASSIGN00377,OFF00027,Experimental Evaluation of Modern History,Lab Report,Easy,1603,1836,11.63,38.92,44.94,57.71,True,2.0,False,False,True,Prohibited,Peer-Review,2026-06-30 15:00:00,2026-07-08 07:00:00
ASSIGN00378,OFF00147,Contemporary Perspectives on Thermodynamics II,Essay,Moderate,25000,2035,22.35,88.95,46.21,63.53,True,2.0,True,False,False,Prohibited,Multi-Stage,2026-09-06 17:00:00,2026/10/04 06:00:00
ASSIGN00379,OFF00204,Critical Analysis of Social Psychology II,Essay,Moderate,818,1056,38.62,98.22,73.1,-5.0,True,2.0,True,False,False,Limited,Reflective,2025-09-24 10:00:00,2025-10-15 05:00:00
ASSIGN00380,OFF00242,Contemporary Perspectives on Financial Management II,Essay,Moderate,1262,1422,55.23,66.38,34.44,56.63,True,3.0,False,True,False,Disclosure Required,Project-Based,2026-03-03 12:00:00,2026-03-23 03:00:00
ASSIGN00381,OFF00178,Current Research Perspectives on Astrophysics II,Literature Review,Moderate,2090,2619,52.83,10.0,69.25,36.62,True,5.0,True,False,True,Prohibited,,2026-06-18 09:00:00,2026-07-23 05:00:00
ASSIGN00382,OFF00193,Experimental Evaluation of Astrophysics II,Lab Report,Hard,1665,2073,42.13,13.8,40.69,71.68,True,2.0,False,False,False,Prohibited,Reflective,2026-02-15 09:00:00,2026-03-21 23:00:00
ASSIGN00383,OFF00208,,Lab Report,Easy,1288,1491,38.14,67.05,55.7,60.62,True,5.0,True,False,False,Limited,Process-Oriented,2025-10-11 10:00:00,2025-11-20 18:00:00
ASSIGN00384,OFF00201,Research Analysis of Modern History II,Research Paper,Easy,1512,1759,35.61,66.5,65.54,79.18,TRUE,3.0,True,False,False,Limited,Multi-Stage,2026-09-03 13:00:00,2026-09-21 08:00:00
ASSIGN00385,OFF00183,Research Analysis of Financial Management II,Research Paper,Moderate,2926,3313,43.76,86.21,84.82,78.95,True,9.0,True,False,False,Prohibited,Traditional,2026-03-04 15:00:00,2026-03-31 02:00:00
ASSIGN00386,OFF00040,Critical Reflection on Microbiology,Reflective Report,Moderate,1416,1798,38.9,60.15,38.36,54.32,False,0.0,True,False,False,Limited, Peer-Review ,2026-08-29 09:00:00,2026-09-10 18:00:00
ASSIGN00387,OFF00107,Strategic Case Study: Computer Networks II,Case Study,Hard,1654,1986,44.42,25.17,46.12,55.0,True,5.0,True,True,False,Prohibited,Oral Defense,2026-09-13 16:00:00,2026-10-28 00:00:00
ASSIGN00388,OFF00207,Reflective Analysis of Business Analytics II,Essay,Hard,1167,1470,25.91,50.39,52.02,69.54,False,0.0,True,False,False,Prohibited,Scaffolded,2026-02-10 10:00:00,2026-03-01 03:00:00
ASSIGN00389,OFF00210,Evidence-Based Study of Macroeconomics II,Research Paper,Moderate,2917,3656,26.39,86.46,84.82,71.09,True,7.0,True,False,True,Limited,Peer-Review,2026-06-29 14:00:00,2026-07-21 03:00:00
ASSIGN00390,OFF00100,Experimental Analysis of Quantum Physics II,Lab Report,Moderate,880,986,74.9,78.07,36.59,73.21,True,3.0,True,True,True,Limited,Project-Based,2025-09-06 15:00:00,2025-09-30 04:00:00
ASSIGN00391,OFF00204,Reflective Analysis of Social Psychology II,Essay,Moderate,1362,1653,38.21,42.18,73.53,39.94,True,4.0,True,False,True,Disclosure Required,Scaffolded,2025-10-09 10:00:00,2025-10-27 19:00:00
ASSIGN00392,OFF00243,Exploring the Role of Financial Management II,Essay,,1409,1768,76.48,44.63,23.65,58.78,False,0.0,True,False,False,Prohibited,Scaffolded,2026-06-27 18:00:00,2026-07-23 10:00:00
ASSIGN00393,OFF00026,Analysis of Laboratory Results Modern History,Lab Report,Moderate,1715,1982,65.07,33.89,61.59,81.8,False,0.0,False,False,False,Limited,Scaffolded,2027-02-19 09:00:00,2027-03-20 04:00:00
ASSIGN00394,OFF00147,Reflective Report on Thermodynamics II,Reflective Report,Hard,1576,2001,61.07,70.3,32.67,57.71,True,6.0,False,False,True,Limited,Peer-Review,2026-10-05 16:00:00,2026-11-07 08:00:00
ASSIGN00395,OFF00112,Experimental Evaluation of Modern History II, Lab Report ,Hard,1180,1526,48.25,57.44,46.36,70.59,False,0.0,True,False,False,Prohibited,Traditional,2026-02-09 17:00:00,2026-03-26 10:00:00
ASSIGN00396,OFF00108,Current Research Perspectives on Computer Networks II,Literature Review,Moderate,2600,3328,58.11,62.25,84.78,55.64,True,8.0,True,False,False,Prohibited,Reflective,2026-06-29 10:00:00,2026-07-19 20:00:00
ASSIGN00397,OFF00046,Applied Case Analysis of Behavioral Science,Case Study,Hard,1583,1948,70.58,60.62,37.86,68.29,True,4.0,True,False,True,Disclosure Required,Process-Oriented,2026-06-18 13:00:00,2026-07-28 00:00:00
ASSIGN00398,OFF00189,Learning Experience Analysis: Business Analytics II,Reflective Report,Moderate,1582,1919,40.97,72.51,23.25,32.22,False,0.0,False,False,False,Limited,,2026-10-14 11:00:00,2026-11-22 00:00:00
ASSIGN00399,OFF00189,Case Analysis of Business Analytics II,Case Study,Hard,1147,1348,67.83,30.49,51.57,62.46,False,0.0,True,False,False,Allowed,Reflective,2026-09-09 08:00:00,2026-10-15 02:00:00
ASSIGN00400,OFF00127,Review of Research on Astrophysics II,Literature Review,Hard,2153,2780,55.9,47.91,67.82,38.89,True,5.0,True,False,True,Limited,Project-Based,2027-02-22 16:00:00,2027-03-15 06:00:00
ASSIGN00401,OFF00210,Reflective Analysis of Macroeconomics II,Essay,Easy,1528,1833,57.76,80.84,36.95,47.51,True,2.0,True,False,True,Disclosure Required,Peer-Review,2026-06-16 11:00:00,2026-06-29 07:00:00
ASSIGN00402,OFF00241,Personal Learning Reflection on Financial Management II,Reflective Report,Moderate,1102,1281,-10.0,53.52,29.52,73.31,True,3.0,True,False,TRUE,Limited,Peer-Review,2026-10-04 08:00:00,2026-10-23 18:00:00
ASSIGN00403,OFF00084,An Investigation into Genetics II,Research Paper,Moderate,1653,1914,46.18,64.11,88.77,59.93,True,4.0,True,False,True,Disclosure Required,Peer-Review,2026-06-22 13:00:00,2026-07-22 04:00:00
ASSIGN00404,OFF00016,Personal Learning Reflection on Classical Mechanics,Reflective Report,Easy,741,876,37.12,72.17,48.22,84.91,True,3.0,True,False,False,Prohibited,Reflective,2025-10-18 15:00:00,20/11/2025 00:00
ASSIGN00405,OFF00170,Exploring the Role of Creative Writing II,Essay,Moderate,1749,2155,33.76,76.54,25.59,61.37,True,5.0,True,False,False,Prohibited,Traditional,2026-01-28 10:00:00,2026-02-14 20:00:00
ASSIGN00406,OFF00121,Case Analysis of Physical Chemistry II,Case Study,Moderate,1054,1236,46.24,67.85,37.76,77.03,True,3.0,True,False,False,Limited,Project-Based,2026-03-14 13:00:00,2026-04-28 02:00:00
ASSIGN00407,OFF00199,Exploring the Role of Modern History II,Essay,Moderate,1522,1775,47.31,81.11,20.4,36.41,True,5.0,False,False,False,Limited,Reflective,2025-09-23 11:00:00,2025-11-06 06:00:00
ASSIGN00408,OFF00213,Reflective Analysis of Development Economics II,Essay,Moderate,1220,1350,14.24,56.64,51.17,47.1,True,2.0,False,False,False,Allowed,Multi-Stage,2027-02-17 17:00:00,2027-02-26 03:00:00
ASSIGN00409,OFF00242,Critical Analysis of Financial Management II,Essay,Moderate,1183,1525,43.56,84.3,60.59,59.05,True,4.0,True,False,False,Prohibited,Traditional,2026-01-26 13:00:00,2026-02-08 23:00:00
ASSIGN00410,OFF00042,Reflective Analysis of Genetics,Essay,Moderate,1013,1165,61.28,80.95,56.7,35.92,True,4.0,True,True,False,Prohibited,Oral Defense,2027-01-25 16:00:00,2027-02-14 10:00:00
ASSIGN00411,OFF00216,Strategic Case Study: Genetics II,Case Study,Hard,1148,1432,72.98,64.99,29.45,81.03,False,0.0,False,True,True,Disclosure Required,Oral Defense,2026-06-18 08:00:00,2026-07-25 17:00:00
ASSIGN00412,OFF00180,Exploring the Role of World History II,Essay,Moderate,1686,1873,46.02,68.87,53.55,64.85,False,0.0,True,False,False,Limited,Scaffolded,2026-01-25 13:00:00,2026-02-20 06:00:00
ASSIGN00413,OFF00101,Evidence-Based Study of Quantum Physics II,Research Paper,Moderate,2596,3317,46.59,52.3,88.68,50.72,True,4.0,True,True,True,Prohibited,Oral Defense,2026-06-27 08:00:00,2026-07-06 18:00:00
ASSIGN00414,OFF00118,Reflective Report on Principles of Management II,Reflective Report,Moderate,998,1149,57.11,65.75,62.22,64.55,True,3.0,True,True,False,Prohibited,Oral Defense,2026-06-11 17:00:00,2026-07-15 12:00:00
ASSIGN00415,OFF00172,Applied Case Analysis of Creative Writing II,Case Study,Hard,1543,1833,79.42,49.18,61.69,45.9,YES,5.0,False,False,True,Limited,Peer-Review,2025-10-11 12:00:00,2025-11-18 03:00:00
ASSIGN00416,OFF00139,Exploring the Role of Academic Writing II,Essay,Easy,1513,1875,81.14,63.57,36.36,57.7,True,6.0,True,False,True,Disclosure Required,Traditional,2026-06-27 17:00:00,2026-07-19 03:00:00
ASSIGN00417,OFF00150,An Investigation into Genetics II,Research Paper,Moderate,1625,2046,52.33,65.94,69.09,62.12,True,2.0,True,True,False,Limited,Oral Defense,2027-03-07 18:00:00,2027-04-08 06:00:00
ASSIGN00418,OFF00199,Evidence-Based Study of Modern History II,Research Paper,Easy,1901,2420,39.52,82.62,67.24,79.82,True,6.0,True,True,False,Disclosure Required,Multi-Stage,2025-09-29 08:00:00,2025-10-18 17:00:00
ASSIGN00419,OFF00078,Research Analysis of Physical Chemistry II,Research Paper, Hard ,2682,3399,90.34,97.56,84.08,33.42,True,3.0,True,True,False,Limited,Oral Defense,2025-09-08 12:00:00,2025-09-24 04:00:00
ASSIGN00420,OFF00107,Critical Analysis of Computer Networks II,Essay,Moderate,1502,1733,57.22,50.32,70.31,82.38,False,0.0,True,False,False,Prohibited,Process-Oriented,2026-08-28 16:00:00,2026-10-03 00:00:00
ASSIGN00421,OFF00123,An Investigation into Principles of Management II,Research Paper,Moderate,2982,3688,52.92,57.13,79.58,46.04,True,3.0,True,False,True,Limited,Process-Oriented,2026-03-09 08:00:00,2026-04-15 20:00:00
ASSIGN00422,OFF00189,,Research Paper,Moderate,2622,3187,38.26,56.01,86.96,83.03,True,,True,False,True,Disclosure Required,Multi-Stage,2026-09-01 18:00:00,2026-09-12 07:00:00
ASSIGN00423,OFF00171,Contemporary Perspectives on Creative Writing II,Essay,Hard,1384,1778,64.15,53.15,23.07,69.45,True,2.0,NO,False,False, Disclosure Required ,Scaffolded,2026-06-22 08:00:00,07/03/2026 21:00
ASSIGN00424,OFF00040,Analysis of Laboratory Results Microbiology,Lab Report,Easy,1170,1451,54.18,46.17,51.62,81.9,True,3.0,TRUE,True,False,Disclosure Required,Oral Defense,2026-10-05 17:00:00,2026-11-12 05:00:00
ASSIGN00425,OFF00114,Strategic Case Study: Differential Equations II, Case Study ,Moderate,1683,2066,57.06,55.87,72.09,35.86,True,4.0,True,False,False,Disclosure Required,Scaffolded,2026-09-05 14:00:00,2026-09-29 08:00:00
ASSIGN00426,OFF00123,Evaluating the Impact of Principles of Management II,Essay,Easy,1091,1224,43.5,78.52,66.71,69.25,True,3.0,True,True,False,Prohibited, Peer-Review ,2026-03-12 17:00:00,2026-04-03 08:00:00
ASSIGN00427,OFF00094,Critical Literature Analysis of Introduction to Psychology II,Literature Review,Moderate,2374,2977,49.99,59.09,85.6,70.53,True,8.0,True,False,True,Limited,Scaffolded,2026-03-12 08:00:00,2026-04-21 21:00:00
ASSIGN00428,OFF00006,Laboratory Investigation of Quantum Physics,Lab Report,Easy,1637,1899,60.86,54.69,53.01,75.2,False,0.0,True,False,True,Prohibited,Multi-Stage,2026-06-30 08:00:00,2026-07-23 16:00:00
ASSIGN00429,OFF00107,Critical Reflection on Computer Networks II,Reflective Report,Hard,1215,1433,74.45,68.74,36.99,64.53,True,4.0,True,False,True,Limited,Reflective,2026-09-23 11:00:00,2026-10-11 23:00:00
ASSIGN00430,OFF00053,Case-Based Evaluation of Microbiology,Case Study,Moderate,1903,2373,51.16,31.34,26.56,41.83,False,0.0,True,False,False,Disclosure Required,Traditional,2026-01-26 16:00:00,2026-02-19 06:00:00
ASSIGN00431,OFF00231,Current Research Perspectives on Literary Analysis II,Literature Review,Moderate,2568,3336,57.56,58.36,74.65,64.62,True,8.0,True,False,True,Limited,Project-Based,2025-09-04 16:00:00,2025-09-25 00:00:00
ASSIGN00432,OFF00079,Strategic Case Study: Physical Chemistry II,Case Study,Easy,1563,1935,55.33,59.85,71.09,71.53,True,4.0,False,True,True,Disclosure Required,Oral Defense,2026-09-05 13:00:00,2026-10-14 07:00:00
ASSIGN00433,OFF00227,Contemporary Perspectives on Econometrics II,Essay,Hard,1103,1333,73.41,50.56,29.84,89.69,True,4.0,False,False,False,Prohibited,Scaffolded,2026-06-15 09:00:00,2026-07-11 00:00:00
ASSIGN00434,OFF00084,Analysis of Laboratory Results Genetics II,Lab Report,Moderate,1615,1875,54.85,64.03,30.17,73.77,True,4.0,YES,False,False,Limited,Scaffolded,2026-06-26 10:00:00,2026-07-05 22:00:00
ASSIGN00435,OFF00087,Exploring the Role of Artificial Intelligence II,Essay,Easy,1144,1380,34.54,59.7,68.52,57.13,True,3.0,True,True,False,Disclosure Required,Oral Defense,2025-10-06 16:00:00,2025-11-16 10:00:00
ASSIGN00436,OFF00063,An Investigation into Data Structures,Research Paper,Hard,2574,3068,82.23,55.56,79.12,46.21,True,6.0,True,False,False,Disclosure Required,Reflective,2025-09-01 11:00:00,2025-09-25 19:00:00
ASSIGN00437,OFF00043,Personal Learning Reflection on Genetics,Reflective Report,Hard,839,1044,71.44,96.29,54.87,52.38,True,3.0,True,False,False,Prohibited,Traditional,2025-09-18 18:00:00,2025-09-30 13:00:00
ASSIGN00438,OFF00147,Research Analysis of Thermodynamics II, Research Paper ,Hard,2556,3119,86.5,81.2,68.33,58.68,True,9.0,True,False,False,Disclosure Required,Reflective,2026-10-04 11:00:00,2026-11-08 06:00:00
ASSIGN00439,OFF00061,Evidence-Based Study of Research Methods in Psychology,Research Paper,,1643,2129,45.16,64.94,77.29,53.13,True,2.0,True,False,True,Disclosure Required,Multi-Stage,2027-03-13 15:00:00,2027-03-22 09:00:00
ASSIGN00440,OFF00026,Evidence-Based Study of Modern History,Research Paper,Moderate,1561,1987,68.0,69.5,94.03,72.22,True,4.0,True,False,True,Prohibited,Process-Oriented,2027-02-05 11:00:00,2027-02-15 22:00:00
ASSIGN00441,OFF00125,Reflective Report on Astrophysics II,Reflective Report,Easy,1366,1698,57.32,60.4,74.51,66.08,True,4.0,True,YES,False,Limited,Oral Defense,2025-09-23 11:00:00,2025-10-05 07:00:00
ASSIGN00442,OFF00051,Contemporary Perspectives on Inorganic Chemistry,Essay,Easy,1356,1681,65.02,68.86,49.49,61.01,False,0.0,True,no,False,Disclosure Required,Scaffolded,2026-02-17 09:00:00,2026-03-17 04:00:00
ASSIGN00443,OFF00221,A Systematic Examination of Academic Writing II,Research Paper,Hard,2178,2619,75.35,50.5,76.3,31.95,True,6.0,True,False,False,Prohibited,Peer-Review,2026-06-11 10:00:00,2026-07-24 04:00:00
ASSIGN00444,OFF00088,Contemporary Perspectives on Artificial Intelligence II,Essay,Easy,1760,1996,54.32,85.37,59.77,92.03,True,4.0,True,False,False,Allowed, Traditional ,2026-02-15 17:00:00,2026-04-02 09:00:00
ASSIGN00445,OFF00228,Exploring the Role of Econometrics II,Essay,Moderate,960,1246,52.94,82.36,70.44,84.77,False,0.0,True,False,True,Prohibited,Traditional,2025-09-11 18:00:00,2025-09-29 11:00:00
ASSIGN00446,OFF00046,Analysis of Laboratory Results Behavioral Science,Lab Report,Hard,886,1115,65.47,40.38,56.41,53.84,True,3.0,False,False,False,Prohibited,Traditional,20/06/2026 10:00,2026-07-26 05:00:00
ASSIGN00447,OFF00236,Analysis of Laboratory Results Genetics II,Lab Report,Easy,1392,1583,45.58,71.74,35.04,78.98,True,5.0,True,False,True,Limited,Traditional,2025-09-25 16:00:00,2025-10-17 04:00:00
ASSIGN00448,OFF00126,Personal Learning Reflection on Astrophysics II,Reflective Report, Hard ,707,835,61.72,88.68,59.95,71.79,True,3.0,True,False,False,Allowed,Peer-Review,2026-09-26 11:00:00,2026-10-25 01:00:00
ASSIGN00449,OFF00181,Critical Analysis of World History II,Essay,Moderate,1679,2116,46.74,72.66,70.35,71.04,True,4.0,False,True,False,Prohibited,Traditional,2025-10-12 17:00:00,2025-11-19 04:00:00
ASSIGN00450,OFF00251,Critical Reflection on Cell Biology II,Reflective Report,Hard,925,1155,67.05,96.12,60.15,62.75,True,3.0,True,False,True,Disclosure Required,Scaffolded,2025-08-30 10:00:00,2025-09-27 23:00:00
ASSIGN00451,OFF00246,An Investigation into Creative Writing II,Research Paper,Moderate,2736,3407,29.26,74.69,86.01,60.63,True,9.0,True,False,False,Disclosure Required,Project-Based,2027-03-03 08:00:00,2027-03-28 17:00:00
ASSIGN00452,OFF00066,Research Analysis of Thermodynamics II,Research Paper,Hard,2600,3303,44.86,79.97,67.07,15.0,True,9.0,True,False,False,Prohibited,Multi-Stage,2025-09-11 16:00:00,2025-10-14 12:00:00
ASSIGN00453,OFF00258,A Comparative Study of Microeconomics II,Research Paper,Easy,2070,2490,54.33,34.46,92.82,65.08,True,3.0,True,False,False,Limited,Reflective,2026-06-16 10:00:00,2026-06-28 05:00:00
ASSIGN00454,OFF00041,A Systematic Examination of Microbiology,Research Paper,Moderate,2221,2680,58.3,80.98,92.54,77.13,True,3.0,True,True,False,Limited,Scaffolded,2026-06-18 18:00:00,2026-07-12 07:00:00
ASSIGN00455,OFF00174,Literature Review on Genetics II,Literature Review,Moderate,1771,2287,34.18,52.85,77.65,54.48,True,4.0,True,False,True,Limited,Traditional,2026-02-04 08:00:00,2026-02-16 18:00:00
ASSIGN00456,OFF00134,Exploring the Role of Strategic Management II,Essay,Hard,1389,1670,53.62,68.35,61.63,58.69,True,3.0,False,True,False,Prohibited,Scaffolded,2025-09-12 13:00:00,2025-10-17 05:00:00
ASSIGN00457,OFF00097,Reflective Analysis of Social Psychology II,Essay,Hard,1361,1708,49.46,74.83,24.54,73.23,True,3.0,True,False,False,Limited,Process-Oriented,2027-02-10 14:00:00,2027-03-18 22:00:00
ASSIGN00458,OFF00188,Case-Based Evaluation of Business Analytics II,Case Study,Moderate,1339,1609,37.08,47.23,47.65,62.49,False,0.0,False,False,False,Limited,Peer-Review,2026-03-07 17:00:00,02/04/2026 06:00
ASSIGN00459,OFF00007,An Investigation into Quantum Physics,Research Paper,Moderate,2667,3131,47.73,69.15,76.04,69.33,True,8.0,True,False,True,Disclosure Required,Peer-Review,29-01-2027 17:00,2027-02-11 08:00:00
ASSIGN00460,OFF00151,An Investigation into Genetics II,Research Paper,Moderate,2086,2669,67.52,71.95,81.77,57.35,True,8.0,True,False,False,Prohibited,Peer-Review,2025-10-09 13:00:00,2025-10-26 09:00:00
ASSIGN00461,OFF00152,Critical Reflection on Rhetoric and Composition II,Reflective Report,Hard,1492,1799,64.82,54.05,78.59,51.54,True,3.0,False,False,True,Prohibited,Multi-Stage,2025-09-02 12:00:00,2025-10-03 03:00:00
ASSIGN00462,OFF00162,Applied Case Analysis of Web Application Development II,Case Study,Moderate,1122,1414,56.49,10.0,22.42,61.75,False,0.0,True,False,False,Limited,Multi-Stage,2025-08-29 16:00:00,2025-10-11 02:00:00
ASSIGN00463,OFF00205,Learning Experience Analysis: Business Analytics II,Reflective Report,Easy,1446,1695,63.92,76.06,71.49,77.91,True,4.0,False,True,False, Prohibited ,Oral Defense,2026-06-11 10:00:00,2026-07-25 21:00:00
ASSIGN00464,OFF00050,Exploring the Role of Inorganic Chemistry,Essay,Moderate,1613,2027,55.04,99.88,54.55,46.54,True,3.0,False,NO,False,Prohibited,PROCESS-ORIENTED,2026-06-22 15:00:00,2026-07-18 04:00:00
ASSIGN00465,OFF00101,Experimental Analysis of Quantum Physics II,Lab Report,Moderate,1278,1642,51.73,60.91,46.75,58.67,False,0.0,True,False,True,Limited,Project-Based,2026-06-13 16:00:00,2026-07-29 01:00:00
ASSIGN00466,OFF00019,Evaluating the Impact of Modern History,Essay,Moderate,1786,2225,67.68,79.07,33.99,42.62,False,0.0,False,True,False,Disclosure Required,Scaffolded,2027-03-01 14:00:00,2027-03-20 05:00:00
ASSIGN00467,OFF00229,Experimental Analysis of Literary Analysis II,Lab Report,Easy,1710,1962,55.43,59.12,58.68,89.49,True,3.0,True,False,False, Disclosure Required ,Traditional,2026-06-27 09:00:00,2026-07-11 17:00:00
ASSIGN00468, OFF00155 ,Research Analysis of Data Analytics II,RESEARCH PAPER,Hard,2647,2929,62.31,78.38,83.54,68.86,True,8.0,True,False,False,Limited,Traditional,2027-03-05 14:00:00,2027-04-01 10:00:00
ASSIGN00469,OFF00052,Evaluating the Impact of Microbiology,Essay,Easy,1386,1554,41.57,64.76,54.54,32.11,True,3.0,True,False,True,Prohibited,Process-Oriented,2027-01-27 15:00:00,2027-02-13 02:00:00
ASSIGN00470,OFF00147,Literature Review on Thermodynamics II,Literature Review,Moderate,2201,2444,42.91,73.57,74.01,62.41,True,3.0,True,False,True,Disclosure Required,Process-Oriented,2026-10-10 16:00:00,2026-11-23 01:00:00
ASSIGN00471,OFF00138,Critical Literature Analysis of Academic Writing II,Literature Review,Hard,2181,2525,77.67,53.42,74.63,71.37,True,2.0,True,False,False,Disclosure Required,Traditional,2025-10-15 11:00:00,2025-11-09 07:00:00
ASSIGN00472,OFF00250,Laboratory Investigation of Literary Analysis II,Lab Report,Moderate,1709,1906,79.92,43.87,61.3,58.77,True,3.0,True,False,False,Prohibited,Traditional,2026-09-18 18:00:00,2026-10-25 04:00:00
ASSIGN00473,OFF00143,Evaluating the Impact of Cultural History II,Essay,Moderate,1564,1785,66.31,68.79,43.66,60.91,False,0.0,True,True,False,Limited,Process-Oriented,2027-03-11 08:00:00,2027-04-08 04:00:00
ASSIGN00474,OFF00037,Learning Experience Analysis: Differential Equations,Reflective Report,Hard,892,1116,79.31,73.88,54.4,62.73,True,3.0,False,False,False,Prohibited,Traditional,2026-03-01 17:00:00,2026-03-26 07:00:00
ASSIGN00475,OFF00227,Evidence-Based Study of Econometrics II,Research Paper,Moderate,2965,3342,44.87,57.35,87.98,41.78,True,7.0,True,False,True,Limited,Project-Based,2026-06-27 08:00:00,2026-07-05 01:00:00
ASSIGN00476,OFF00104,Critical Literature Analysis of Analytical Chemistry II,Literature Review,Easy,2543,2821,66.67,43.64,77.63,39.45,True,8.0,True,False,True,Disclosure Required,Project-Based,2025-09-18 16:00:00,2025-10-27 04:00:00
ASSIGN00477,OFF00241,Critical Literature Analysis of Financial Management II,Literature Review,Moderate,2277,2756,76.75,51.3,83.69,65.34,True,2.0,True,True,False,Prohibited,Oral Defense,2026-10-02 15:00:00,2026-10-21 01:00:00
ASSIGN00478,OFF00240,Critical Reflection on Social Psychology II,Reflective Report,Hard,844,1044,41.19,78.72,53.02,57.03,True,2.0,True,False,True,Limited,Peer-Review,2026-10-02 14:00:00,2026-10-11 01:00:00
ASSIGN00479,OFF00133,Experimental Analysis of Strategic Management II,Lab Report,Easy,1181,1400,42.07,56.21,48.99,66.81,False,0.0,True,False,False,Disclosure Required,Scaffolded,2026-09-08 10:00:00,2026-10-01 02:00:00
ASSIGN00480,OFF00081,Critical Analysis of Microeconomics II,Essay,Moderate,1221,1405,35.42,48.64,41.85,67.48,True,3.0,True,False,False,Disclosure Required,Reflective,2025-09-03 14:00:00,2025-09-25 05:00:00
ASSIGN00481,OFF00194,Contemporary Perspectives on Astrophysics II,Essay,Moderate,908,1081,51.18,100.0,40.71,31.28,True,2.0,True,True,False,Limited,Multi-Stage,2027-02-22 09:00:00,2027-03-09 04:00:00
ASSIGN00482,OFF00082,An Investigation into Genetics II,research paper,Easy,2399,2724,52.21,45.65,68.38,58.78,True,3.0,True,False,False,Disclosure Required,Reflective,2025-09-23 16:00:00,2025-10-25 01:00:00
ASSIGN00483,OFF00055,Research Analysis of Modern Physics,Research Paper,Hard,1906,2431,58.59,78.13,67.28,73.55,YES,4.0,True,True,False,Disclosure Required,Oral Defense,2025-09-18 13:00:00,2025-10-13 03:00:00
ASSIGN00484,OFF00117,Critical Reflection on Principles of Management II,Reflective Report,Easy,1107,1328,70.47,73.7,34.81,79.78,True,2.0,True,False,True,Prohibited,Project-Based,2026-02-03 12:00:00,2026-02-28 06:00:00
ASSIGN00485,OFF00252,A Comparative Study of Cell Biology II,Research Paper,Moderate,2660,3114,70.64,73.87,77.31,82.62,True,3.0,True,True,False,Prohibited,Multi-Stage,2026-01-27 17:00:00,2026-03-02 11:00:00
ASSIGN00486,OFF00225,Exploring the Role of Econometrics II,Essay,Hard,1779,2035,68.2,69.9,51.36,55.34,FALSE,0.0,True,False,False,Limited,Reflective,2027-03-08 15:00:00,2027-03-29 05:00:00
ASSIGN00487,OFF00119,Evaluating the Impact of Principles of Management II,Essay,Moderate,1604,2045,55.73,75.14,76.54,70.34,True,2.0,True,True,False,Prohibited,Scaffolded,2025-10-16 17:00:00,2025-11-29 02:00:00
ASSIGN00488,OFF00077,Applied Case Analysis of Physical Chemistry II,Case Study,Hard,1067,1289,82.1,63.61,24.18,42.88,True,2.0,True,False,False,Disclosure Required,Reflective,2026-02-08 16:00:00,2026-03-04 08:00:00
ASSIGN00489,OFF00008,Reflective Analysis of Quantum Physics,Essay,Moderate,1285,1622,28.17,71.85,22.04,50.36,True,4.0,True,False,False,Limited,Scaffolded,2026-03-08 09:00:00,2026-04-04 05:00:00
ASSIGN00490,OFF00206,Laboratory Investigation of Business Analytics II,Lab Report,Moderate,1283,1568,48.56,36.33,43.55,66.45,True,4.0,True,False,False,Limited,Process-Oriented,2027-02-17 10:00:00,2027-03-26 23:00:00
ASSIGN00491,OFF00126,Experimental Evaluation of Astrophysics II,Lab Report,Hard,929,1098,49.72,56.03,62.56,48.95,False,0.0,False,False,False,Prohibited,Process-Oriented,2026-09-25 17:00:00,2026-10-21 12:00:00
ASSIGN00492,OFF00122,Experimental Analysis of Physical Chemistry II,Lab Report,Moderate,940,1187,52.04,24.7,54.91,48.04,True,2.0,False,False,False,Limited,Multi-Stage,2026-06-12 08:00:00,2026-06-24 23:00:00
ASSIGN00493,OFF00086,A Systematic Examination of Artificial Intelligence II,Research Paper, Hard ,1711,-100,75.59,89.23,86.36,78.67,True,2.0,True,False,False,Prohibited,Reflective,2027-03-09 11:00:00,2027-03-18 23:00:00
ASSIGN00494,OFF00120,,Research Paper,Moderate,2931,3763,61.37,92.22,73.65,79.48,True,10.0,True,False,True,Prohibited,Project-Based,2025-09-09 18:00:00,2025-09-30 09:00:00
ASSIGN00495,OFF00041,Case-Based Evaluation of Microbiology,Case Study,Hard,1735,2206,42.04,64.3,59.51,79.06,True,5.0,True,True,True,Disclosure Required,Project-Based,2026-06-19 18:00:00,07/26/2026 13:00
ASSIGN00496,OFF00171,Exploring the Role of Creative Writing II,Essay,Easy,1330,1612,21.9,59.9,73.01,88.69,True,4.0,1,False,False,Limited,Scaffolded,2026-06-13 08:00:00,2026-07-22 03:00:00
ASSIGN00497,OFF00099,Contemporary Perspectives on Quantum Physics II,Essay,Hard,922,1028,63.06,52.89,75.98,77.95,True,2.0,True,False,False,Disclosure Required,Process-Oriented,2026-08-30 17:00:00,2026-10-06 06:00:00
ASSIGN00498, OFF00200 ,Critical Analysis of Modern History II,Essay,Hard,1694,2174,60.87,64.21,32.77,78.11,True,5.0,False,False,True,Limited,Peer-Review,2026-02-09 16:00:00,2026-03-20 07:00:00
ASSIGN00499,OFF00171,Reflective Analysis of Creative Writing II,Essay,Moderate,1708,1920,56.06,68.23,28.82,69.96,True,6.0,True,False,False,Disclosure Required,Process-Oriented,2026-06-11 16:00:00,2026-06-29 12:00:00
ASSIGN00500,OFF00137,A Systematic Examination of Academic Writing II,Research Paper,Moderate,2699,3001,47.38,83.71,77.27,43.74,True,7.0,True,False,True,Limited,Multi-Stage,2027-03-08 11:00:00,2027-04-19 22:00:00
ASSIGN00501,OFF00105,Case Analysis of Organizational Behavior II,Case Study,Moderate,1129,1334,47.11,43.8,44.15,69.58,False,0.0,True,False,True,Prohibited,Process-Oriented,2026-06-26 08:00:00,2026-07-28 03:00:00
ASSIGN00502,OFF00076,An Investigation into Research Methods in Psychology II,Research Paper,Hard,2498,3007,48.1,92.5,66.82,53.87,True,5.0,True,False,False,Limited,Multi-Stage,2026-06-16 08:00:00,2026-07-25 04:00:00
ASSIGN00503,OFF00239,Experimental Analysis of Social Psychology II,Lab Report,Hard,1754,2011,80.88,59.08,47.66,68.22,True,5.0,False,False,False,Limited,Multi-Stage,2026-06-16 17:00:00,2026-07-20 06:00:00
ASSIGN00504,OFF00114,Review of Research on Differential Equations II,Literature Review,Hard,2578,3281,68.7,22.15,89.36,57.44,True,7.0,True,False,True,Limited,Multi-Stage,2026-10-09 12:00:00,2026-10-22 08:00:00
ASSIGN00505,OFF00219,Analysis of Laboratory Results Genetics II,Lab Report,Moderate,1255,1505,98.76,53.2,50.21,71.16,True,3.0,False,False,False,Prohibited,Traditional,2026-08-30 10:00:00,2026-10-03 20:00:00
ASSIGN00506,OFF00184,Experimental Analysis of Financial Management II,Lab Report,Hard,819,936,36.23,46.35,59.58,59.65,True,3.0,False,False,False,Prohibited,Reflective,2027-02-04 11:00:00,2027-02-12 04:00:00
ASSIGN00507,OFF00022,Learning Experience Analysis: Organizational Behavior,Reflective Report,Moderate,1493,1887,38.89,78.62,66.53,58.6,True,3.0,True,True,True,Prohibited,Peer-Review,2026-09-13 15:00:00,2026-10-16 10:00:00
ASSIGN00508,OFF00158,A Comparative Study of Modern History II,Research Paper,Easy,2950,3574,39.13,47.95,79.47,48.41,True,5.0,True,True,False,Disclosure Required,Traditional,2026-02-16 14:00:00,2026-04-03 01:00:00
ASSIGN00509,OFF00184,Reflective Analysis of Financial Management II,Essay,Moderate,1022,1327,35.25,64.86,27.77,57.58,True,3.0,True,False,False,Limited,Multi-Stage,2027-01-29 11:00:00,2027-03-09 05:00:00
ASSIGN00510,OFF00102,Evaluating the Impact of Analytical Chemistry II,Essay,Hard,1012,1133,55.6,44.74,33.98,49.92,True,4.0,True,True,False,Prohibited,Traditional,2026-02-04 12:00:00,2026-02-13 23:00:00
ASSIGN00511,OFF00095,Critical Analysis of Introduction to Psychology II,Essay,Easy,1038,1325,51.92,91.89,31.8,89.01,True,2.0,True,False,True,Limited,Project-Based,2025-09-05 13:00:00,2025-10-14 05:00:00
ASSIGN00512,OFF00034,An Investigation into Financial Management,Research Paper,Moderate,1706,2078,80.0,73.95,89.03,64.17,True,5.0,True,False,False,Prohibited,Peer-Review,2027-02-26 18:00:00,2027-03-30 10:00:00
ASSIGN00513,OFF00042,Review of Research on Genetics,Literature Review,Moderate,1990,2306,59.51,44.63,90.32,77.04,True,2.0,True,False,False,Disclosure Required,Peer-Review,2027-02-13 15:00:00,2027-03-27 11:00:00
ASSIGN00514,OFF00247,A Comparative Study of Creative Writing II,Research Paper,Moderate,2391,2768,47.59,74.15,74.7,54.06,True,8.0,True,True,False,Limited,Oral Defense,2026-09-29 16:00:00,2026-10-30 09:00:00
ASSIGN00515,OFF00139,An Investigation into Academic Writing II,Research Paper,Hard,2577,3345,79.47,55.22,71.4,55.46,True,9.0,True,False,False,Disclosure Required,Traditional,2026-06-27 11:00:00,2026-07-25 22:00:00
ASSIGN00516,OFF00191,Applied Case Analysis of Web Application Development II,Case Study,Easy,1337,1495,44.96,37.45,50.59,73.5,False,0.0,False,False,False,Disclosure Required,Multi-Stage,2026-10-09 18:00:00,2026-10-18 04:00:00
ASSIGN00517, OFF00173 ,Exploring the Role of Genetics II,Essay,Moderate,1697,2176,51.95,55.36,58.96,57.18,True,5.0,True,False,False,Allowed,Traditional,2026-09-22 15:00:00,2026-10-05 03:00:00
ASSIGN00518,OFF00251,Experimental Analysis of Cell Biology II,Lab Report,Moderate,1205,1359,52.1,53.12,50.43,50.68,False,0.0,True,False,False,Prohibited,Traditional,2025-09-27 14:00:00,2025-10-15 00:00:00
ASSIGN00519,OFF00001,An Investigation into Inorganic Chemistry,Research Paper,Moderate,2320,2664,50.25,79.35,85.31,60.45,True,6.0,True,False,False,Prohibited,Reflective,2026-10-05 13:00:00,2026-11-20 01:00:00
ASSIGN00520,OFF00227,Critical Analysis of Econometrics II,Essay,Moderate,1128,1418,34.61,89.98,37.16,74.43,True,2.0,False,False,True,Limited,Peer-Review,2026-06-12 08:00:00,2026-06-29 03:00:00
ASSIGN00521,OFF00176,Reflective Analysis of Modern Physics II,Essay,Easy,1626,2095,43.77,71.43,76.4,59.67,True,5.0,True,1,False,Prohibited,Oral Defense,2026-09-09 10:00:00,2026-09-27 05:00:00
ASSIGN00522,OFF00015,A Systematic Examination of Classical Mechanics,Research Paper,Moderate,2048,2483,35.15,80.24,82.95,89.99,True,6.0,True,False,False,Disclosure Required,Process-Oriented,2026-06-14 08:00:00,2026-06-21 20:00:00
ASSIGN00523,OFF00006,Laboratory Investigation of Quantum Physics,Lab Report,Moderate,746,932,63.59,53.69,37.28,60.25,False,0.0,True,False,False,Disclosure Required,Reflective,2026-06-28 17:00:00,2026-07-26 12:00:00
ASSIGN00524,OFF00140,Applied Case Analysis of Inorganic Chemistry II,Case Study,Moderate,1743,2136,10.07,73.55,36.76,55.0,True,3.0,True,False,False, Prohibited ,Traditional,2027-02-21 09:00:00,2027-03-26 21:00:00
ASSIGN00525,OFF00032,Case-Based Evaluation of Financial Management,Case Study,Moderate,1029,1190,62.5,64.12,65.07,78.7,False,0.0,False,False,False,Prohibited,MULTI-STAGE,2025-09-28 11:00:00,20/10/2025 03:00
ASSIGN00526,OFF00232,Case Analysis of World History II,Case Study,,1666,1876,44.02,64.74,76.6,57.88,True,5.0,True,False,False, Limited ,Multi-Stage,2025-10-01 12:00:00,2025-11-06 03:00:00
ASSIGN00527,OFF00157,Experimental Evaluation of Modern History II,Lab Report,Hard,1729,1983,63.66,48.2,45.58,55.76,1,3.0,True,False,False,Prohibited,Traditional,2026-09-28 08:00:00,2026-10-30 18:00:00
ASSIGN00528,OFF00011,Contemporary Perspectives on Modern History,Essay,Moderate,1323,1683,45.52,72.11,58.7,50.9,False,0.0,True,False,False,Prohibited,Multi-Stage,2026-06-18 12:00:00,2026-07-10 01:00:00
ASSIGN00529,OFF00137,Experimental Evaluation of Academic Writing II,Lab Report,Moderate,1062,1379,25.5,63.41,36.53,69.33,True,4.0,True,False,False,Prohibited,Traditional,2027-02-24 08:00:00,2027-03-16 21:00:00
ASSIGN00530,OFF00096,An Investigation into Social Psychology II,Research Paper,,2374,2611,22.05,76.1,73.99,62.27,True,9.0,True,False,False,Prohibited,Traditional,2025-09-24 17:00:00,2025-10-09 11:00:00
ASSIGN00531,OFF00028,A Systematic Examination of Physical Chemistry,Research Paper,Easy,1737,2192,30.47,61.82,66.33,70.54,TRUE,4.0,True,False,False,Limited,Project-Based,2027-02-12 16:00:00,2027-03-18 11:00:00
ASSIGN00532,OFF00207,Case-Based Evaluation of Business Analytics II,Case Study,Moderate,2153,2757,35.11,34.74,22.66,56.5,False,0.0,True,False,True, Prohibited ,Peer-Review,2026-01-30 16:00:00,2026-03-05 11:00:00
ASSIGN00533,OFF00067,Reflective Analysis of Thermodynamics II,Essay,Hard,1327,1542,50.83,53.47,64.95,48.21,False,0.0,True,False,True,Disclosure Required,Peer-Review,2026-06-11 09:00:00,2026-06-19 18:00:00
ASSIGN00534,OFF00095,Literature Review on Introduction to Psychology II,Literature Review,Hard,2153,2409,71.49,36.4,81.26,81.23,True,8.0,True,False,True,Allowed,Peer-Review,2025-09-02 17:00:00,2025-09-28 10:00:00
ASSIGN00535,OFF00110,Exploring the Role of Modern History II,Essay,Moderate,1603,1995,82.35,67.56,22.17,95.26,True,6.0,True,False,False,Limited,Process-Oriented,2025-09-23 16:00:00,2025-10-29 01:00:00
ASSIGN00536,OFF00253,Evidence-Based Study of Microbiology II,Research Paper,Moderate,1657,1982,58.14,72.43,81.09,64.07,True,3.0,True,False,1,Disclosure Required,Reflective,2026-03-11 16:00:00,2026-04-11 00:00:00
ASSIGN00537,OFF00172,Critical Reflection on Creative Writing II,Reflective Report,Moderate,1314,1556,20.67,63.24,29.22,48.13,True,4.0,True,True,True,Prohibited,Oral Defense,2025-09-07 10:00:00,2025-09-17 03:00:00
ASSIGN00538,OFF00112,Evaluating the Impact of Modern History II,Essay,Easy,1646,1880,63.13,95.7,72.37,68.22,True,5.0,False,False,False,Prohibited,Scaffolded,2026-02-07 16:00:00,2026-02-15 06:00:00
ASSIGN00539,OFF00184,Evaluating the Impact of Financial Management II,Essay,Moderate,1717,2213,53.78,84.44,30.88,66.78,True,2.0,False,1,False,Limited,Oral Defense,2027-02-14 17:00:00,2027-03-17 02:00:00
ASSIGN00540,OFF00126,A Systematic Examination of Astrophysics II,Research Paper,,1844,2069,68.05,100.0,81.63,86.66,True,2.0,True,False,True,Prohibited,Traditional,2026-10-08 10:00:00,2026-10-30 04:00:00
ASSIGN00541,OFF00123,Critical Literature Analysis of Principles of Management II,Literature Review,Hard,1600,1778,55.66,62.59,74.74,54.98,True,3.0,True,False,False,Prohibited,Scaffolded,2026-02-05 09:00:00,2026-03-03 03:00:00
ASSIGN00542,OFF00185,Experimental Analysis of Financial Management II,Lab Report,Moderate,1734,2150,46.69,74.66,64.88,50.04,False,0.0,False,False,False,Limited,Multi-Stage,2026-06-28 08:00:00,2026-07-14 21:00:00
ASSIGN00543,OFF00099,Research Analysis of Quantum Physics II,Research Paper,Easy,1788,2236,44.05,87.14,90.28,52.14,True,2.0,True,True,True,Disclosure Required,Multi-Stage,2026-10-10 16:00:00,2026-10-18 04:00:00
ASSIGN00544,OFF00170,Applied Case Analysis of Creative Writing II,Case Study,Hard,1087,1386,36.24,27.63,62.09,55.87,True,2.0,True,False,False,Limited, Process-Oriented ,2026-02-08 14:00:00,2026-03-24 03:00:00
ASSIGN00545,OFF00009,Evidence-Based Study of Quantum Physics,Research Paper,Hard,1561,1973,64.42,65.45,65.35,57.32,True,3.0,True,False,False,Prohibited,Peer-Review,2026-10-10 15:00:00,2026-11-03 04:00:00
ASSIGN00546,OFF00090,A Systematic Examination of Political History II,Research Paper,Moderate,2901,3549,51.15,62.55,81.39,54.56,True,11.0,True,False,True,Prohibited,Peer-Review,2026-02-08 09:00:00,2026-03-06 19:00:00
ASSIGN00547, OFF00052 ,Case-Based Evaluation of Microbiology,Case Study,Moderate,1735,2066,53.45,51.73,71.56,80.24,True,6.0,False,True,False,Prohibited,Oral Defense,2027-02-08 15:00:00,2027-03-13 11:00:00
ASSIGN00548,OFF00205,Analysis of Laboratory Results Business Analytics II,Lab Report,Hard,1407,1602,95.29,18.37,33.35,72.79,False,0.0,False,False,False,Limited,Scaffolded,2026-06-26 12:00:00,2026-07-25 07:00:00
ASSIGN00549,OFF00152,Current Research Perspectives on Rhetoric and Composition II,Literature Review,Moderate,1229,1385,52.39,69.17,88.47,57.39,True,2.0,True,False,False,Allowed,Multi-Stage,2025-09-04 14:00:00,2025-10-06 00:00:00
ASSIGN00550,OFF00081,An Investigation into Microeconomics II,Research Paper,Hard,2131,2598,59.34,50.63,68.82,80.38,True,8.0,True,False,False,Limited,Multi-Stage,2025-10-10 14:00:00,2025-11-17 08:00:00
ASSIGN00551,OFF00124,Reflective Analysis of Principles of Management II,Essay,Moderate,961,1218,52.04,86.9,64.76,58.54,NO,0.0,True,True,True,Prohibited,Oral Defense,2026-09-27 10:00:00,2026-10-17 19:00:00
ASSIGN00552,OFF00174,An Investigation into Genetics II,Research Paper,Moderate,1915,2236,39.92,80.91,125.0,59.92,True,6.0,True,False,True,Prohibited,Multi-Stage,2026-03-02 12:00:00,2026-04-17 02:00:00
ASSIGN00553,OFF00013,Research Analysis of Modern History,Research Paper,,1615,1886,59.47,77.66,69.51,66.6,True,2.0,True,False,False,Limited,Peer-Review,2026-09-08 09:00:00,2026-10-17 21:00:00
ASSIGN00554,OFF00158,Critical Reflection on Modern History II,Reflective Report,Easy,1327,1714,40.89,75.37,57.42,53.62,True,2.0,True,True,True,Disclosure Required,Oral Defense,2026-01-22 17:00:00,2026-02-04 03:00:00
ASSIGN00555,OFF00090,Personal Learning Reflection on Political History II,Reflective Report,Hard,931,1159,66.47,95.24,67.57,83.6,True,3.0,True,False,True,Disclosure Required,Process-Oriented,2026-02-23 11:00:00,2026-03-19 06:00:00
ASSIGN00556,OFF00207,Case-Based Evaluation of Business Analytics II,Case Study,Moderate,1986,2419,42.38,54.09,52.64,56.95,True,6.0,True,True,True,Prohibited,Oral Defense,2026-01-31 11:00:00,2026-02-12 22:00:00
ASSIGN00557,OFF00244,Laboratory Investigation of Cultural History II,Lab Report,Moderate,1758,1962,54.23,36.25,33.82,55.16,True,4.0,True,False,False,Allowed,Multi-Stage,2026-09-25 16:00:00,2026-10-30 12:00:00
ASSIGN00558,OFF00037,Strategic Case Study: Differential Equations,Case Study,Moderate,1969,2343,78.11,51.99,36.93,58.26,False,,True,True,False,Disclosure Required,Oral Defense,2026-02-10 16:00:00,2026-03-23 08:00:00
ASSIGN00559,OFF00200,Exploring the Role of Modern History II,Essay,Hard,1305,1650,33.09,72.51,28.95,97.79,True,2.0,False,True,False,Prohibited,Oral Defense,2026-01-26 15:00:00,2026-03-08 09:00:00
ASSIGN00560,OFF00234,Case-Based Evaluation of World History II,Case Study,Moderate,1678,1861,41.44,44.23,34.97,65.72,True,2.0,True,True,False,Limited,Oral Defense,2026-02-07 15:00:00,2026-03-12 06:00:00
ASSIGN00561,OFF00099,Evidence-Based Study of Quantum Physics II,Research Paper,Moderate,1590,1918,40.5,100.0,81.21,79.71,True,5.0,True,False,False,Disclosure Required,Scaffolded,2026-09-01 18:00:00,2026-09-17 02:00:00
ASSIGN00562,OFF00029,An Investigation into Physical Chemistry,Research Paper,Easy,1940,2412,60.44,100.0,76.7,90.58,True,,True,False,True,Disclosure Required,Peer-Review,2026-01-30 14:00:00,2026-02-14 23:00:00
ASSIGN00563,OFF00094,Analysis of Laboratory Results Introduction to Psychology II,Lab Report,Moderate,868,999,51.18,45.81,63.41,60.66,True,3.0,True,True,False,Prohibited,Process-Oriented,2026-02-13 10:00:00,2026-03-30 06:00:00
ASSIGN00564,OFF00256,,Reflective Report,Moderate,1172,1362,41.87,66.71,75.89,57.33,True,2.0,True,True,True,Disclosure Required,Scaffolded,2026-09-10 11:00:00,2026-10-05 07:00:00
ASSIGN00565,OFF00160,Evaluating the Impact of Web Application Development II,Essay,Moderate,1430,1706,33.11,33.7,25.53,80.68,False,0.0,False,False,False,Limited,Reflective,2026-02-14 16:00:00,2026-03-16 08:00:00
ASSIGN00566,OFF00062,Analysis of Laboratory Results Data Structures,Lab Report,Moderate,1772,2128,10.08,55.32,59.33,79.53,True,3.0,True,True,True,Limited, Oral Defense ,2026-09-27 17:00:00,2026-10-21 04:00:00
ASSIGN00567,OFF00238,Research Analysis of Social Psychology II,Research Paper,Hard,2554,2874,71.6,67.78,92.09,68.25,True,4.0,True,False,False,Prohibited,Traditional,2027-02-01 11:00:00,2027-03-19 00:00:00
ASSIGN00568,OFF00098,,Lab Report,Hard,1599,1763,58.48,48.61,45.77,60.28,False,0.0,False,False,True,Limited,Project-Based,2026-09-26 15:00:00,2026-10-19 23:00:00
ASSIGN00569,OFF00152,Exploring the Role of Rhetoric and Composition II,Essay,Moderate,1220,1551,39.69,87.84,78.92,78.07,True,4.0,True,False,False,Prohibited,Scaffolded,2025-09-06 09:00:00,2025-09-25 05:00:00
ASSIGN00570,OFF00115,Reflective Analysis of Differential Equations II,Essay,Moderate,1750,1999,47.75,70.71,71.38,53.8,True,5.0,False,True,False,Disclosure Required,Oral Defense,2026-06-15 14:00:00,2026-07-09 09:00:00
ASSIGN00571,OFF00216,Experimental Evaluation of Genetics II,Lab Report,Easy,722,925,55.41,48.44,55.27,60.05,True,3.0,True,False,False,Prohibited,Multi-Stage,2026-06-23 18:00:00,2026-07-13 02:00:00
ASSIGN00572,OFF00039,Experimental Evaluation of Microbiology,Lab Report,Hard,893,1014,68.85,51.27,38.83,52.3,False,0.0,True,False,False, Limited ,Peer-Review,2025-10-02 09:00:00,2025-10-17 01:00:00
ASSIGN00573,OFF00177,Personal Learning Reflection on Astrophysics II,Reflective Report,Hard,1059,1185,78.49,84.78,78.01,54.79,True,3.0,True,False,False,Limited,Multi-Stage,2026-10-14 08:00:00,2026-11-10 00:00:00
ASSIGN00574,OFF00125,Review of Research on Astrophysics II,Literature Review,Moderate,2283,2554,97.89,35.83,85.68,74.24,True,7.0,True,False,False,Disclosure Required,Peer-Review,2025-10-03 12:00:00,2025-10-20 21:00:00
ASSIGN00575,OFF00185,Experimental Evaluation of Financial Management II,Lab Report,Hard,913,1042,73.44,60.8,59.86,90.64,True,3.0,False,False,True,Limited,Peer-Review,2026-06-27 15:00:00,2026-07-20 06:00:00
ASSIGN00576,OFF00245,Experimental Evaluation of Cultural History II,Lab Report,Moderate,1570,1749,45.89,50.64,59.17,71.37,True,6.0,True,False,False,Disclosure Required,Process-Oriented,2026-06-11 16:00:00,2026-07-23 12:00:00
ASSIGN00577,OFF00211,Exploring the Role of Macroeconomics II,Essay,Hard,1675,1886,39.74,72.03,32.03,71.01,True,2.0,True,False,True,Disclosure Required,Scaffolded,2027-01-27 09:00:00,2027-02-08 20:00:00
ASSIGN00578,OFF00138,Exploring the Role of Academic Writing II,Essay,Moderate,1790,1969,39.37,100.0,36.98,68.93,True,6.0,True,False,True,Prohibited,Reflective,2025-10-05 08:00:00,2025-10-17 16:00:00
ASSIGN00579,OFF00110,Personal Learning Reflection on Modern History II,Reflective Report,Easy,1093,1372,38.94,61.42,74.45,53.14,True,4.0,True,False,False,Disclosure Required,Traditional,2025-10-03 09:00:00,2025-11-01 00:00:00
ASSIGN00580,OFF00030,Laboratory Investigation of Physical Chemistry,Lab Report,Hard,1481,1763,53.65,55.07,62.85,71.43,True,5.0,False,False,False,Limited,Multi-Stage,2026-09-03 08:00:00,2026-09-22 04:00:00
ASSIGN00581,OFF00200,Research Analysis of Modern History II,research paper,Moderate,1958,2417,56.76,80.16,66.71,71.34,True,4.0,True,False,False,Prohibited,Multi-Stage,2026-02-14 17:00:00,2026-03-24 02:00:00
ASSIGN00582,OFF00159,Evidence-Based Study of Modern History II, Research Paper ,Moderate,2765,3149,82.65,83.59,88.05,49.49,True,6.0,True,False,True,Limited,Scaffolded,2025-10-10 17:00:00,2025-10-24 08:00:00
ASSIGN00583,OFF00206,Critical Analysis of Business Analytics II,Essay,Hard,1547,1960,65.52,53.07,44.82,65.33,False,0.0,True,False,True,Limited,Peer-Review,2027-03-03 18:00:00,2027-04-15 08:00:00
ASSIGN00584,OFF00156,Contemporary Perspectives on Data Analytics II,Essay,Hard,1151,1421,43.89,66.49,48.46,63.38,False,0.0,True,False,False,Disclosure Required,Scaffolded,2026-06-20 11:00:00,2026-07-10 01:00:00
ASSIGN00585,OFF00111,Research Analysis of Modern History II,Research Paper,Moderate,1844,2169,29.83,70.24,69.51,59.4,True,4.0,True,False,False,Disclosure Required,Multi-Stage,2026-06-30 14:00:00,2026-07-16 09:00:00
ASSIGN00586,OFF00013,Experimental Analysis of Modern History,Lab Report,Moderate,1493,1757,33.59,63.84,39.07,59.79,True,3.0,True,False,False,Disclosure Required,Scaffolded,2026-09-13 15:00:00,2026-10-07 04:00:00
ASSIGN00587,OFF00214,Applied Case Analysis of Computer Networks II,Case Study,Easy,1048,1315,66.89,53.08,34.48,59.14,True,4.0,True,False,False,Disclosure Required,Traditional,2026-10-05 14:00:00,2026-11-02 01:00:00
ASSIGN00588,OFF00069,A Systematic Examination of Organic Chemistry II,Research Paper,Easy,2403,3030,35.49,52.4,75.48,67.81,True,5.0,True,False,False,Prohibited,Traditional,2026-06-28 11:00:00,2026-07-12 06:00:00
ASSIGN00589,OFF00095,A Comparative Study of Introduction to Psychology II,Research Paper,Moderate,1886,2144,55.47,57.4,83.21,46.87,True,6.0,True,False,True,Allowed,Project-Based,2025-08-30 12:00:00,2025-09-08 03:00:00
ASSIGN00590,OFF00260,A Comparative Study of Rhetoric and Composition II,Research Paper,Easy,2062,2304,60.49,81.16,65.04,52.6,True,8.0,True,False,False,Disclosure Required,Multi-Stage,2026-06-11 13:00:00,2026-06-24 21:00:00
ASSIGN00591,OFF00132,Evidence-Based Study of Strategic Management II,Research Paper,Moderate,2591,3084,47.23,77.75,82.44,48.47,True,6.0,YES,False,True,Limited,Project-Based,2026-03-04 14:00:00,2026-03-29 09:00:00
ASSIGN00592,OFF00198,Critical Literature Analysis of Research Methods in Psychology II,Literature Review,Moderate,1707,1952,36.85,62.27,90.71,51.63,True,,True,True,False,Prohibited,Oral Defense,2026-06-30 15:00:00,2026-07-16 00:00:00
ASSIGN00593,OFF00018,Analysis of Laboratory Results Modern History,Lab Report,Hard,1280,1617,66.03,51.47,32.44,47.04,False,0.0,True,False,False,Limited,Scaffolded,2025-10-10 17:00:00,2025-11-07 02:00:00
ASSIGN00594,OFF00230,A Comparative Study of Literary Analysis II,Research Paper,Moderate,2712,3461,64.73,46.62,79.27,69.17,True,2.0,True,False,True,Prohibited,Scaffolded,2026-09-23 09:00:00,2026-10-16 21:00:00
ASSIGN00595,OFF00252,Literature Review on Cell Biology II,Literature Review,Moderate,2542,2984,43.11,51.55,86.17,61.48,True,7.0,True,False,False,Prohibited,Scaffolded,2026-03-05 18:00:00,2026-03-24 08:00:00
ASSIGN00596,OFF00221,Evaluating the Impact of Academic Writing II,Essay,Moderate,1543,1821,33.02,65.51,51.67,72.16,1,6.0,False,False,False,Disclosure Required,Traditional,2026-06-14 10:00:00,2026-07-02 21:00:00
ASSIGN00597,OFF00010,Learning Experience Analysis: Modern History,Reflective Report,hard,1283,1439,61.36,62.85,31.26,35.25,True,3.0,True,False,True,Limited,Reflective,2025-09-12 15:00:00,2025-10-16 07:00:00
ASSIGN00598,OFF00112,Evaluating the Impact of Modern History II,Essay,Hard,1317,1653,51.67,58.88,20.7,77.57,True,5.0,False,False,False,Disclosure Required,Multi-Stage,2026-02-08 08:00:00,2026-03-18 16:00:00
ASSIGN00599,OFF00219,Experimental Evaluation of Genetics II,Lab Report,Hard,1317,1564,59.18,57.61,55.58,53.34,1,5.0,True,False,False,Disclosure Required,Traditional,2026-09-09 14:00:00,2026-10-08 08:00:00
ASSIGN00600,OFF00208,Applied Case Analysis of Business Analytics II,Case Study,Easy,1596,2035,19.03,64.75,57.21,53.44,True,6.0,True,False,False,Limited,Traditional,2025-09-12 18:00:00,2025-10-14 14:00:00
ASSIGN00601,OFF00226,A Comparative Study of Econometrics II,Research Paper,Hard,2376,2847,79.0,66.73,80.58,85.7,True,7.0,True,False,False,Disclosure Required,Reflective,2027-03-09 17:00:00,2027-03-30 01:00:00
ASSIGN00602,OFF00155,Reflective Report on Data Analytics II, Reflective Report ,Hard,734,875,100.0,76.65,73.25,44.52,True,2.0,False,False,True,Disclosure Required,PEER-REVIEW,2027-03-09 13:00:00,2027-03-27 00:00:00
ASSIGN00603,OFF00130,Critical Literature Analysis of Modern Physics II,Literature Review,Moderate,2424,2985,58.25,55.63,77.07,46.48,True,4.0,True,False,False,Disclosure Required,Project-Based,2027-02-05 13:00:00,2027-03-10 02:00:00
ASSIGN00604,OFF00042,Critical Reflection on Genetics,Reflective Report,Hard,730,867,55.1,63.39,58.56,70.31,True,2.0,True,False,False,Prohibited,Traditional,2027-01-22 09:00:00,2027-02-08 03:00:00
ASSIGN00605,OFF00019,Exploring the Role of Modern History,Essay,Moderate,1743,2031,36.26,54.42,21.32,47.41,True,5.0,True,True,False,Disclosure Required,,2027-02-23 10:00:00,05-03-2027 22:00
ASSIGN00606,OFF00245,Current Research Perspectives on Cultural History II,Literature Review,Hard,1266,1536,36.91,59.42,92.3,66.24,True,5.0,True,False,False,Limited,Traditional,2026-06-17 16:00:00,2026-07-17 07:00:00
ASSIGN00607,OFF00040,Laboratory Investigation of Microbiology,Lab Report,Hard,1776,2287,76.84,39.28,35.26,53.81,False,0.0,True,False,False,Limited,Peer-Review,2026-09-01 16:00:00,2026-09-19 07:00:00
ASSIGN00608,OFF00072,Critical Literature Analysis of Software Engineering II,Literature Review,Easy,2255,2873,55.14,63.34,78.1,79.77,True,3.0,True,False,False,Disclosure Required,Reflective,2025-09-29 13:00:00,2025-10-18 02:00:00
ASSIGN00609,OFF00224,Case-Based Evaluation of Econometrics II,Case Study,Moderate,2081,2615,33.26,64.19,59.68,87.56,True,5.0,False,False,False,Prohibited,Traditional,2026-06-30 13:00:00,2026-07-17 01:00:00
ASSIGN00610,OFF00103,A Comparative Study of Analytical Chemistry II,Research Paper,Moderate,2193,2418,56.33,87.37,86.26,72.85,True,7.0,True,False,False,Limited,Reflective,2026-09-16 08:00:00,2026-10-26 01:00:00
ASSIGN00611,OFF00251,,Case Study,Moderate,1594,1766,33.18,64.01,75.05,70.82,True,6.0,False,False,False,Disclosure Required,Multi-Stage,2025-10-11 11:00:00,2025-11-11 00:00:00
ASSIGN00612,OFF00064,Critical Literature Analysis of Macroeconomics II,Literature Review,Moderate,2657,2993,34.7,41.48,69.58,71.19,True,9.0,True,False,False,Disclosure Required,Scaffolded,2025-10-07 15:00:00,15/11/2025 03:00
ASSIGN00613,OFF00092,Experimental Analysis of Cybersecurity Fundamentals II,Lab Report,Easy,1281,1634,85.96,77.0,34.11,35.0,True,5.0,True,False,False,Prohibited,Reflective,2027-03-01 08:00:00,2027-03-09 23:00:00
ASSIGN00614,OFF00072,Strategic Case Study: Software Engineering II, Case Study ,Hard,1745,2128,65.01,72.33,37.05,58.95,False,0.0,True,False,False,Disclosure Required,Multi-Stage,2025-09-03 14:00:00,2025-10-08 00:00:00
ASSIGN00615,OFF00097,Case Analysis of Social Psychology II,Case Study,Moderate,1863,2294,42.42,41.92,49.31,77.67,True,5.0,True,False,True,Prohibited,Project-Based,2027/02/17 15:00:00,2027-03-13 08:00:00
ASSIGN00616,OFF00223,A Comparative Study of Econometrics II,Research Paper,Easy,1817,2329,55.77,78.0,94.57,62.05,True,2.0,True,False,False,Prohibited,Scaffolded,2026-02-09 13:00:00,2026-02-24 08:00:00
ASSIGN00617,OFF00114,Evidence-Based Study of Differential Equations II,Research Paper,Moderate,2804,3543,76.24,65.3,66.68,78.2,True,6.0,True,False,False,Prohibited,Reflective,2026-09-18 13:00:00,2026-10-17 02:00:00
ASSIGN00618,OFF00260,Critical Literature Analysis of Rhetoric and Composition II,Literature Review,Hard,2068,2685,33.86,49.43,93.69,57.95,True,5.0,True,False,False,Allowed,Project-Based,2026-06-24 14:00:00,2026-07-17 22:00:00
ASSIGN00619, OFF00041 ,Strategic Case Study: Microbiology,Case Study,Moderate,2188,2446,51.55,25.64,50.16,89.53,False,0.0,True,True,True,Allowed,Project-Based,2026-06-26 16:00:00,14/07/2026 12:00
ASSIGN00620,OFF00048,Critical Analysis of Inorganic Chemistry,Essay,Moderate,1267,1541,52.5,100.0,33.38,76.76,True,4.0,False,False,False,Limited,Project-Based,2025-10-08 18:00:00,2025-10-17 03:00:00
ASSIGN00621,OFF00227,A Comparative Study of Econometrics II,Research Paper,,2630,2996,68.97,70.24,67.35,74.97,True,8.0,True,False,False,Prohibited,Process-Oriented,2026-06-20 08:00:00,2026-06-30 01:00:00
ASSIGN00622,OFF00042,Strategic Case Study: Genetics,CASE STUDY,Moderate,1444,1859,61.37,57.57,46.01,98.95,True,5.0,True,False,False,Limited,Traditional,2027-02-23 10:00:00,2027-03-07 02:00:00
ASSIGN00623,OFF00115,Experimental Analysis of Differential Equations II,Lab Report,Moderate,1621,1951,67.36,40.51,56.34,53.09,True,3.0,True,False,False,Disclosure Required,Multi-Stage,2026-06-11 16:00:00,2026-07-03 04:00:00
ASSIGN00624,OFF00248,Evaluating the Impact of Creative Writing II,Essay,Easy,1584,1870,56.64,72.8,37.53,69.18,True,6.0,False,False,False,Prohibited,Multi-Stage,2025-09-09 18:00:00,2025-09-27 14:00:00
ASSIGN00625,OFF00070,Analysis of Laboratory Results Organic Chemistry II,Lab Report,Moderate,1190,1414,25.67,63.37,57.47,59.4,True,4.0,True,False,False,Prohibited,Scaffolded,2026-02-01 12:00:00,2026-03-05 04:00:00
ASSIGN00626,OFF00156,Strategic Case Study: Data Analytics II,Case Study,Moderate,1526,1795,83.39,53.53,56.59,63.35,False,0.0,True,False,False,Limited,Peer-Review,2026-06-24 14:00:00,2026-07-11 08:00:00
ASSIGN00627,OFF00100,Critical Analysis of Quantum Physics II,Essay,Moderate,1764,1994,57.38,60.15,42.73,90.14,False,0.0,False,False,False,Prohibited,Multi-Stage,2025-09-23 18:00:00,2025-11-03 03:00:00
ASSIGN00628,OFF00239,Strategic Case Study: Social Psychology II,Case Study,Moderate,1284,1560,85.62,60.98,67.44,75.01,True,3.0,False,True,False,Limited,Oral Defense,2026-06-16 08:00:00,2026-07-07 23:00:00
ASSIGN00629,OFF00098,Critical Analysis of Social Psychology II,Essay,Moderate,1592,1837,41.18,69.87,78.87,73.16,True,6.0,True,False,False,Disclosure Required,Multi-Stage,2026-09-16 15:00:00,2026-10-26 02:00:00
ASSIGN00630,OFF00039,Learning Experience Analysis: Microbiology,Reflective Report,Hard,1035,1259,47.77,93.67,61.19,41.98,False,0.0,True,False,False,Limited,Scaffolded,2025-10-17 13:00:00,2025-11-23 05:00:00
ASSIGN00631,OFF00084,Analysis of Laboratory Results Genetics II,Lab Report,Easy,1422,1660,18.96,76.15,59.74,76.68,True,4.0,True,False,False,Prohibited,Scaffolded,2026-06-17 14:00:00,2026-07-09 00:00:00
ASSIGN00632,OFF00014,Evaluating the Impact of Classical Mechanics,Essay,Moderate,1061,1371,35.85,72.34,41.31,68.54,False,0.0,False,True,True,Prohibited,Oral Defense,2026-01-27 18:00:00,2026-03-08 08:00:00
ASSIGN00633,OFF00161,An Investigation into Web Application Development II,Research Paper,Moderate,2255,2542,51.55,54.5,72.49,69.74,True,7.0,True,False,True,Allowed,Process-Oriented,2026-06-11 13:00:00,2026-07-15 02:00:00
ASSIGN00634,OFF00168,Reflective Analysis of Historical Research Methods II,Essay,Moderate,1672,2022,67.47,44.1,22.98,57.74,True,6.0,True,False,False,Disclosure Required,Project-Based,2026-09-26 14:00:00,2026-10-30 09:00:00
ASSIGN00635,OFF00102,Contemporary Perspectives on Analytical Chemistry II,Essay,Moderate,1405,1739,32.59,58.55,22.86,70.68,True,2.0,True,True,True,Allowed,Process-Oriented,2026-03-10 15:00:00,2026-03-19 23:00:00
ASSIGN00636,OFF00196,Evaluating the Impact of Research Methods in Psychology II,Essay,Moderate,1341,1546,30.56,96.05,47.55,66.04,False,0.0,False,False,False,PROHIBITED,Reflective,2026-03-01 08:00:00,2026-03-29 18:00:00
ASSIGN00637,OFF00001,Contemporary Perspectives on Inorganic Chemistry,Essay,Easy,1431,1751,44.2,41.56,25.74,67.13,True,4.0,True,False,True,Prohibited,Peer-Review,2026-08-27 18:00:00,2026-10-04 09:00:00
ASSIGN00638,OFF00008,Contemporary Perspectives on Quantum Physics,Essay,Easy,878,967,50.83,50.13,65.07,50.12,False,0.0,False,False,False,Prohibited,Process-Oriented,2026-03-14 11:00:00,2026-04-19 20:00:00
ASSIGN00639,OFF00189,Personal Learning Reflection on Business Analytics II,Reflective Report,Moderate,1554,1757,75.82,64.15,37.01,65.66,True,5.0,True,False,True,Prohibited,Reflective,2026-09-18 14:00:00,2026-09-28 00:00:00
ASSIGN00640,OFF00045,Evaluating the Impact of Genetics,Essay,Easy,1223,1582,58.29,67.69,40.39,85.3,True,3.0,False,False,False,Prohibited,Reflective,2026-01-30 08:00:00,2026-02-21 22:00:00
ASSIGN00641,OFF00189,Case Analysis of Business Analytics II,Case Study,Easy,1643,1844,39.02,43.62,20.46,58.83,False,0.0,False,False,True,Limited,Multi-Stage,2026-09-16 15:00:00,2026-09-28 11:00:00
ASSIGN00642,OFF00191,Personal Learning Reflection on Web Application Development II,Reflective Report,Easy,1235,1381,38.09,56.83,42.98,65.44,False,0.0,True,True,False,Prohibited,Oral Defense,2026-10-16 11:00:00,2026-11-29 07:00:00
ASSIGN00643,OFF00168,Strategic Case Study: Historical Research Methods II,Case Study,Hard,1034,1267,85.25,32.33,42.23,62.18,True,3.0,False,False,False,Limited,Peer-Review,2026-08-30 15:00:00,2026-10-14 03:00:00
ASSIGN00644,OFF00208,Reflective Analysis of Business Analytics II,Essay,Easy,1340,1534,61.45,99.69,28.87,79.09,True,4.0,True,False,False,Limited,Multi-Stage,2025-10-14 09:00:00,2025-11-26 17:00:00
ASSIGN00645,OFF00097,Strategic Case Study: Social Psychology II,Case Study,Moderate,1132,1318,46.91,41.59,38.29,81.94,True,3.0,False,True,False,Prohibited,Process-Oriented,2027-03-08 11:00:00,2027-03-30 01:00:00
ASSIGN00646,OFF00161,Case-Based Evaluation of Web Application Development II,Case Study,Easy,1987,2467,63.24,50.24,42.1,61.88,True,2.0,True,True,False,Disclosure Required,Traditional,2026-06-23 12:00:00,2026-07-08 03:00:00
ASSIGN00647,OFF00035,Reflective Analysis of Differential Equations,Essay,Moderate,898,1129,80.26,97.96,20.64,70.88,False,0.0,True,False,True,Limited,Traditional,2026-06-30 10:00:00,2026-07-25 04:00:00
ASSIGN00648,OFF00177,Current Research Perspectives on Astrophysics II,Literature Review,Hard,2485,3140,68.09,32.77,87.35,65.67,True,8.0,True,False,no,Limited,Process-Oriented,2026-09-29 09:00:00,2026-11-04 23:00:00
ASSIGN00649,OFF00010,Evidence-Based Study of Modern History,Research Paper, Moderate ,1693,2029,68.12,41.03,87.18,74.03,True,4.0,True,True,False,Allowed,Project-Based,2025-10-13 13:00:00,2025-11-26 22:00:00
ASSIGN00650,OFF00160,Experimental Evaluation of Web Application Development II,Lab Report,Moderate,1206,1499,60.32,60.36,32.58,55.2,True,4.0,False,False,False,Limited,Multi-Stage,2026-02-07 12:00:00,2026-02-17 02:00:00
ASSIGN00651,OFF00002,Applied Case Analysis of Inorganic Chemistry,Case Study,Hard,1606,2064,60.17,40.69,72.21,94.84,False,0.0,False,False,False,Limited,Peer-Review,2026-06-11 18:00:00,2026-07-20 08:00:00
ASSIGN00652,OFF00223,Reflective Analysis of Econometrics II,Essay,Moderate,984,1253,73.37,75.59,48.14,65.5,False,,True,True,False,Disclosure Required,Oral Defense,2026-02-19 09:00:00,2026-04-05 03:00:00
ASSIGN00653, OFF00002 ,An Investigation into Inorganic Chemistry,Research Paper,Hard,2793,3439,64.88,65.3,88.63,36.81,True,2.0,True,False,False,Disclosure Required,Process-Oriented,2026-06-14 08:00:00,2026-07-05 22:00:00
ASSIGN00654,OFF00145,Analysis of Laboratory Results Cultural History II,Lab Report,Easy,1270,1611,50.6,80.41,30.12,69.4,True,5.0,False,True,True,Prohibited,Traditional,2026-06-16 16:00:00,2026-06-25 05:00:00
ASSIGN00655,OFF00214,A Systematic Examination of Computer Networks II,Research Paper,Moderate,2515,3161,40.73,73.89,67.54,61.69,True,3.0,True,False,False,Prohibited,Scaffolded,2026-09-02 17:00:00,2026-10-01 07:00:00
ASSIGN00656,OFF00026,Personal Learning Reflection on Modern History,Reflective Report,Moderate,728,941,35.06,53.21,46.98,65.54,True,2.0,False,False,False,Disclosure Required,Peer-Review,2027-01-30 08:00:00,2027-02-28 17:00:00
ASSIGN00657,OFF00194,Evidence-Based Study of Astrophysics II,Research Paper,Moderate,2993,3791,28.08,70.25,93.01,63.72,True,11.0,True,False,False,Disclosure Required,Scaffolded,2027-02-01 13:00:00,2027-02-10 21:00:00
ASSIGN00658,OFF00244,Evidence-Based Study of Cultural History II,Research Paper,Moderate,2044,2607,60.8,67.59,86.67,49.22,True,6.0,True,False,True,Limited,Multi-Stage,2026-09-04 09:00:00,2026-10-13 04:00:00
ASSIGN00659,OFF00145,A Comparative Study of Cultural History II,Research Paper,Moderate,2077,2492,52.31,85.67,83.22,57.07,True,7.0,True,False,True,Limited,Peer-Review,2026-06-21 18:00:00,2026-07-16 06:00:00
ASSIGN00660,OFF00012,Laboratory Investigation of Modern History,Lab Report,Moderate,1661,2076,74.1,51.73,36.21,59.64,True,4.0,True,False,True,Prohibited,Process-Oriented,2026-02-18 18:00:00,2026-04-03 03:00:00
ASSIGN00661,OFF00177,A Comparative Study of Astrophysics II,Research Paper,Moderate,2682,2997,40.61,72.94,77.61,63.6,True,3.0,True,False,True,Prohibited,Project-Based,2026/09/11 16:00:00,2026-10-19 08:00:00
ASSIGN00662,OFF00136,Contemporary Perspectives on Probability and Statistics II,Essay,Moderate,1343,1512,30.71,93.88,67.87,59.95,True,3.0,True,False,False,Prohibited,Project-Based,2026-06-12 10:00:00,2026-07-28 04:00:00
ASSIGN00663,OFF00181,Strategic Case Study: World History II,Case Study,Hard,1519,1816,88.75,33.63,27.43,79.42,True,6.0,True,False,True,Limited,Project-Based,2025-09-07 10:00:00,2025-09-23 03:00:00
ASSIGN00664,OFF00007,Evaluating the Impact of Quantum Physics,Essay,Moderate,1322,1568,70.33,89.09,74.34,71.0,True,2.0,True,False,False,Prohibited,Reflective,2027-02-10 13:00:00,2027-03-20 08:00:00
ASSIGN00665,OFF00053,Applied Case Analysis of Microbiology,Case Study,Hard,2152,2401,79.95,57.03,38.04,49.54,True,3.0,True,False,0,Prohibited,Reflective,2026-02-23 09:00:00,2026-03-07 04:00:00
ASSIGN00666,OFF00220,Laboratory Investigation of Academic Writing II,Lab Report,Easy,988,1264,56.2,33.64,46.08,46.62,True,3.0,True,False,yes,Limited,Traditional,2025-09-25 18:00:00,25-10-2025 08:00
ASSIGN00667,OFF00200,Current Research Perspectives on Modern History II,Literature Review,Moderate,1608,1954,54.2,41.14,77.21,88.84,True,6.0,True,False,False,Allowed,Multi-Stage,2026-02-25 13:00:00,2026-03-24 21:00:00
ASSIGN00668,OFF00014,Experimental Evaluation of Classical Mechanics,Lab Report,Moderate,1258,1450,75.27,91.07,33.72,44.54,False,0.0,True,False,False,Limited,Reflective,2026-02-21 12:00:00,2026-03-13 01:00:00
ASSIGN00669,OFF00199,Review of Research on Modern History II,Literature Review,Easy,1202,1347,33.05,63.03,80.74,60.26,True,4.0,True,False,False,Limited,Process-Oriented,2025-10-06 18:00:00,2025-10-21 05:00:00
ASSIGN00670,OFF00249,Strategic Case Study: Literary Analysis II,Case Study,Hard,2200,2527,54.15,44.25,46.9,63.91,False,0.0,True,False,False,Prohibited,Reflective,2025-09-02 13:00:00,2025-10-10 21:00:00
ASSIGN00671,OFF00105,Research Analysis of Organizational Behavior II,Research Paper,Moderate,1608,1975,59.93,42.8,91.12,71.12,True,5.0,True,False,False,Limited,,2026-06-16 12:00:00,2026-07-15 01:00:00
ASSIGN00672,OFF00222,Research Analysis of Academic Writing II,Research Paper,Easy,1864,2408,47.12,58.11,89.92,85.83,True,7.0,True,False,False,LIMITED,Peer-Review,2027-01-31 10:00:00,2027-02-23 03:00:00
ASSIGN00673,OFF00199,Critical Analysis of Modern History II,Essay,Hard,885,1106,58.56,64.85,34.77,60.81,True,3.0,True,False,False,Disclosure Required,Multi-Stage,2025-09-13 15:00:00,2025-09-24 10:00:00
ASSIGN00674,OFF00117,An Investigation into Principles of Management II,Research Paper,Hard,2011,2584,88.42,71.63,80.76,63.96,True,2.0,True,True,False,Disclosure Required,Process-Oriented,2026-02-16 11:00:00,2026-03-16 21:00:00
ASSIGN00675,OFF00247,A Systematic Examination of Creative Writing II,Research Paper,Hard,1674,2089,78.26,36.5,65.01,68.04,True,5.0,True,True,True,Limited,Oral Defense,2026-09-17 14:00:00,2026-09-29 04:00:00
ASSIGN00676,OFF00020,Exploring the Role of Modern History,Essay,Moderate,1246,1433,53.27,82.41,69.8,69.4,True,3.0,False,False,True,Disclosure Required,Peer-Review,2026-09-21 13:00:00,2026-09-28 23:00:00
ASSIGN00677,OFF00152,A Systematic Examination of Rhetoric and Composition II,Research Paper,Hard,1637,1908,48.06,45.12,77.93,74.57,YES,4.0,True,False,True,Limited,Peer-Review,2025-10-13 15:00:00,2025-11-25 01:00:00
ASSIGN00678,OFF00114,Critical Analysis of Differential Equations II,Essay,,1555,1960,42.63,65.07,55.56,52.14,True,6.0,False,False,True,Prohibited,Process-Oriented,2026-10-03 17:00:00,2026-10-28 09:00:00
ASSIGN00679,OFF00043,Evidence-Based Study of Genetics,Research Paper,Moderate,1672,1911,50.21,68.91,80.4,46.68,True,3.0,True,False,True,Limited,Peer-Review,2025-10-04 09:00:00,2025-10-29 19:00:00
ASSIGN00680,OFF00004,Research Analysis of Classical Mechanics,Research Paper,,1747,2211,61.56,59.29,89.62,86.39,True,2.0,True,False,False,Prohibited,Traditional,2026-10-05 16:00:00,2026-11-01 11:00:00
ASSIGN00681,OFF00131,A Comparative Study of Modern Physics II,Research Paper,Hard,2551,3296,68.17,68.69,76.73,42.37,True,4.0,True,False,True,Disclosure Required,Peer-Review,2026-02-20 10:00:00,2026-04-06 19:00:00
ASSIGN00682,OFF00052,Case Analysis of Microbiology,Case Study,Moderate,1669,2152,58.1,49.4,77.1,67.57,False,0.0,True,False,False,Allowed,Reflective,2027-02-10 11:00:00,2027-02-27 06:00:00
ASSIGN00683,OFF00138,Experimental Evaluation of Academic Writing II,Lab Report,Easy,894,1000,69.75,63.05,32.16,81.72,True,2.0,True,False,False,Limited,PROCESS-ORIENTED,2025-09-12 12:00:00,2025-10-01 04:00:00
ASSIGN00684,OFF00195,Personal Learning Reflection on Research Methods in Psychology II,Reflective Report,Hard,1444,1624,28.82,66.86,72.88,41.12,False,0.0,False,False,False,Disclosure Required,Multi-Stage,2026-10-06 11:00:00,2026-10-23 19:00:00
ASSIGN00685,OFF00080,A Systematic Examination of Microeconomics II,Research Paper,Hard,2018,2283,72.08,41.77,81.11,80.8,True,2.0,True,False,False,Limited,Scaffolded,2026-02-10 10:00:00,2026-03-02 04:00:00
ASSIGN00686,OFF00131,Case Analysis of Modern Physics II,Case Study,Moderate,1873,2325,73.55,47.24,74.6,70.13,True,7.0,False,False,True,Prohibited,Scaffolded,2026-02-12 10:00:00,2026-03-10 05:00:00
ASSIGN00687,OFF00025,Reflective Analysis of Modern History, Essay ,Hard,1515,1677,88.28,100.0,67.48,90.29,False,0.0,True,False,True,Disclosure Required,Scaffolded,2025-10-18 10:00:00,2025-11-16 22:00:00
ASSIGN00688,OFF00183,A Comparative Study of Financial Management II,Research Paper,Moderate,1632,1937,58.08,94.21,89.32,50.52,True,3.0,True,False,True,Disclosure Required,Project-Based,2026-02-28 16:00:00,2026-03-28 11:00:00
ASSIGN00689,OFF00135,Critical Analysis of Probability and Statistics II,Essay,Moderate,1624,1965,39.74,84.04,67.7,65.41,True,5.0,True,False,False,Limited,Multi-Stage,2027-02-25 18:00:00,2027-04-01 10:00:00
ASSIGN00690,OFF00113,A Systematic Examination of Differential Equations II,Research Paper,Hard,1581,1825,75.12,83.73,84.52,78.96,True,3.0,True,False,False,Disclosure Required,Project-Based,2025-09-02 16:00:00,2025-10-18 05:00:00
ASSIGN00691,OFF00212,Critical Analysis of Development Economics II,Essay,Hard,1542,1827,37.23,80.22,54.72,55.52,True,2.0,True,False,True,Limited,Project-Based,2025-09-19 08:00:00,2025-10-27 02:00:00
ASSIGN00692,OFF00038,Experimental Analysis of Microbiology,Lab Report,Moderate,1309,1588,53.83,43.33,53.05,58.66,False,0.0,False,False,False,Prohibited,Multi-Stage,2026-02-17 14:00:00,2026-03-05 10:00:00
ASSIGN00693,OFF00157,Contemporary Perspectives on Modern History II,Essay,Hard,1631,1900,55.7,81.39,54.73,62.48,True,3.0,False,False,False,Prohibited,Reflective,2026-09-06 13:00:00,2026-10-21 02:00:00
ASSIGN00694,OFF00016,Evaluating the Impact of Classical Mechanics,Essay,Hard,1644,1870,61.26,65.02,22.07,73.81,True,4.0,True,True,False,Limited,Reflective,2025-09-04 09:00:00,2025-09-13 02:00:00
ASSIGN00695,OFF00139,Laboratory Investigation of Academic Writing II,Lab Report,Moderate,1171,1516,37.18,73.85,58.23,55.17,True,4.0,True,False,True,Disclosure Required,Peer-Review,2026-06-11 12:00:00,2026-06-23 03:00:00
ASSIGN00696,OFF00133,Experimental Analysis of Strategic Management II,Lab Report,Hard,991,1117,58.43,50.32,39.13,72.11,True,2.0,False,False,False,Allowed,Scaffolded,2026-10-09 10:00:00,2026-10-30 04:00:00
ASSIGN00697,OFF00072,Critical Analysis of Software Engineering II,Essay,Easy,864,1103,47.24,66.48,72.39,81.24,False,0.0,True,False,NO,Disclosure Required,Project-Based,2025-10-14 18:00:00,2025-11-11 04:00:00
ASSIGN00698,OFF00155,Exploring the Role of Data Analytics II,Essay,Easy,1567,1823,15.93,61.36,54.88,52.62,True,3.0,False,True,True,Disclosure Required,Project-Based,2027-02-05 09:00:00,2027-02-14 01:00:00
ASSIGN00699,OFF00130,A Systematic Examination of Modern Physics II,Research Paper,Hard,1610,2033,58.92,90.89,86.96,54.76,True,2.0,True,False,True,Prohibited,Peer-Review,2027-01-22 11:00:00,2027-03-04 20:00:00
ASSIGN00700,OFF00031,Critical Literature Analysis of Financial Management,Literature Review,Moderate,2055,2382,48.59,58.22,93.56,53.24,True,6.0,True,False,False,Prohibited,Process-Oriented,2026-01-31 12:00:00,2026-02-12 07:00:00
ASSIGN00701,OFF00192,Exploring the Role of Astrophysics II,Essay,Easy,846,953,15.69,31.62,35.71,84.98,True,2.0,True,False,False,Limited,Scaffolded,2026-06-13 12:00:00,2026/07/27 05:00:00
ASSIGN00702,OFF00125,A Comparative Study of Astrophysics II,Research Paper,Hard,1522,1738,71.8,65.08,68.85,59.87,True,4.0,True,False,False,Limited,Traditional,2025-09-10 11:00:00,2025-10-06 23:00:00
ASSIGN00703,OFF00100,Evaluating the Impact of Quantum Physics II,Essay,Moderate,867,1104,37.25,72.42,68.29,75.85,True,2.0,True,True,False,Prohibited,Process-Oriented,2025-09-18 13:00:00,2025-10-17 08:00:00
ASSIGN00704,OFF00182,Experimental Analysis of World History II,Lab Report,Easy,1667,2087,36.57,53.88,64.95,52.05,False,0.0,True,False,True,Disclosure Required,Project-Based,2027-03-06 15:00:00,2027-03-22 09:00:00
ASSIGN00705,OFF00134,Experimental Analysis of Strategic Management II,Lab Report,Hard,857,1064,63.63,41.58,58.03,78.64,True,3.0,False,False,False,Disclosure Required,Scaffolded,2025-09-24 15:00:00,2025-10-30 04:00:00
ASSIGN00706,OFF00113,Critical Analysis of Differential Equations II,Essay,Moderate,1472,1641,50.11,52.73,67.39,63.76,True,2.0,True,False,TRUE,Disclosure Required,Project-Based,2025-09-14 16:00:00,2025-10-22 03:00:00
ASSIGN00707,OFF00188,An Investigation into Business Analytics II,Research Paper,Easy,2017,2347,64.81,51.88,87.18,60.87,True,7.0,True,False,False,Prohibited,Multi-Stage,2026-03-13 15:00:00,2026-04-04 03:00:00
ASSIGN00708,OFF00237,Laboratory Investigation of Genetics II,Lab Report,Hard,762,914,59.03,53.15,64.11,61.81,False,0.0,False,False,False,Prohibited,Traditional,2026-09-27 13:00:00,2026-11-06 02:00:00
ASSIGN00709,OFF00050,Critical Reflection on Inorganic Chemistry,Reflective Report,Easy,1252,1536,55.49,59.26,34.31,62.4,True,3.0,True,False,False,Limited,Peer-Review,2026-06-29 10:00:00,2026-07-20 19:00:00
ASSIGN00710,OFF00179,A Systematic Examination of Astrophysics II,Research Paper,HARD,1966,2365,61.92,96.86,90.42,69.69,True,7.0,True,True,False,Disclosure Required,Scaffolded,2027-01-25 13:00:00,2027-02-14 04:00:00
ASSIGN00711,OFF00045,Case-Based Evaluation of Genetics,Case Study,Easy,1709,2002,62.67,77.62,58.93,68.78,True,5.0,False,False,False,Disclosure Required,Peer-Review,2026-03-11 16:00:00,2026-04-25 10:00:00
ASSIGN00712,OFF00197,An Investigation into Research Methods in Psychology II,Research Paper,Moderate,2530,3225,46.56,55.19,81.14,46.5,True,4.0,True,True,False,Disclosure Required,Oral Defense,2025-10-18 09:00:00,2025-10-28 04:00:00
ASSIGN00713,OFF00076,Evidence-Based Study of Research Methods in Psychology II,Research Paper,Easy,2864,3155,17.63,83.27,73.32,71.86,True,4.0,True,False,False,Allowed,Reflective,2026-06-20 14:00:00,2026-07-04 09:00:00
ASSIGN00714,OFF00251,An Investigation into Cell Biology II,Research Paper,Moderate,2918,3218,46.51,66.13,93.31,49.99,True,6.0,True,False,True,Limited,Process-Oriented,2025-10-02 14:00:00,2025-11-05 05:00:00
ASSIGN00715,OFF00261,Experimental Analysis of Rhetoric and Composition II,Lab Report,Moderate,1259,1422,57.43,40.97,45.17,61.05,False,0.0,True,True,False,Limited,Scaffolded,2027-02-20 09:00:00,2027-03-07 05:00:00
ASSIGN00716,OFF00115,Learning Experience Analysis: Differential Equations II,Reflective Report,Moderate,1177,1477,33.35,55.97,33.86,78.97,True,2.0,True,False,False,Prohibited,Traditional,2026-06-25 11:00:00,2026-07-06 23:00:00
ASSIGN00717,OFF00071,Case-Based Evaluation of Software Engineering II,Case Study,Hard,2159,2803,81.69,31.44,72.49,73.92,True,8.0,True,False,False,Prohibited,Traditional,2026-02-05 16:00:00,2026-02-19 12:00:00
ASSIGN00718,OFF00105,A Comparative Study of Organizational Behavior II,Research Paper,Moderate,2524,3247,38.9,62.52,82.2,83.01,True,2.0,True,False,False,Prohibited,Reflective,2026-06-20 16:00:00,2026-07-05 01:00:00
ASSIGN00719,OFF00086,Critical Analysis of Artificial Intelligence II,Essay,Moderate,1586,2054,45.71,65.58,34.7,40.38,True,2.0,False,False,False,Prohibited, Peer-Review ,2027-01-31 15:00:00,03/03/2027 08:00
ASSIGN00720,OFF00183,Literature Review on Financial Management II,Literature Review,Moderate,1244,1429,44.93,40.62,72.26,71.89,True,3.0,True,False,False,Prohibited,Scaffolded,2026-03-14 18:00:00,2026-04-21 06:00:00
ASSIGN00721,OFF00168,Reflective Report on Historical Research Methods II,Reflective Report,Hard,1500,1856,56.87,88.36,32.6,70.94,True,4.0,True,True,no,Prohibited, Oral Defense ,2026-09-12 09:00:00,2026-09-23 18:00:00
ASSIGN00722,OFF00052,Case-Based Evaluation of Microbiology,Case Study,Easy,1023,1225,52.96,60.54,34.87,68.01,True,2.0,True,False,False,Prohibited, Traditional ,2027-03-05 12:00:00,2027-03-28 22:00:00
ASSIGN00723,OFF00139,Critical Literature Analysis of Academic Writing II,Literature Review,Moderate,1700,2124,60.91,47.79,75.97,63.68,True,5.0,True,False,False,Limited,Project-Based,2026-06-14 09:00:00,2026-07-17 18:00:00
ASSIGN00724,OFF00143,,Case Study,Moderate,1637,1889,37.93,39.29,28.5,84.51,False,0.0,True,False,False,Prohibited,Reflective,2027-03-10 13:00:00,2027-04-20 23:00:00
ASSIGN00725,OFF00024,Laboratory Investigation of Organizational Behavior,Lab Report,Moderate,1455,1617,57.0,26.91,33.73,80.86,False,0.0,True,False,True,Prohibited,Reflective,2025-09-09 13:00:00,2025-10-22 02:00:00
ASSIGN00726,OFF00005,Current Research Perspectives on Classical Mechanics,Literature Review,Moderate,2620,2990,51.88,38.11,85.09,91.78,True,7.0,True,False,True,Limited,Peer-Review,2026-01-23 15:00:00,2026-02-19 23:00:00
ASSIGN00727,OFF00110,Case-Based Evaluation of Modern History II,Case Study,Moderate,2199,2720,68.88,61.33,73.5,67.38,False,0.0,False,False,False,Prohibited,Peer-Review,2025-09-05 13:00:00,2025-09-24 01:00:00
ASSIGN00728,OFF00121,Laboratory Investigation of Physical Chemistry II,Lab Report, Moderate ,1284,1612,55.1,17.5,39.57,76.23,True,2.0,False,True,True,Disclosure Required,Project-Based,2026-02-18 08:00:00,2026-03-22 01:00:00
ASSIGN00729,OFF00096,Research Analysis of Social Psychology II,Research Paper,Moderate,1757,2270,52.72,73.63,85.15,68.32,True,6.0,True,False,False,Limited,Peer-Review,2025-09-11 16:00:00,2025-10-11 10:00:00
ASSIGN00730,OFF00167,Case Analysis of Historical Research Methods II,Case Study,Moderate,2193,2456,42.97,35.76,27.28,66.39,False,0.0,True,False,False, Disclosure Required ,Scaffolded,2027-02-12 11:00:00,2027-03-30 01:00:00
ASSIGN00731,OFF00162,Evaluating the Impact of Web Application Development II,Essay,moderate,1387,1757,30.0,74.23,56.87,49.58,False,0.0,True,False,False,Prohibited,Reflective,2025-09-05 13:00:00,2025-09-19 08:00:00
ASSIGN00732,OFF00234,A Systematic Examination of World History II,Research Paper,Easy,2307,2894,64.49,48.6,71.53,64.34,True,6.0,True,True,False,Disclosure Required,Peer-Review,2026-02-06 18:00:00,2026-03-24 10:00:00
ASSIGN00733,OFF00169,A Systematic Examination of Creative Writing II,Research Paper,Moderate,1816,2164,51.12,88.29,82.2,68.83,True,2.0,True,True,False,Prohibited,Oral Defense,2026-10-16 15:00:00,2026-11-30 03:00:00
ASSIGN00734,OFF00122,A Comparative Study of Physical Chemistry II,Research Paper,Moderate,2127,2596,37.8,56.62,87.45,86.7,True,6.0,True,0,True,Limited,Peer-Review,2026-06-14 10:00:00,2026-07-20 05:00:00
ASSIGN00735,OFF00252,Strategic Case Study: Cell Biology II,Case Study,Moderate,1589,1964,49.44,47.09,71.79,54.58,False,0.0,True,False,True,Prohibited,Process-Oriented,2026-03-06 12:00:00,2026-03-14 22:00:00
ASSIGN00736,OFF00025,Experimental Analysis of Modern History,Lab Report,Moderate,964,1152,31.81,78.51,33.58,65.95,True,3.0,False,False,False,Prohibited,Traditional,2025-09-18 18:00:00,2025-10-19 03:00:00
ASSIGN00737,OFF00036,Contemporary Perspectives on Differential Equations,Essay,Moderate,1316,1468,33.49,81.14,27.37,73.96,yes,3.0,True,True,False,Disclosure Required,Oral Defense,2026-08-29 15:00:00,2026-09-24 09:00:00
ASSIGN00738,OFF00043,Laboratory Investigation of Genetics,Lab Report,Easy,1777,2302,31.26,41.23,63.16,71.88,True,6.0,False,False,False,Prohibited,Multi-Stage,2025-09-10 13:00:00,2025-10-04 00:00:00
ASSIGN00739,OFF00138,Literature Review on Academic Writing II,Literature Review,Hard,2135,2431,75.88,38.57,88.63,37.02,1,7.0,True,False,False,Limited,Scaffolded,2025-10-04 10:00:00,2025-10-16 23:00:00
ASSIGN00740,OFF00244,Critical Analysis of Cultural History II,Essay,Easy,801,959,53.69,82.85,65.4,64.13,True,3.0,True,False,False,Prohibited,Reflective,2026-10-16 13:00:00,06-11-2026 04:00
ASSIGN00741,OFF00154,An Investigation into Rhetoric and Composition II,Research Paper,Moderate,2009,2254,45.41,93.8,65.79,34.82,True,3.0,True,True,True,Limited,Oral Defense,2026-08-31 16:00:00,2026-10-07 03:00:00
ASSIGN00742,OFF00139,Applied Case Analysis of Academic Writing II,Case Study,Moderate,1740,1932,60.85,61.75,57.36,53.43,False,0.0,True,False,True,Limited,Project-Based,2026-06-17 12:00:00,2026-06-30 07:00:00
ASSIGN00743,OFF00257,Laboratory Investigation of Microeconomics II,Lab Report,Easy,1027,1270,15.3,61.37,45.89,69.83,False,0.0,True,False,False,Limited,Traditional,2027-01-21 17:00:00,2027-02-01 08:00:00
ASSIGN00744,OFF00059,Critical Analysis of Microeconomics,Essay,Moderate,1443,1725,71.32,61.53,72.28,67.62,False,0.0,True,False,False,Allowed,Reflective,2027-03-06 13:00:00,2027-04-19 03:00:00
ASSIGN00745,OFF00229,Reflective Analysis of Literary Analysis II,Essay,Moderate,1632,1902,24.83,80.85,57.24,42.03,False,0.0,True,False,True,Prohibited, Scaffolded ,2026-06-30 08:00:00,2026-07-13 18:00:00
ASSIGN00746,OFF00035,Critical Analysis of Differential Equations,Essay,Hard,1338,1615,64.45,54.39,67.66,70.07,False,0.0,False,False,False,Prohibited,Reflective,2026-06-19 09:00:00,2026-07-10 17:00:00
ASSIGN00747,OFF00243,An Investigation into Financial Management II,Research Paper,Moderate,2366,2836,47.17,66.58,75.49,64.07,True,2.0,True,False,False,Prohibited,Scaffolded,2026-06-29 13:00:00,2026-07-25 09:00:00
ASSIGN00748,OFF00117,Research Analysis of Principles of Management II,Research Paper,Easy,2766,3501,50.48,91.09,78.13,72.08,True,4.0,True,False,True,Disclosure Required,Project-Based,2026-02-19 10:00:00,2026-03-31 00:00:00
ASSIGN00749,OFF00056,Critical Analysis of Modern Physics,Essay,Hard,1094,1371,54.74,60.93,28.06,80.21,True,2.0,False,False,True,Disclosure Required,Project-Based,2027-03-05 12:00:00,2027-04-06 22:00:00
ASSIGN00750,OFF00199,Experimental Analysis of Modern History II,Lab Report,Moderate,1096,1409,33.94,50.18,51.17,39.68,True,4.0,True,False,False,Disclosure Required,Reflective,2025-10-15 14:00:00,2025-11-20 02:00:00
ASSIGN00751,OFF00041,A Comparative Study of Microbiology,Research Paper,Hard,2646,3266,63.24,53.45,85.85,55.26,True,3.0,True,False,True,Limited,Peer-Review,2026-06-12 14:00:00,2026-07-17 05:00:00
ASSIGN00752,OFF00135,Learning Experience Analysis: Probability and Statistics II,Reflective Report,Moderate,793,952,52.84,79.08,57.49,54.28,True,2.0,True,False,True,prohibited,Peer-Review,2027-02-07 17:00:00,2027-02-28 02:00:00
ASSIGN00753,OFF00228,Case-Based Evaluation of Econometrics II,Case Study,Moderate,2068,2687,66.83,32.23,75.58,76.74,True,2.0,True,False,False,Prohibited,Scaffolded,2025-09-27 18:00:00,2025-11-11 05:00:00
ASSIGN00754,OFF00071,A Comparative Study of Software Engineering II,Research Paper,Hard,2415,2836,58.74,84.33,88.59,58.72,True,4.0,True,True,False, Disclosure Required ,Oral Defense,2026-03-11 08:00:00,2026-04-02 02:00:00
ASSIGN00755,OFF00149,A Systematic Examination of Thermodynamics II,Research Paper,Moderate,2201,2762,39.57,79.14,68.53,71.62,True,2.0,True,False,True,Prohibited,Peer-Review,2027-01-30 11:00:00,2027-02-06 19:00:00
ASSIGN00756,OFF00050,Literature Review on Inorganic Chemistry,Literature Review,Moderate,2236,2845,41.88,58.13,75.47,63.02,True,4.0,True,False,True,Prohibited,Process-Oriented,2026-06-23 14:00:00,2026-06-30 22:00:00
ASSIGN00757,OFF00068,Review of Research on Organic Chemistry II,Literature Review,Moderate,2205,2783,52.21,55.06,71.39,43.91,True,4.0,True,False,False,Prohibited,Traditional,2027-01-25 11:00:00,2027-02-27 00:00:00
ASSIGN00758,OFF00108,Critical Analysis of Computer Networks II,Essay,,1244,1550,50.04,48.06,52.17,49.27,True,2.0,True,False,False,Disclosure Required,Scaffolded,2026-06-26 08:00:00,2026-07-16 16:00:00
ASSIGN00759,OFF00149,Analysis of Laboratory Results Thermodynamics II,Lab Report,Hard,903,1143,63.36,64.66,57.55,61.5,True,,True,False,False,Prohibited,Traditional,2027-02-09 12:00:00,2027-03-01 02:00:00
ASSIGN00760,OFF00028,Contemporary Perspectives on Physical Chemistry,Essay,Moderate,1645,2088,44.68,63.22,42.89,70.88,True,5.0,False,False,True,Prohibited,Multi-Stage,2027-03-07 15:00:00,2027-04-02 23:00:00
ASSIGN00761,OFF00181,Evidence-Based Study of World History II,Research Paper,Moderate,2527,3000,33.21,48.92,68.66,85.29,True,9.0,True,True,False,Limited,Oral Defense,2025-09-16 09:00:00,2025-10-10 19:00:00
ASSIGN00762,OFF00200,Laboratory Investigation of Modern History II,Lab Report,Hard,830,954,71.21,39.47,55.4,55.37,False,0.0,True,True,False,Disclosure Required,Oral Defense,2026-03-06 17:00:00,2026-03-25 02:00:00
ASSIGN00763,OFF00068,Reflective Analysis of Organic Chemistry II,Essay,Moderate,1390,1770,41.66,50.42,70.07,60.3,True,2.0,False,True,True,Limited,Oral Defense,2027-01-21 15:00:00,2027-02-05 02:00:00
ASSIGN00764,OFF00105,Case Analysis of Organizational Behavior II,Case Study,Easy,1559,2010,50.34,70.33,35.51,66.59,False,0.0,True,True,False,Limited,Scaffolded,2026-06-14 15:00:00,2026-07-16 05:00:00
ASSIGN00765,OFF00143,Evidence-Based Study of Cultural History II,Research Paper,Moderate,2706,3430,61.13,65.63,82.3,58.12,True,9.0,True,False,False,Prohibited,Process-Oriented,2027-03-03 14:00:00,2027-04-11 10:00:00
ASSIGN00766,OFF00132,Strategic Case Study: Strategic Management II,Case Study,Moderate,1762,2225,49.91,62.84,63.17,56.02,True,2.0,False,False,True,Prohibited,Scaffolded,2026-02-23 18:00:00,2026-03-24 12:00:00
ASSIGN00767,OFF00085,Experimental Evaluation of Genetics II,Lab Report,Moderate,1356,1742,53.33,52.93,32.47,64.63,True,3.0,True,False,False,Limited,Scaffolded,2026-02-20 13:00:00,2026/03/19 08:00:00
ASSIGN00768,OFF00238,Contemporary Perspectives on Social Psychology II,Essay,Easy,878,1086,62.94,70.63,53.24,62.89,True,2.0,True,True,False,Limited,Oral Defense,2027-03-03 16:00:00,2027-04-07 12:00:00
ASSIGN00769,OFF00223,,Essay,Moderate,1290,1455,49.2,38.23,44.89,62.62,False,0.0,True,False,False,Prohibited,Traditional,2026-02-06 08:00:00,2026-02-25 17:00:00
ASSIGN00770,OFF00112,Applied Case Analysis of Modern History II,Case Study,Hard,1489,1709,49.02,46.9,21.19,64.64,True,4.0,False,False,False,Prohibited,Reflective,2026-02-12 16:00:00,2026-03-23 05:00:00
ASSIGN00771,OFF00044,Exploring the Role of Genetics,Essay,Moderate,957,1161,56.88,100.0,26.26,85.17,True,2.0,True,False,False,Disclosure Required,Scaffolded,2026-09-16 09:00:00,2026-10-22 02:00:00
ASSIGN00772,OFF00215,Exploring the Role of Computer Networks II,Essay,Moderate,1529,1964,49.84,78.38,59.4,58.99,True,3.0,False,False,False,Disclosure Required,Multi-Stage,2027-03-13 16:00:00,2027-04-26 05:00:00
ASSIGN00773,OFF00065,Evidence-Based Study of Macroeconomics II,Research Paper,Moderate,2450,3015,52.87,73.21,92.7,50.29,True,3.0,True,False,True,Prohibited,Peer-Review,2027-02-28 17:00:00,2027-04-14 02:00:00
ASSIGN00774,OFF00183,Critical Analysis of Financial Management II,Essay,Hard,1756,2143,58.09,44.54,58.03,62.37,True,4.0,False,False,False,Allowed,Project-Based,2026-01-30 14:00:00,2026-03-12 03:00:00
ASSIGN00775,OFF00201,Experimental Analysis of Modern History II,Lab Report, Moderate ,1091,1294,49.46,48.91,49.76,49.98,False,0.0,False,True,False,Prohibited,Traditional,2026-09-27 09:00:00,2026-11-12 05:00:00
ASSIGN00776,OFF00192,Case Analysis of Astrophysics II,Case Study,Hard,1640,2084,63.8,52.43,64.47,71.92,False,0.0,False,False,False,Prohibited,Project-Based,2026-06-15 09:00:00,2026-07-16 03:00:00
ASSIGN00777,OFF00116,Laboratory Investigation of Differential Equations II,Lab Report,Moderate,1420,1769,54.03,45.31,43.39,62.87,False,0.0,False,False,True,Prohibited,Reflective,2026-02-16 13:00:00,2026-03-23 03:00:00
ASSIGN00778,OFF00081,Case-Based Evaluation of Microeconomics II,Case Study,Moderate,1434,1860,53.84,43.63,41.17,52.2,True,2.0,True,True,False,Prohibited,Oral Defense,2025-09-14 08:00:00,2025-10-06 16:00:00
ASSIGN00779,OFF00219,Research Analysis of Genetics II,Research Paper,Hard,2719,3402,59.33,75.8,90.15,75.82,True,6.0,True,False,False,Prohibited,,2026-09-29 12:00:00,2026-10-19 08:00:00
ASSIGN00780,OFF00135,Critical Analysis of Probability and Statistics II,Essay,Moderate,814,1019,63.98,57.28,64.74,93.88,True,3.0,False,True,False,Disclosure Required,Oral Defense,2027-01-22 10:00:00,2027-02-14 22:00:00
ASSIGN00781, OFF00098 ,Evidence-Based Study of Social Psychology II,Research Paper,Hard,1676,1851,54.4,66.59,83.59,82.85,True,4.0,True,False,False,Prohibited,Scaffolded,2026-10-10 11:00:00,2026-10-26 07:00:00
ASSIGN00782, OFF00209 ,A Systematic Examination of Macroeconomics II,Research Paper,Moderate,2502,2970,25.0,71.96,75.29,60.68,True,9.0,True,False,False,Limited,,2025-09-11 13:00:00,2025-10-09 01:00:00
ASSIGN00783,OFF00001,Reflective Report on Inorganic Chemistry,Reflective Report,Moderate,799,907,29.07,49.3,43.38,81.83,True,2.0,True,False,False,Limited,Project-Based,2026-10-04 12:00:00,2026-10-23 03:00:00
ASSIGN00784,OFF00250,Current Research Perspectives on Literary Analysis II,Literature Review,Hard,1908,2121,72.74,64.23,84.25,49.4,True,3.0,True,False,False,Prohibited,Project-Based,2026-10-02 08:00:00,2026-11-05 18:00:00
ASSIGN00785,OFF00245,Analysis of Laboratory Results Cultural History II,Lab Report,Moderate,1376,1652,54.32,83.86,61.21,61.44,False,,True,False,False,Prohibited,Project-Based,2026-06-15 17:00:00,2026-06-25 04:00:00
ASSIGN00786,OFF00128,Personal Learning Reflection on Astrophysics II,Reflective Report,Moderate,812,917,50.76,70.17,46.5,63.36,True,3.0,True,False,False,Prohibited,Peer-Review,2026-06-16 09:00:00,2026-06-28 23:00:00
ASSIGN00787,OFF00172,Critical Reflection on Creative Writing II,Reflective Report,Easy,1423,1676,38.31,70.66,59.21,89.42,True,5.0,True,True,False,Prohibited,Traditional,2025-09-13 11:00:00,2025-10-15 23:00:00
ASSIGN00788,OFF00034,A Comparative Study of Financial Management,Research Paper,Hard,2653,3347,64.24,88.32,77.55,100.0,True,2.0,True,False,True,Disclosure Required,Process-Oriented,2027-03-02 08:00:00,2027-04-08 02:00:00
ASSIGN00789,OFF00149,Critical Analysis of Thermodynamics II,Essay,Hard,1252,1476,52.8,78.1,50.01,47.53,True,5.0,True,False,False,Disclosure Required,Traditional,2027-02-24 13:00:00,2027-04-02 22:00:00
ASSIGN00790,OFF00040,Experimental Evaluation of Microbiology,Lab Report,Moderate,1462,1671,47.89,87.43,30.5,74.7,True,5.0,False,False,False,Prohibited,Multi-Stage,2026-10-07 15:00:00,2026-11-12 04:00:00
ASSIGN00791,OFF00015,A Comparative Study of Classical Mechanics,Research Paper,Moderate,1746,2088,54.6,52.26,81.58,55.92,True,4.0,True,False,False,Prohibited,Reflective,2026-06-24 18:00:00,2026-07-08 05:00:00
ASSIGN00792,OFF00083,Case-Based Evaluation of Genetics II,Case Study,Hard,1724,2120,52.47,34.55,78.33,77.43,True,5.0,False,False,False,Prohibited,Reflective,2026-10-13 11:00:00,2026-11-10 20:00:00
ASSIGN00793,OFF00023,Research Analysis of Organizational Behavior,Research Paper,Moderate,1639,2070,60.35,67.53,80.44,56.8,True,6.0,True,False,False,Limited,,2026-06-23 13:00:00,2026-07-23 06:00:00
ASSIGN00794,OFF00071,Critical Reflection on Software Engineering II,Reflective Report,Moderate,1508,1783,60.89,95.27,22.51,79.87,False,0.0,False,False,True,Limited,Project-Based,2026-02-02 17:00:00,2026-03-07 12:00:00
ASSIGN00795,OFF00187,Laboratory Investigation of Business Analytics II,Lab Report,Moderate,880,969,51.64,63.83,35.59,79.52,False,0.0,True,False,False,Limited,Process-Oriented,2027-02-27 18:00:00,2027-03-30 13:00:00
ASSIGN00796,OFF00068,A Systematic Examination of Organic Chemistry II,Research Paper,Easy,2492,2938,52.29,72.28,66.35,57.08,True,2.0,True,False,False,Prohibited,Process-Oriented,2027-02-01 17:00:00,2027-03-11 01:00:00
ASSIGN00797,OFF00201,Contemporary Perspectives on Modern History II,Essay,Hard,958,1088,77.43,67.47,53.57,50.31,True,2.0,True,False,False,Limited,Project-Based,2026-10-04 10:00:00,2026-10-22 03:00:00
ASSIGN00798,OFF00035,Evaluating the Impact of Differential Equations,Essay,Moderate,1489,1836,35.83,69.39,76.12,50.82,True,4.0,False,True,False,Limited,Reflective,2026-06-17 17:00:00,2026-06-28 09:00:00
ASSIGN00799,OFF00201,Laboratory Investigation of Modern History II,Lab Report,,1302,1627,90.8,57.31,44.1,57.59,False,0.0,True,False,False,Prohibited,Scaffolded,2026-09-21 14:00:00,2026-11-06 02:00:00
ASSIGN00800,OFF00072,Research Analysis of Software Engineering II,Research Paper,Moderate,1509,1865,52.76,81.04,81.95,68.27,True,4.0,True,False,False,Prohibited,Reflective,2025-10-13 08:00:00,2025-11-22 21:00:00
ASSIGN00697,OFF00072,Critical Analysis of Software Engineering II,Essay,Easy,864,1103,47.24,66.48,72.39,81.24,False,0.0,True,False,False,Disclosure Required, Project-Based ,2025-10-14 18:00:00,2025-11-11 04:00:00
ASSIGN00668,OFF00014,Experimental Evaluation of Classical Mechanics, Lab Report ,Moderate,1258,1450,75.27,91.07,33.72,44.54,False,0.0,True,False,False,Limited,Reflective,2026-02-21 12:00:00,2026-03-13 01:00:00
ASSIGN00064,OFF00053,Current Research Perspectives on Microbiology,Literature Review,Moderate,2715,3050,40.32,21.69,73.87,67.7,True,3.0,True,False,True,Allowed,Peer-Review,2026-03-05 15:00:00,2026-04-13 05:00:00
ASSIGN00534,OFF00095,Literature Review on Introduction to Psychology II,Literature Review,Hard,2153,2409,71.49,36.4,81.26,81.23,True,8.0,True,False,True,Allowed,Peer-Review,2025-09-02 17:00:00,2025-09-28 10:00:00
ASSIGN00067,OFF00169,Case-Based Evaluation of Creative Writing II,Case Study,Moderate,1503,1694,81.57,61.04,31.91,49.53,True,6.0,True,True,True,Prohibited,Oral Defense,2026-10-12 12:00:00,2026-11-21 01:00:00
ASSIGN00622,OFF00042,Strategic Case Study: Genetics,Case Study,Moderate,1444,1859,61.37,57.57,46.01,98.95,TRUE,5.0,True,False,False,Limited,Traditional,2027-02-23 10:00:00,2027-03-07 02:00:00
ASSIGN00347,OFF00109,Laboratory Investigation of Computer Networks II,Lab Report,Hard,1631,2030,81.21,77.32,30.96,55.33,True,6.0,False,False,False,Limited,Scaffolded,2027-02-18 08:00:00,2027-04-04 19:00:00
ASSIGN00491,OFF00126,Experimental Evaluation of Astrophysics II,Lab Report,Hard,929,1098,49.72,56.03,62.56,48.95,False,0.0,False,False,False,Prohibited,Process-Oriented,2026-09-25 17:00:00,2026-10-21 12:00:00
ASSIGN00193,OFF00131,A Systematic Examination of Modern Physics II,Research Paper,Moderate,1942,2286,44.23,48.91,77.45,48.08,True,4.0,True,False,False,Prohibited,Traditional,2026-03-06 12:00:00,2026-03-27 06:00:00
ASSIGN00718,OFF00105,A Comparative Study of Organizational Behavior II,Research Paper,Moderate,2524,3247,38.9,62.52,82.2,83.01,True,2.0,True,False,False,Prohibited,Reflective,2026-06-20 16:00:00,2026-07-05 01:00:00
ASSIGN00169,OFF00155,Experimental Analysis of Data Analytics II,Lab Report,Moderate,794,976,35.26,40.97,45.0,74.51,False,0.0,True,False,False,Disclosure Required,Scaffolded,2027-02-25 17:00:00,2027-04-12 03:00:00
ASSIGN00523,OFF00006,Laboratory Investigation of Quantum Physics,Lab Report,Moderate,746,932,63.59,53.69,37.28,60.25,False,0.0,True,False,False,Disclosure Required,Reflective,2026-06-28 17:00:00,2026-07-26 12:00:00
