history_id,student_id,snapshot_at,integrity_score,trust_factor_score,prior_confirmed_cases,prior_dismissed_cases,prior_suspicious_flags,prior_ai_flags,prior_plagiarism_flags,prior_sanction_points,recent_integrity_events,integrity_status
1, S00001 ,2025-08-25 00:00:00,89.31,94.85,0,0,0,0,0,0,0,High
2,S00001,2026-01-19 00:00:00,87.63,96.32,0,0,1,0,0,0,1,High
3,S00001,2026-06-08 00:00:00,86.62,92.5,0,0,1,0,0,0,0,High
4,S00001,2026-08-24 00:00:00,55.95,59.27,1,1,5,2,1,6,4,Moderate
5,S00001,2027-01-18 00:00:00,71.89,72.17,1,1,5,2,1,6,0,Moderate
6,S00002,2025-08-25 00:00:00,76.42,69.83,0,0,0,0,0,0,0,High
7,S00002,2026-01-19 00:00:00,62.33,55.02,1,0,1,1,0,6,1,Moderate
8,S00002,2026-06-08 00:00:00,55.86,51.01,1,0,2,2,0,6,1,Moderate
9,S00002,2026-08-24 00:00:00,53.31,52.36,1,1,3,3,0,6,1,Moderate
10,S00002,2027-01-18 00:00:00,41.74,38.48,1,2,7,6,0,6,3,Low
11,S00003,2025-08-25 00:00:00,86.73,89.53,0,0,0,0,0,0,0,High
12,S00003,2026-01-19 00:00:00,80.13,76.16,0,0,0,0,0,0,0,High
13,S00003,2026-06-08 00:00:00,84.8,76.93,0,0,0,0,0,0,0,High
14,S00003,2026-08-24 00:00:00,95.51,97.44,0,0,0,0,0,0,0,High
15,S00003,2027-01-18 00:00:00,,81.36,0,0,1,0,0,0,1,
16,S00004,2025-08-25 00:00:00,93.82,95.2,0,0,0,0,0,0,0,High
17,S00004,2026-01-19 00:00:00,95.6,100.0,0,0,0,0,0,0,0,High
18,S00004,2026-06-08 00:00:00,89.42,82.9,0,0,0,0,0,0,0,High
19,S00004,2026-08-24 00:00:00,85.6,88.53,0,0,3,1,1,0,3,High
20,S00004,2027-01-18 00:00:00,76.11,72.2,0,2,7,2,1,0,1,High
21,S00005,2025-08-25 00:00:00,80.42,75.2,0,0,0,0,0,0,0,High
22, S00005 ,2026-01-19 00:00:00,68.13,62.1,0,0,3,1,0,0,3,Moderate
23,S00005,2026-06-08 00:00:00,76.87,70.09,0,0,3,1,0,0,0,High
24,S00005,24/08/2026 00:00,54.16,60.08,0,1,8,4,0,0,5, Moderate 
25,S00005,2027-01-18 00:00:00,65.48,57.35,0,1,9,4,0,0,0,Moderate
26,S00006,2025-08-25 00:00:00,74.22,68.98,0,0,0,0,0,0,0,Moderate
27,S00006,2026-01-19 00:00:00,79.06,71.65,0,0,0,0,0,0,0,High
28,S00006,2026-06-08 00:00:00,66.45,62.79,0,0,2,0,0,0,2,Moderate
29,S00006,2026-08-24 00:00:00,68.19,68.49,0,0,3,1,0,0,1,Moderate
30,S00006,2027-01-18 00:00:00,72.94,68.91,0,0,3,1,0,0,0,Moderate
31,S00007,2025-08-25 00:00:00,89.86,89.91,0,0,0,0,0,0,0,High
32,S00007,2026-01-19 00:00:00,83.53,92.41,0,0,3,1,1,0,0,High
33,S00007,2026-06-08 00:00:00,87.08,93.89,0,0,3,1,1,0,0,High
34,S00007,2026-08-24 00:00:00,79.07,80.68,0,0,3,1,1,0,0,High
35,S00007,2027-01-18 00:00:00,77.38,83.46,0,1,4,1,1,0,0,High
36,S00008,2025-08-25 00:00:00,82.78,74.96,0,0,0,0,0,0,0,High
37,S00008,2026-01-19 00:00:00,81.05,79.02,0,0,2,0,0,0,0,High
38,S00008,2026-06-08 00:00:00,77.35,77.4,0,0,6,1,1,0,0,High
39,S00008,2026-08-24 00:00:00,68.5,65.37,0,0,6,1,1,0,0,Moderate
40,S00008,2027-01-18 00:00:00,74.55,72.05,0,0,6,1,1,0,0,Moderate
41,S00009,2025-08-25 00:00:00,84.49,92.65,0,0,0,0,0,0,0,High
42,S00009,2026-01-19 00:00:00,74.46,79.52,0,0,0,0,0,0,0, Moderate 
43,S00009,2026-06-08 00:00:00,87.25,92.63,0,0,0,0,0,0,0,High
44,S00009,2026-08-24 00:00:00,69.89,77.26,0,0,3,1,0,0,3,Moderate
45,S00009,2027-01-18 00:00:00,72.04,77.88,0,1,7,4,0,0,0,Moderate
46,S00010,2025-08-25 00:00:00,78.96,77.67,0,0,0,0,0,0,0,High
47,S00010,2026-01-19 00:00:00,76.06,77.38,0,1,2,0,1,0,1,High
48,S00010,2026-06-08 00:00:00,73.87,70.82,0,1,2,0,1,0,0,Moderate
49,S00010,2026-08-24 00:00:00,69.73,72.31,0,1,3,1,1,0,1,Moderate
50,S00010,2027-01-18 00:00:00,68.54,66.21,0,1,5,3,1,0,2,Moderate
51,S00011,2025-08-25 00:00:00,80.76,80.43,0,0,0,0,0,0,0,High
52, S00011 ,2026-01-19 00:00:00,83.67,84.12,0,0,0,0,0,0,0,High
53,S00011,2026-06-08 00:00:00,76.2,90.33,0,0,1,1,0,0,1,High
54,S00011,2026-08-24 00:00:00,80.6,79.69,0,0,2,1,0,0,1,High
55,S00011,2027-01-18 00:00:00,82.47,86.59,0,0,4,3,0,0,0,High
56,S00012,2025-08-25 00:00:00,80.15,73.34,0,0,0,0,0,0,0,High
57,S00012,2026-01-19 00:00:00,52.45,45.61,1,0,5,3,0,8,1,Moderate
58,S00012,2026-06-08 00:00:00,62.02,,1,0,5,3,0,8,0,Moderate
59,S00012,2026-08-24 00:00:00,62.43,60.97,1,0,5,3,0,8,0,Moderate
60,S00012,2027-01-18 00:00:00,54.43,43.23,1,0,9,5,0,8,1,Moderate
61,S00013,2025-08-25 00:00:00,82.36,81.29,0,0,0,0,0,0,0,High
62,S00013,2026-01-19 00:00:00,84.26,81.97,0,0,0,0,0,0,0,High
63,S00013,2026-06-08 00:00:00,77.63,80.22,0,0,0,0,0,0,0,High
64,S00013,2026-08-24 00:00:00,73.54,76.83,0,0,4,1,0,0,4,Moderate
65,S00013,2027-01-18 00:00:00,63.16,64.2,0,1,9,4,0,0,2,Moderate
66,S00014,2025-08-25 00:00:00,92.34,92.56,0,0,0,0,0,0,0,High
67,S00014,2026-01-19 00:00:00,83.85,84.93,0,0,0,0,0,0,0,High
68,S00014,2026-06-08 00:00:00,80.92,86.97,0,1,5,2,0,0,5,High
69,S00014,2026-08-24 00:00:00,70.01,70.49,0,1,6,3,0,0,1,Moderate
70,S00014,2027-01-18 00:00:00,73.58,77.61,0,1,7,4,0,0,1,Moderate
71,S00015,2025-08-25 00:00:00,93.7,94.38,0,0,0,0,0,0,0,High
72,S00015,2026-01-19 00:00:00,92.59,94.03,0,0,1,0,0,0,0,High
73, S00015 ,2026-06-08 00:00:00,89.5,89.18,0,0,1,0,0,0,0,High
74,S00015,2026-08-24 00:00:00,80.3,82.53,0,0,1,0,0,0,0,High
75,S00015,2027-01-18 00:00:00,58.69,57.75,1,0,5,3,0,6,4,Moderate
76,S00016,2025-08-25 00:00:00,86.37,79.91,0,0,0,0,0,0,0,High
77,S00016,2026-01-19 00:00:00,73.71,72.17,0,0,0,0,0,0,0,Moderate
78,S00016,2026-06-08 00:00:00,81.22,68.27,0,0,0,0,0,0,0,High
79,S00016,2026-08-24 00:00:00,71.49,61.87,0,0,1,1,0,0,1,Moderate
80,S00016,2027-01-18 00:00:00,74.05,67.46,0,0,1,1,0,0,0, Moderate 
81,S00017,2025-08-25 00:00:00,86.94,89.2,0,0,0,0,0,0,0,High
82,S00017,2026-01-19 00:00:00,79.45,84.16,0,0,0,0,0,0,0,High
83,S00017,2026-06-08 00:00:00,73.34,73.03,0,1,5,2,0,0,4,Moderate
84,S00017,2026-08-24 00:00:00,73.83,80.4,0,1,6,2,0,0,1,MODERATE
85,S00017,2027-01-18 00:00:00,69.37,68.34,0,2,7,2,0,0,1,Moderate
86,S00018,2025-08-25 00:00:00,89.25,92.93,0,0,0,0,0,0,0,High
87,S00018,2026-01-19 00:00:00,86.5,81.19,0,0,1,1,0,0,1,High
88, S00018 ,2026-06-08 00:00:00,75.59,79.74,0,0,3,1,1,0,1,High
89,S00018,2026-08-24 00:00:00,74.56,72.93,0,0,4,1,1,0,1,Moderate
90,S00018,2027-01-18 00:00:00,71.36,70.37,0,1,4,1,1,0,0,Moderate
91,S00019,2025-08-25 00:00:00,68.82,60.8,0,0,0,0,0,0,0,Moderate
92,S00019,2026-01-19 00:00:00,69.15,71.84,0,0,2,1,0,0,1,Moderate
93,S00019,2026-06-08 00:00:00,59.94,49.86,0,0,4,2,0,0,2,Moderate
94,S00019,2026-08-24 00:00:00,59.18,55.0,0,0,5,2,1,0,1,Moderate
95,S00019,2027-01-18 00:00:00,67.63,67.98,0,0,6,3,1,0,1,Moderate
96,S00020,2025-08-25 00:00:00,90.5,84.79,0,0,0,0,0,0,0,High
97,S00020,2026-01-19 00:00:00,76.82,72.63,0,0,3,2,0,0,3,High
98,S00020,2026-06-08 00:00:00,84.01,79.16,0,0,3,2,0,0,0,High
99,S00020,2026-08-24 00:00:00,77.82,76.2,0,0,5,3,0,0,2,High
100,S00020,2027-01-18 00:00:00,66.63,66.83,0,0,8,4,1,0,3,Moderate
101,S00021,2025-08-25 00:00:00,94.84,95.78,0,0,0,0,0,0,0,High
102,S00021,2026-01-19 00:00:00,97.53,94.21,0,0,0,0,0,0,0,High
103,S00021,2026-06-08 00:00:00,92.45,97.37,0,0,1,0,0,0,1,High
104,S00021,2026-08-24 00:00:00,86.75,95.77,0,0,3,1,0,0,2,High
105,S00021,2027-01-18 00:00:00,90.45,93.33,0,0,4,1,0,0,0,High
106,S00022,2025-08-25 00:00:00,82.53,78.04,0,0,0,0,0,0,0,High
107,S00022,2026-01-19 00:00:00,79.3,76.34,0,1,3,2,1,0,0,High
108,S00022,2026-06-08 00:00:00,70.18,67.63,0,1,3,2,1,0,0,Moderate
109,S00022,2026-08-24 00:00:00,66.19,63.09,0,1,4,2,1,0,1,Moderate
110,S00022,2027-01-18 00:00:00,67.33,62.61,0,1,6,3,1,0,0,Moderate
111,S00023,2025-08-25 00:00:00,80.38,74.23,0,0,0,0,0,0,0,High
112,S00023,2026-01-19 00:00:00,78.06,78.44,0,0,1,1,0,0,1,High
113,S00023,2026-06-08 00:00:00,79.43,85.94,0,0,1,1,0,0,0,High
114,S00023,2026-08-24 00:00:00,76.76,74.82,0,0,1,1,0,0,0,High
115,S00023,2027-01-18 00:00:00,83.78,79.4,0,0,1,1,0,0,0,High
116,S00024,2025-08-25 00:00:00,84.18,78.04,0,0,0,0,0,0,0,High
117,S00024,2026-01-19 00:00:00,88.02,85.35,0,0,0,0,0,0,0,High
118,S00024,2026-06-08 00:00:00,88.86,94.21,0,0,0,0,0,0,0,High
119,S00024,2026-08-24 00:00:00,65.6,70.61,1,0,2,1,0,4,2,Moderate
120,S00024,2027-01-18 00:00:00,53.15,53.04,2,0,3,2,0,10,0,Moderate
121,S00025,2025-08-25 00:00:00,92.25,94.03,0,0,0,0,0,0,0,High
122, S00025 ,2026-01-19 00:00:00,89.96,99.07,0,0,0,0,0,0,0,High
123,S00025,2026-06-08 00:00:00,85.2,87.76,0,0,1,1,0,0,0,High
124,S00025,2026-08-24 00:00:00,76.72,74.68,0,1,5,3,0,0,4,High
125,S00025,2027-01-18 00:00:00,71.31,80.23,0,2,9,5,0,0,3,Moderate
126,S00026,2025-08-25 00:00:00,89.81,89.44,0,0,0,0,0,0,0,High
127,S00026,2026-01-19 00:00:00,89.42,91.44,0,0,0,0,0,0,0,High
128,S00026,2026-06-08 00:00:00,79.64,74.08,0,0,2,1,0,0,2,
129,S00026,2026-08-24 00:00:00,63.6,59.62,0,0,6,3,2,0,4,moderate
130,S00026,2027-01-18 00:00:00,51.9,48.31,1,0,9,5,2,1,3,Moderate
131,S00027,2025-08-25 00:00:00,89.77,90.42,0,0,0,0,0,0,0,High
132,S00027,2026-01-19 00:00:00,86.41,89.15,0,0,0,0,0,0,0,High
133,S00027,2026-06-08 00:00:00,84.26,84.21,0,0,3,2,0,0,0,High
134,S00027,2026-08-24 00:00:00,83.45,80.68,0,0,4,3,0,0,1,High
135,S00027,2027-01-18 00:00:00,84.95,90.81,0,0,4,3,0,0,0,High
136,S00028,2025-08-25 00:00:00,83.34,88.02,0,0,0,0,0,0,0,High
137,S00028,2026-01-19 00:00:00,68.5,68.22,0,0,4,2,0,0,2,Moderate
138,S00028,2026-06-08 00:00:00,76.95,73.93,0,1,6,4,0,0,0,High
139,S00028,2026-08-24 00:00:00,79.95,77.7,0,1,6,4,0,0,0,High
140,S00028,2027-01-18 00:00:00,58.53,54.65,0,1,10,6,0,0,4,Moderate
141,S00029,2025-08-25 00:00:00,78.61,75.45,0,0,0,0,0,0,0,High
142,S00029,19-01-2026 00:00,61.62,62.23,1,1,1,1,0,6,0,Moderate
143,S00029,2026-06-08 00:00:00,49.52,43.37,1,2,2,2,0,6,1,Low
144,S00029,2026-08-24 00:00:00,70.3,67.44,1,2,2,2,0,6,0,Moderate
145,S00029,2027-01-18 00:00:00,57.43,54.48,1,2,4,2,0,6,1,Moderate
146,S00030,2025-08-25 00:00:00,83.02,80.63,0,0,0,0,0,0,0, High 
147,S00030,2026-01-19 00:00:00,79.38,76.55,0,1,2,1,0,0,1,High
148,S00030,2026-06-08 00:00:00,68.11,66.32,0,1,2,1,0,0,0,
149,S00030,2026-08-24 00:00:00,75.81,71.99,0,2,2,1,0,0,0,High
150,S00030,2027-01-18 00:00:00,80.31,80.09,0,2,2,1,0,0,0,High
151,S00031,2025-08-25 00:00:00,75.99,72.83,0,0,0,0,0,0,0,High
152,S00031,2026-01-19 00:00:00,74.37,,0,0,1,0,0,0,1,Moderate
153,S00031,2026-06-08 00:00:00,76.36,74.36,0,0,2,0,0,0,1,High
154,S00031,2026-08-24 00:00:00,75.65,86.25,0,0,2,0,0,0,0,High
155,S00031,2027-01-18 00:00:00,82.79,84.66,0,0,2,0,0,0,0,High
156,S00032,2025-08-25 00:00:00,100.0,97.79,0,0,0,0,0,0,0,High
157,S00032,2026-01-19 00:00:00,99.02,97.63,0,0,0,0,0,0,0,High
158,S00032,2026-06-08 00:00:00,95.34,100.0,0,0,0,0,0,0,0,High
159,S00032,2026-08-24 00:00:00,71.62,76.84,1,0,2,1,0,8,2,Moderate
160,S00032,2027-01-18 00:00:00,80.04,92.29,1,0,3,1,0,8,0,High
161,S00033,2025-08-25 00:00:00,74.47,79.75,0,0,0,0,0,0,0,Moderate
162,S00033,2026-01-19 00:00:00,64.22,61.06,0,0,1,1,0,0,1,Moderate
163,S00033,2026-06-08 00:00:00,68.35,67.41,0,0,4,4,0,0,3,Moderate
164,S00033,2026-08-24 00:00:00,54.44,51.13,0,0,8,5,1,0,4,Moderate
165,S00033,2027-01-18 00:00:00,60.69,54.84,0,0,9,6,1,0,0,Moderate
166,S00034,2025-08-25 00:00:00,82.47,81.1,0,0,0,0,0,0,0,High
167,S00034,2026-01-19 00:00:00,68.66,68.57,0,0,2,1,0,0,2,Moderate
168,S00034,2026-06-08 00:00:00,79.09,75.27,0,1,4,2,0,0,0,High
169,S00034,2026-08-24 00:00:00,70.27,64.17,0,1,4,2,0,0,0,Moderate
170,S00034,2027-01-18 00:00:00,66.1,69.37,0,1,7,3,0,0,3,Moderate
171,S00035,2025-08-25 00:00:00,88.03,76.23,0,0,0,0,0,0,0,High
172,S00035,2026-01-19 00:00:00,69.94,64.71,0,0,4,3,0,0,1,Moderate
173,S00035,2026-06-08 00:00:00,74.48,69.33,0,0,7,3,0,0,3,Moderate
174,S00035,2026-08-24 00:00:00,72.19,73.17,0,0,9,4,0,0,2,Moderate
175,S00035,2027-01-18 00:00:00,63.67,,0,0,10,4,0,0,1,Moderate
176,S00036,2025-08-25 00:00:00,92.87,96.87,0,0,0,0,0,0,0,High
177,S00036,2026-01-19 00:00:00,77.83,84.0,0,0,5,2,1,0,3,
178,S00036,2026-06-08 00:00:00,77.87,79.85,0,1,6,2,2,0,0,High
179,S00036,2026-08-24 00:00:00,68.68,69.89,0,2,10,3,3,0,4,Moderate
180,S00036,2027-01-18 00:00:00,64.87,65.8,0,3,14,4,3,0,0,Moderate
181, S00037 ,2025-08-25 00:00:00,80.43,71.74,0,0,0,0,0,0,0,High
182,S00037,2026-01-19 00:00:00,78.33,81.59,0,0,1,1,0,0,0,High
183,S00037,2026-06-08 00:00:00,73.8,69.17,0,0,1,1,0,0,0,Moderate
184,S00037,2026-08-24 00:00:00,64.78,62.65,0,0,3,1,0,0,2,Moderate
185,S00037,2027-01-18 00:00:00,63.86,61.13,0,0,4,2,0,0,1, Moderate 
186,S00038,2025-08-25 00:00:00,89.91,95.69,0,0,0,0,0,0,0,High
187,S00038,2026-01-19 00:00:00,93.56,98.68,0,0,0,0,0,0,0,High
188,S00038,2026-06-08 00:00:00,74.95,77.91,1,0,2,1,0,6,2,Moderate
189,S00038,2026-08-24 00:00:00,75.07,83.21,1,0,2,1,0,6,0,High
190,S00038,2027-01-18 00:00:00,81.33,87.63,1,0,2,1,0,6,0,High
191,S00039,2025-08-25 00:00:00,83.18,78.03,0,0,0,0,0,0,0,High
192,S00039,2026-01-19 00:00:00,73.91,68.94,0,0,4,2,0,0,0,Moderate
193,S00039,2026-06-08 00:00:00,76.34,72.4,0,0,4,2,0,0,0,High
194,S00039,2026-08-24 00:00:00,80.56,80.95,0,0,5,3,0,0,1,High
195,S00039,2027-01-18 00:00:00,,71.58,0,0,5,3,0,0,0,High
196,S00040,2025-08-25 00:00:00,99.46,97.96,0,0,0,0,0,0,0,High
197,S00040,2026-01-19 00:00:00,92.56,87.26,0,0,50,0,0,0,0,High
198,S00040,2026-06-08 00:00:00,90.71,96.06,0,0,1,1,0,0,1,High
199,S00040,2026-08-24 00:00:00,85.46,84.49,0,0,3,2,0,0,2,High
200,S00040,2027-01-18 00:00:00,85.12,82.84,0,0,6,4,0,0,0,High
201,S00041,2025-08-25 00:00:00,84.5,78.59,0,0,0,0,0,0,0,High
202,S00041,2026-01-19 00:00:00,87.1,83.46,0,0,0,0,0,0,0,High
203,S00041,2026-06-08 00:00:00,63.97,58.97,0,0,2,2,0,0,2,Moderate
204,S00041,2026-08-24 00:00:00,73.12,68.94,0,0,2,2,0,0,0, Moderate 
205,S00041,2027-01-18 00:00:00,76.8,78.67,0,0,4,3,0,0,0,High
206,S00042,2025-08-25 00:00:00,92.06,88.8,0,0,0,0,0,0,0, High 
207,S00042,2026-01-19 00:00:00,72.96,74.32,0,1,3,1,1,0,3,Moderate
208,S00042,2026-06-08 00:00:00,59.29,58.77,1,1,5,3,1,1,2,Moderate
209,S00042,2026-08-24 00:00:00,51.16,53.37,1,1,8,4,1,1,3,Moderate
210,S00042,2027-01-18 00:00:00,56.25,59.15,1,1,13,5,2,1,0,Moderate
211, S00043 ,2025-08-25 00:00:00,90.64,85.16,0,0,0,0,0,0,0,High
212,S00043,2026-01-19 00:00:00,78.66,81.14,0,0,4,2,0,0,4,High
213,S00043,2026-06-08 00:00:00,73.73,73.64,0,1,8,4,1,0,0,Moderate
214,S00043,2026-08-24 00:00:00,59.31,64.98,0,1,13,6,1,0,5,Moderate
215,S00043,2027-01-18 00:00:00,67.08,79.86,0,1,13,6,1,0,0,Moderate
216,S00044,2025-08-25 00:00:00,98.58,100.0,0,0,0,0,0,0,0,High
217,S00044,2026-01-19 00:00:00,94.03,94.11,0,0,0,0,0,0,0,High
218,S00044,2026-06-08 00:00:00,93.03,100.0,0,0,0,0,0,0,0,High
219,S00044,2026-08-24 00:00:00,91.0,89.36,0,0,0,0,0,0,0,High
220,S00044,2027-01-18 00:00:00,82.1,80.62,0,0,2,1,1,0,1,High
221,S00045,2025-08-25 00:00:00,76.88,78.05,0,0,0,0,0,0,0,High
222,S00045,2026-01-19 00:00:00,50.56,45.75,1,1,7,4,0,1,2,Moderate
223,S00045,2026-06-08 00:00:00,54.19,43.91,1,1,7,4,0,1,0,Moderate
224,S00045,2026-08-24 00:00:00,41.0,32.58,1,1,9,5,0,1,2,Low
225,S00045,2027-01-18 00:00:00,55.03,,1,1,9,5,0,1,0,Moderate
226,S00046,2025-08-25 00:00:00,86.6,84.41,0,0,0,0,0,0,0,High
227,S00046,2026-01-19 00:00:00,64.81,70.02,0,0,3,2,1,0,2,Moderate
228,S00046,2026-06-08 00:00:00,72.18,71.83,0,1,5,3,1,0,0,Moderate
229,S00046,2026-08-24 00:00:00,69.93,70.35,0,1,8,3,1,0,3,Moderate
230,S00046,2027-01-18 00:00:00,58.86,61.66,0,2,8,3,1,0,0,Moderate
231,S00047,2025-08-25 00:00:00,81.74,79.07,0,0,0,0,0,0,0,High
232,S00047,2026-01-19 00:00:00,46.56,45.33,2,0,3,1,1,10,3,Low
233, S00047 ,2026-06-08 00:00:00,43.68,45.09,2,0,5,3,1,10,1,Low
234,S00047,2026-08-24 00:00:00,18.85,12.13,3,0,11,4,2,14,6,Low
235,S00047,2027-01-18 00:00:00,27.09,33.35,3,0,13,5,2,14,1,Low
236,S00048,2025-08-25 00:00:00,84.78,88.52,0,0,0,0,0,0,0,High
237,S00048,2026-01-19 00:00:00,80.21,82.31,0,0,3,3,0,0,0,High
238,S00048,2026-06-08 00:00:00,69.95,72.4,0,1,4,4,0,0,1,Moderate
239,S00048,2026-08-24 00:00:00,75.26,75.85,0,1,4,4,0,0,0,High
240,S00048,2027-01-18 00:00:00,74.61,74.21,0,1,4,4,0,0,0,Moderate
241,S00049,2025-08-25 00:00:00,72.67,76.13,0,0,0,0,0,0,0,Moderate
242,S00049,2026-01-19 00:00:00,80.11,76.38,0,0,0,0,0,0,0,high
243,S00049,2026-06-08 00:00:00,63.29,64.17,1,0,4,2,0,8,3,Moderate
244,S00049,2026-08-24 00:00:00,65.15,65.3,1,0,4,2,0,8,0,Moderate
245,S00049,2027-01-18 00:00:00,51.36,51.46,1,0,6,2,0,8,1,MODERATE
246,S00050,2025-08-25 00:00:00,89.5,86.97,0,0,0,0,0,0,0,High
247,S00050,2026-01-19 00:00:00,85.98,86.38,0,0,3,2,0,0,2,High
248,S00050,2026-06-08 00:00:00,84.44,86.87,0,0,3,2,0,0,0,High
249,S00050,2026-08-24 00:00:00,72.54,80.55,0,1,4,2,0,0,1,Moderate
250,S00050,2027-01-18 00:00:00,79.95,80.22,0,1,5,3,0,0,0,High
251,S00051,2025-08-25 00:00:00,85.38,89.94,0,0,0,0,0,0,0,High
252,S00051,2026-01-19 00:00:00,82.2,85.07,0,0,4,2,1,0,0,High
253,S00051,2026-06-08 00:00:00,73.33,74.72,0,0,5,2,1,0,1,Moderate
254,S00051,2026-08-24 00:00:00,86.29,94.87,0,0,5,2,1,0,0,High
255,S00051,2027-01-18 00:00:00,81.21,86.17,0,0,5,2,1,0,0,High
256,S00052,2025-08-25 00:00:00,90.53,87.35,0,0,0,0,0,0,0,High
257,S00052,2026-01-19 00:00:00,87.92,94.03,0,0,1,0,0,0,0,High
258,S00052,2026-06-08 00:00:00,83.51,79.62,0,0,2,1,0,0,1,High
259,S00052,2026-08-24 00:00:00,81.53,77.7,0,0,3,2,0,0,1,High
260,S00052,2027-01-18 00:00:00,66.54,69.25,0,1,5,3,1,0,2,Moderate
261,S00053,2025-08-25 00:00:00,81.49,79.11,0,0,0,0,0,0,0,High
262,S00053,2026-01-19 00:00:00,86.06,89.94,0,0,1,0,0,0,0,High
263,S00053,2026-06-08 00:00:00,83.5,82.47,0,0,2,0,1,0,0,High
264,S00053,2026-08-24 00:00:00,63.28,58.32,0,0,7,1,2,0,5,Moderate
265,S00053,2027-01-18 00:00:00,56.6,56.76,1,0,10,2,2,4,2,Moderate
266,S00054,2025-08-25 00:00:00,95.91,96.79,0,0,0,0,0,0,0,High
267,S00054,2026-01-19 00:00:00,92.99,92.73,0,0,0,0,0,0,0,High
268, S00054 ,2026-06-08 00:00:00,77.43,80.13,0,0,5,2,0,0,5,High
269,S00054,2026-08-24 00:00:00,84.32,87.57,0,0,5,2,0,0,0,High
270,S00054,2027-01-18 00:00:00,69.99,74.49,0,0,8,3,1,0,3,Moderate
271,S00055,2025-08-25 00:00:00,80.79,76.92,0,0,0,0,0,0,0,High
272,S00055,2026-01-19 00:00:00,77.94,85.12,0,0,2,2,0,0,1,High
273,S00055,2026-06-08 00:00:00,78.27,73.33,0,0,3,3,0,0,0,High
274,S00055,2026-08-24 00:00:00,80.84,82.21,0,0,3,3,0,0,0,High
275,S00055,2027-01-18 00:00:00,74.28,76.67,0,0,3,3,0,0,0,Moderate
276,S00056,2025-08-25 00:00:00,85.43,89.32,0,0,0,0,0,0,0,High
277,S00056,2026-01-19 00:00:00,72.24,76.79,0,0,3,2,0,0,0,Moderate
278,S00056,2026-06-08 00:00:00,76.95,81.91,0,0,5,3,1,0,1,High
279,S00056,2026-08-24 00:00:00,73.49,71.66,0,0,7,3,1,0,2,Moderate
280,S00056,2027-01-18 00:00:00,75.38,80.04,0,0,7,3,1,0,0,High
281,S00057,2025-08-25 00:00:00,79.43,78.99,0,0,0,0,0,0,0, High 
282,S00057,2026-01-19 00:00:00,82.77,76.8,0,0,1,0,0,0,0,High
283,S00057,2026-06-08 00:00:00,76.11,-8.0,0,1,2,1,0,0,1,High
284,S00057,2026-08-24 00:00:00,59.89,55.52,1,1,4,2,0,4,2,Moderate
285,S00057,2027-01-18 00:00:00,66.86,67.47,1,1,4,2,0,4,0,Moderate
286,S00058,2025-08-25 00:00:00,92.14,89.49,0,0,0,0,0,0,0,high
287,S00058,2026-01-19 00:00:00,87.41,89.78,0,0,4,2,0,0,3,High
288,S00058,2026-06-08 00:00:00,67.56,67.08,1,0,6,3,0,1,2,Moderate
289,S00058,2026-08-24 00:00:00,63.48,67.69,1,0,9,3,0,1,3,Moderate
290,S00058,2027-01-18 00:00:00,65.41,71.69,1,0,10,3,0,1,1,Moderate
291,S00059,2025-08-25 00:00:00,68.99,63.0,0,0,0,0,0,0,0,Moderate
292,S00059,2026-01-19 00:00:00,55.25,47.66,0,2,5,3,0,0,3,Moderate
293,S00059,2026-06-08 00:00:00,45.51,42.38,0,2,9,5,1,0,4,Low
294,S00059,2026-08-24 00:00:00,42.89,43.91,0,2,11,7,1,0,2,Low
295,S00059,2027-01-18 00:00:00,45.24,40.62,0,2,11,7,1,0,0,Low
296,S00060,2025-08-25 00:00:00,84.01,79.25,0,0,0,0,0,0,0,High
297,S00060,2026-01-19 00:00:00,71.17,70.83,0,0,2,1,0,0,0,Moderate
298,S00060,2026-06-08 00:00:00,62.39,63.29,0,0,6,5,0,0,2,Moderate
299,S00060,2026-08-24 00:00:00,48.08,49.58,0,0,7,6,0,0,1,Low
300,S00060,2027-01-18 00:00:00,57.93,53.95,0,0,12,7,0,0,0,
301,S00061,2025-08-25 00:00:00,84.86,83.21,0,0,0,0,0,0,0,High
302,S00061,2026-01-19 00:00:00,75.01,71.41,0,1,2,1,0,0,1,High
303,S00061,2026-06-08 00:00:00,80.21,85.2,0,1,2,1,0,0,0,High
304,S00061,2026-08-24 00:00:00,60.72,56.62,1,1,7,3,0,1,5,Moderate
305,S00061,2027-01-18 00:00:00,52.02,48.74,1,2,12,6,0,1,0,Moderate
306,S00062,2025-08-25 00:00:00,86.31,90.03,0,0,0,0,50,0,0,High
307,S00062,2026-01-19 00:00:00,82.99,87.24,0,1,1,0,1,0,0,High
308,S00062,2026-06-08 00:00:00,82.98,84.17,0,2,1,0,1,0,0,High
309,S00062,2026-08-24 00:00:00,71.7,82.08,0,2,4,1,2,0,3,Moderate
310,S00062,2027-01-18 00:00:00,64.99,62.98,0,3,9,2,3,0,3,Moderate
311,S00063,2025-08-25 00:00:00,88.78,83.94,0,0,0,0,0,0,0,High
312,S00063,2026-01-19 00:00:00,85.25,83.7,0,0,0,0,0,0,0,High
313,S00063,2026-06-08 00:00:00,72.51,72.01,0,0,4,2,1,0,2,Moderate
314,S00063,2026-08-24 00:00:00,66.63,65.79,0,0,5,2,1,0,1,
315,S00063,2027-01-18 00:00:00,69.09,64.51,0,0,5,2,1,0,0,Moderate
316,S00064,2025-08-25 00:00:00,79.06,75.46,0,0,0,0,0,0,0, High 
317,S00064,2026-01-19 00:00:00,72.53,68.49,0,0,2,1,0,0,0,Moderate
318,S00064,2026-06-08 00:00:00,76.88,69.88,0,0,4,2,0,0,0,High
319,S00064,2026-08-24 00:00:00,64.0,61.54,0,0,7,3,1,0,3,Moderate
320,S00064,2027-01-18 00:00:00,66.4,65.51,0,0,8,4,1,0,0,Moderate
321,S00065,2025-08-25 00:00:00,83.76,84.58,0,0,0,0,0,0,0,High
322,S00065,2026-01-19 00:00:00,81.99,80.65,0,1,2,1,0,0,0,High
323,S00065,2026-06-08 00:00:00,80.36,82.4,0,1,2,1,0,0,0,High
324,S00065,2026-08-24 00:00:00,89.4,85.76,0,1,2,1,0,0,0,High
325,S00065,2027-01-18 00:00:00,79.3,80.72,0,2,3,2,0,0,1,High
326,S00066,2025-08-25 00:00:00,80.84,85.8,0,0,0,0,0,0,0,High
327,S00066,2026-01-19 00:00:00,93.24,96.07,0,0,0,0,0,0,0,High
328,S00066,2026-06-08 00:00:00,73.07,78.77,0,0,3,2,0,0,3,Moderate
329,S00066,2026-08-24 00:00:00,63.14,67.7,1,0,5,4,0,6,2,Moderate
330,S00066,2027-01-18 00:00:00,64.89,63.65,1,0,7,5,0,6,0, Moderate 
331,S00067,2025-08-25 00:00:00,81.88,84.4,0,0,0,0,0,0,0,High
332,S00067,2026-01-19 00:00:00,90.11,95.7,0,0,0,0,0,0,0,High
333,S00067,2026-06-08 00:00:00,89.08,85.05,0,0,0,0,0,0,0,High
334,S00067,2026-08-24 00:00:00,84.59,88.12,0,0,0,0,0,0,0,High
335,S00067,2027-01-18 00:00:00,89.39,88.63,0,0,0,0,0,0,0,High
336,S00068,2025-08-25 00:00:00,90.61,93.93,0,0,0,0,0,0,0,High
337,S00068,2026-01-19 00:00:00,83.82,88.94,0,0,0,0,0,0,0,High
338,S00068,2026-06-08 00:00:00,50.52,56.69,2,0,4,1,1,12,0,Moderate
339,S00068,2026-08-24 00:00:00,39.72,45.42,2,0,6,2,1,12,2,Low
340,S00068,2027-01-18 00:00:00,31.46,33.5,3,1,8,3,1,16,1,Low
341,S00069,2025-08-25 00:00:00,95.85,100.0,0,0,0,0,0,0,0,High
342,S00069,2026-01-19 00:00:00,85.46,84.87,0,0,1,0,0,0,1,High
343,S00069,2026-06-08 00:00:00,96.34,97.56,0,0,1,0,0,0,0,High
344,S00069,2026-08-24 00:00:00,56.1,55.58,2,0,4,2,0,5,3,Moderate
345,S00069,2027-01-18 00:00:00,53.14,58.49,2,0,6,3,0,5,0,Moderate
346,S00070,2025-08-25 00:00:00,83.62,84.45,0,0,0,0,0,0,0,High
347,S00070,2026-01-19 00:00:00,80.77,87.65,0,0,0,0,0,0,0,High
348,S00070,2026-06-08 00:00:00,59.21,56.83,1,0,2,1,0,8,2,Moderate
349,S00070,2026-08-24 00:00:00,63.58,60.33,1,0,4,2,0,8,2,Moderate
350,S00070,2027-01-18 00:00:00,67.54,71.9,1,0,4,2,0,8,0,Moderate
351,S00071,2025-08-25 00:00:00,80.02,79.32,0,0,0,0,0,0,0,High
352,S00071,2026-01-19 00:00:00,75.73,77.2,0,0,2,1,0,0,1,High
353,S00071,2026-06-08 00:00:00,68.71,66.2,0,0,2,1,0,0,0,Moderate
354,S00071,2026-08-24 00:00:00,80.17,,0,0,3,1,0,0,1,High
355,S00071,2027-01-18 00:00:00,71.91,68.86,0,1,5,2,0,0,1,Moderate
356,S00072,2025-08-25 00:00:00,86.26,87.29,0,0,0,0,0,0,0,High
357,S00072,2026-01-19 00:00:00,83.53,83.84,0,0,0,0,0,0,0,High
358,S00072,2026-06-08 00:00:00,78.16,76.03,0,0,4,1,1,0,3,High
359,S00072,2026-08-24 00:00:00,72.66,72.56,0,0,5,2,1,0,1,Moderate
360,S00072,2027-01-18 00:00:00,76.38,80.77,0,0,5,2,1,0,0,High
361,S00073,2025-08-25 00:00:00,,86.83,0,0,0,0,0,0,0,High
362,S00073,2026-01-19 00:00:00,75.82,80.87,0,1,3,1,0,0,2,High
363,S00073,2026-06-08 00:00:00,79.52,80.3,0,1,5,2,0,0,2,High
364,S00073,2026-08-24 00:00:00,74.83,85.93,0,1,5,2,0,0,0,Moderate
365,S00073,2027-01-18 00:00:00,85.59,83.15,0,1,6,3,0,0,0,High
366, S00074 ,2025-08-25 00:00:00,86.21,88.12,0,0,0,0,0,0,0,High
367, S00074 ,2026-01-19 00:00:00,85.54,80.85,0,0,0,0,0,0,0,High
368,S00074,2026-06-08 00:00:00,64.56,54.85,1,0,4,0,0,1,3,Moderate
369,S00074,2026-08-24 00:00:00,63.25,59.74,1,0,4,0,0,1,0,Moderate
370,S00074,2027-01-18 00:00:00,29.49,17.55,2,1,11,5,1,9,5,Low
371,S00075,2025-08-25 00:00:00,84.18,82.41,0,0,0,0,0,0,0,High
372,S00075,2026-01-19 00:00:00,86.99,86.42,0,0,1,0,0,0,0,High
373,S00075,2026-06-08 00:00:00,75.36,78.52,0,0,2,0,0,0,1,High
374,S00075,2026-08-24 00:00:00,81.56,81.52,0,0,2,0,0,0,0,High
375, S00075 ,2027-01-18 00:00:00,71.59,70.18,0,0,4,1,0,0,0,Moderate
376,S00076,2025-08-25 00:00:00,88.16,91.12,0,0,0,0,0,0,0,High
377,S00076,2026-01-19 00:00:00,77.19,70.79,0,0,1,1,0,0,1,High
378,S00076,2026-06-08 00:00:00,83.25,89.75,0,0,1,1,0,0,0,High
379,S00076,2026-08-24 00:00:00,58.99,55.01,0,0,5,2,2,0,4,Moderate
380, S00076 ,2027-01-18 00:00:00,71.23,74.16,0,0,5,2,2,0,0,Moderate
381,S00077,2025-08-25 00:00:00,87.56,87.61,0,0,0,0,0,0,0,High
382,S00077,2026-01-19 00:00:00,72.97,71.81,0,1,2,2,0,0,0,Moderate
383,S00077,2026-06-08 00:00:00,63.91,57.41,0,2,5,4,0,0,2,Moderate
384,S00077,2026-08-24 00:00:00,,59.45,0,2,6,4,0,0,1,Moderate
385,S00077,2027-01-18 00:00:00,62.71,60.19,0,2,7,4,0,0,1,Moderate
386,S00078,2025-08-25 00:00:00,,86.63,0,0,0,0,0,0,0,High
387,S00078,2026-01-19 00:00:00,87.55,87.28,0,0,1,1,0,0,1,High
388,S00078,2026-06-08 00:00:00,91.7,95.38,0,0,1,1,0,0,0,High
389,S00078,2026-08-24 00:00:00,91.32,88.13,0,0,1,1,0,0,0,High
390,S00078,2027-01-18 00:00:00,70.49,74.88,0,0,3,2,0,0,2,Moderate
391,S00079,2025-08-25 00:00:00,90.84,91.29,0,0,0,0,0,0,0,High
392,S00079,2026-01-19 00:00:00,88.41,81.12,0,0,2,2,0,0,0,High
393,S00079,2026-06-08 00:00:00,82.19,77.48,0,0,2,2,0,0,0,High
394,S00079,2026-08-24 00:00:00,83.14,77.88,0,0,2,2,0,0,0,High
395,S00079,2027-01-18 00:00:00,81.66,81.78,0,1,2,2,0,0,0,High
396,S00080,2025-08-25 00:00:00,74.42,75.9,0,0,0,0,0,0,0,Moderate
397,S00080,2026-01-19 00:00:00,83.97,77.17,0,0,0,0,0,0,0,High
398,S00080,2026-06-08 00:00:00,73.88,75.68,0,1,1,1,0,0,1,Moderate
399,S00080,2026-08-24 00:00:00,59.73,60.58,0,1,3,2,0,0,2,
400,S00080,2027-01-18 00:00:00,79.34,73.23,0,1,3,2,0,0,0,High
401,S00081,2025-08-25 00:00:00,81.36,79.5,0,0,0,0,0,0,0,High
402,S00081,2026-01-19 00:00:00,76.74,79.92,0,0,0,0,0,0,0,
403,S00081,2026-06-08 00:00:00,81.54,74.77,0,0,0,0,0,0,0,High
404,S00081,2026-08-24 00:00:00,82.48,73.79,0,0,0,0,0,0,0,High
405,S00081,2027-01-18 00:00:00,74.78,67.66,0,0,4,2,0,0,1,Moderate
406,S00082,2025-08-25 00:00:00,88.33,92.29,0,0,0,0,0,0,0,High
407,S00082,2026-01-19 00:00:00,85.74,86.73,0,0,0,0,0,0,0,High
408,S00082,2026-06-08 00:00:00,81.75,81.85,0,0,1,1,0,0,0,High
409,S00082,2026-08-24 00:00:00,86.23,85.05,0,0,2,1,0,0,1,High
410,S00082,2027-01-18 00:00:00,75.5,74.99,0,0,3,1,0,0,1,High
411,S00083,2025-08-25 00:00:00,81.0,73.42,0,0,0,0,0,0,0,High
412,S00083,2026-01-19 00:00:00,86.45,88.41,0,0,0,0,0,0,0,High
413,S00083,08/06/2026 00:00,78.68,75.84,0,0,0,0,0,0,0,High
414,S00083,2026-08-24 00:00:00,58.62,61.45,1,0,5,3,0,4,5,Moderate
415,S00083,2027-01-18 00:00:00,53.42,52.01,1,1,6,4,0,4,0,Moderate
416,S00084,2025-08-25 00:00:00,78.08,66.72,0,0,0,0,0,0,0,High
417,S00084,2026-01-19 00:00:00,77.26,76.08,0,0,1,0,1,0,1,High
418,S00084,2026-06-08 00:00:00,74.88,71.04,0,0,1,0,1,0,0,Moderate
419,S00084,2026-08-24 00:00:00,75.56,72.61,0,0,2,0,1,0,1,High
420,S00084,2027-01-18 00:00:00,77.04,76.47,0,0,3,0,1,0,0,High
421,S00085,2025-08-25 00:00:00,81.23,79.72,0,0,0,0,0,0,0,High
422,S00085,2026-01-19 00:00:00,86.39,90.6,0,0,0,0,0,0,0,High
423,S00085,2026-06-08 00:00:00,-10.0,70.17,0,0,5,4,0,0,3,Moderate
424,S00085,2026-08-24 00:00:00,67.01,66.49,0,0,5,4,0,0,0,Moderate
425,S00085,2027-01-18 00:00:00,78.7,74.44,0,1,8,6,0,0,1,High
426,S00086,2025-08-25 00:00:00,74.52,69.66,0,0,0,0,0,0,0,Moderate
427,S00086,2026-01-19 00:00:00,75.97,70.09,0,0,1,0,0,0,0,High
428,S00086,2026-06-08 00:00:00,78.96,78.88,0,0,3,0,0,0,0,High
429,S00086,2026-08-24 00:00:00,58.7,48.1,0,1,6,2,1,0,3,Moderate
430,S00086,2027-01-18 00:00:00,58.8,59.5,0,1,8,4,1,0,2,Moderate
431,S00087,2025-08-25 00:00:00,87.45,86.38,0,0,0,0,0,0,0,High
432,S00087,2026-01-19 00:00:00,74.76,75.16,0,1,2,0,0,0,2,Moderate
433,S00087,2026-06-08 00:00:00,78.77,74.57,0,1,2,0,0,0,0,High
434,S00087,2026-08-24 00:00:00,84.17,87.17,0,1,2,0,0,0,0,High
435,S00087,2027-01-18 00:00:00,62.16,62.71,1,1,3,0,0,8,1,Moderate
436,S00088,2025-08-25 00:00:00,90.53,93.03,0,0,0,0,0,0,0,High
437,S00088,2026-01-19 00:00:00,71.88,78.31,0,1,3,2,0,0,3,Moderate
438,S00088,2026-06-08 00:00:00,90.65,85.55,0,1,4,3,0,0,0,High
439,S00088,2026-08-24 00:00:00,81.48,87.17,0,1,4,3,0,0,0,High
440,S00088,2027-01-18 00:00:00,83.36,,0,2,7,5,0,0,0,high
441,S00089,2025-08-25 00:00:00,81.77,82.35,0,0,0,0,0,0,0,High
442,S00089,2026-01-19 00:00:00,84.38,84.38,0,0,0,0,0,0,0,High
443,S00089,2026-06-08 00:00:00,81.71,78.13,0,0,1,0,1,0,0,High
444,S00089,2026-08-24 00:00:00,77.11,72.24,0,0,1,0,1,0,0,High
445,S00089,2027-01-18 00:00:00,62.81,58.2,1,0,1,0,1,15,0,Moderate
446,S00090,2025-08-25 00:00:00,82.78,74.1,0,0,0,0,0,0,0,High
447,S00090,2026-01-19 00:00:00,76.58,79.76,0,0,1,0,1,0,1,High
448,S00090,2026-06-08 00:00:00,81.75,82.16,0,0,1,0,1,0,0,High
449,S00090,2026-08-24 00:00:00,77.27,72.43,0,0,1,0,1,0,0,High
450,S00090,2027-01-18 00:00:00,67.7,61.87,0,0,4,2,1,0,1,Moderate
451,S00091,2025-08-25 00:00:00,95.21,99.81,0,0,0,0,0,0,0,High
452,S00091,2026-01-19 00:00:00,89.9,87.77,0,0,0,0,0,0,0,High
453,S00091,2026-06-08 00:00:00,100.0,100.0,0,0,0,0,0,0,0,High
454,S00091,2026-08-24 00:00:00,82.29,86.49,0,0,3,2,0,0,3,High
455,S00091,2027-01-18 00:00:00,84.91,89.21,0,0,3,2,0,0,0,High
456,S00092,2025-08-25 00:00:00,87.22,85.12,0,0,0,0,0,0,0,High
457,S00092,2026-01-19 00:00:00,75.55,70.89,0,0,1,0,1,0,1,High
458,S00092,2026-06-08 00:00:00,81.09,88.02,0,1,1,0,1,0,0,High
459,S00092,2026-08-24 00:00:00,,75.03,0,1,2,1,1,0,1, High 
460,S00092,2027-01-18 00:00:00,,75.41,0,1,2,1,1,0,0,High
461,S00093,2025-08-25 00:00:00,75.05,67.28,0,0,0,0,0,0,0,High
462,S00093,2026-01-19 00:00:00,62.84,69.39,0,0,4,2,0,0,3,Moderate
463,S00093,2026-06-08 00:00:00,67.15,77.77,0,0,5,2,0,0,1,Moderate
464,S00093,2026-08-24 00:00:00,69.55,65.5,0,0,7,2,0,0,2,Moderate
465,S00093,2027-01-18 00:00:00,71.06,66.27,0,0,10,4,0,0,2,Moderate
466,S00094,2025-08-25 00:00:00,90.15,91.13,0,0,0,0,0,0,0,High
467,S00094,2026-01-19 00:00:00,79.41,75.99,1,0,1,0,0,1,0,High
468,S00094,2026-06-08 00:00:00,80.59,89.96,1,0,1,0,0,1,0,High
469,S00094,2026-08-24 00:00:00,70.74,68.94,1,0,6,0,0,1,5,
470,S00094,2027-01-18 00:00:00,81.54,89.15,1,0,6,0,0,1,0,High
471,S00095,2025-08-25 00:00:00,86.25,83.9,0,0,0,0,0,0,0,High
472,S00095,2026-01-19 00:00:00,71.47,66.74,0,0,4,1,0,0,1,Moderate
473,S00095,2026-06-08 00:00:00,86.42,84.3,0,0,5,1,0,0,0,High
474,S00095,2026-08-24 00:00:00,74.79,68.4,0,0,6,2,0,0,1,Moderate
475,S00095,2027-01-18 00:00:00,67.33,65.94,0,1,9,4,0,0,1,Moderate
476,S00096,2025-08-25 00:00:00,84.59,80.84,0,0,0,0,0,0,0,High
477,S00096,2026-01-19 00:00:00,77.44,84.61,0,0,2,1,0,0,1,High
478,S00096,2026-06-08 00:00:00,77.92,71.06,0,0,3,2,0,0,0,High
479,S00096,2026-08-24 00:00:00,78.48,79.08,0,0,3,2,0,0,0,High
480,S00096,2027-01-18 00:00:00,84.97,87.5,0,0,4,2,0,0,0,High
481, S00097 ,2025-08-25 00:00:00,86.1,86.84,0,0,0,0,0,0,0,High
482,S00097,2026-01-19 00:00:00,84.34,92.58,0,1,3,2,0,0,0,High
483,S00097,2026-06-08 00:00:00,66.97,68.71,0,1,4,2,0,0,1,Moderate
484,S00097,2026-08-24 00:00:00,74.11,74.39,0,1,4,2,0,0,0,Moderate
485,S00097,2027-01-18 00:00:00,64.13,64.08,0,2,6,3,0,0,2,Moderate
486,S00098,2025-08-25 00:00:00,80.2,73.34,0,0,0,0,0,0,0,High
487,S00098,2026-01-19 00:00:00,89.03,89.98,0,0,0,0,0,0,0,High
488,S00098,2026-06-08 00:00:00,79.42,73.16,0,0,0,0,0,0,0,High
489,S00098,2026-08-24 00:00:00,75.64,68.92,0,0,0,0,0,0,0,High
490,S00098,2027-01-18 00:00:00,76.89,75.19,0,0,1,0,0,0,1,High
491,S00099,2025-08-25 00:00:00,81.56,81.97,0,0,0,0,0,0,0,High
492,S00099,2026-01-19 00:00:00,78.32,78.68,0,0,3,1,0,0,3,High
493,S00099,2026-06-08 00:00:00,76.96,71.5,0,0,4,2,0,0,1,High
494,S00099,2026-08-24 00:00:00,77.03,78.56,0,0,5,3,0,0,1,High
495, S00099 ,2027-01-18 00:00:00,71.33,73.05,0,0,7,4,0,0,2,Moderate
496,S00100,2025-08-25 00:00:00,87.91,87.38,0,0,0,0,0,0,0,High
497,S00100,2026-01-19 00:00:00,80.75,82.36,0,0,1,0,0,0,1,High
498,S00100,2026-06-08 00:00:00,86.28,86.66,0,0,1,0,0,0,0,High
499,S00100,2026-08-24 00:00:00,84.6,82.37,0,0,1,0,0,0,0,High
500,S00100,2027-01-18 00:00:00,74.44,72.4,0,0,2,1,0,0,0,Moderate
501,S00101,2025-08-25 00:00:00,82.02,79.27,0,0,0,0,0,0,0,High
502,S00101,2026-01-19 00:00:00,78.51,,0,1,2,1,0,0,0,High
503,S00101,2026-06-08 00:00:00,73.79,67.69,0,1,4,1,0,0,2,Moderate
504,S00101,2026-08-24 00:00:00,69.57,65.88,0,1,5,1,1,0,1,Moderate
505,S00101,2027-01-18 00:00:00,79.56,86.25,0,1,5,1,1,0,0,High
506,S00102,2025-08-25 00:00:00,81.41,76.2,0,0,0,0,0,0,0,High
507,S00102,2026-01-19 00:00:00,63.3,67.97,1,0,2,1,0,1,2,Moderate
508,S00102,2026-06-08 00:00:00,57.47,59.2,1,1,5,2,0,1,0,Moderate
509,S00102,2026-08-24 00:00:00,51.15,50.82,2,1,7,2,0,7,2,Moderate
510,S00102,2027-01-18 00:00:00,54.21,51.06,2,1,7,2,0,7,0,Moderate
511,S00103,2025-08-25 00:00:00,79.48,,0,0,0,0,0,0,0,High
512,S00103,2026-01-19 00:00:00,82.07,74.18,0,0,0,0,0,0,0, High 
513,S00103,2026-06-08 00:00:00,84.5,84.14,0,0,0,0,0,0,0,High
514,S00103,2026-08-24 00:00:00,83.83,81.99,0,0,0,0,0,0,0,High
515,S00103,2027-01-18 00:00:00,81.69,82.42,0,0,0,0,0,0,0,High
516,S00104,2025-08-25 00:00:00,85.59,84.6,0,0,0,0,0,0,0,High
517,S00104,2026-01-19 00:00:00,75.96,77.52,0,0,2,1,0,0,2,High
518,S00104,2026-06-08 00:00:00,65.5,68.65,0,1,4,2,0,0,2,Moderate
519,S00104,2026-08-24 00:00:00,75.15,73.52,0,1,4,2,0,0,0,High
520, S00104 ,2027-01-18 00:00:00,74.17,76.2,0,1,4,2,0,0,0,Moderate
521,S00105,2025-08-25 00:00:00,83.99,84.84,0,0,0,0,0,0,0,High
522,S00105,2026-01-19 00:00:00,83.59,82.51,0,0,3,2,0,0,1,High
523,S00105,2026-06-08 00:00:00,79.24,81.62,0,0,4,3,0,0,1,High
524,S00105,24-08-2026 00:00,74.19,73.72,0,1,4,3,0,0,0,Moderate
525,S00105,18-01-2027 00:00,74.43,80.14,0,1,4,3,0,0,0,Moderate
526,S00106,25/08/2025 00:00,86.27,83.97,0,0,0,0,0,0,0, High 
527,S00106,2026-01-19 00:00:00,87.11,90.17,0,0,0,0,0,0,0,High
528,S00106,2026-06-08 00:00:00,86.0,87.12,0,0,0,0,0,0,0,High
529,S00106,2026-08-24 00:00:00,73.77,72.28,0,0,1,0,0,0,1,Moderate
530,S00106,2027-01-18 00:00:00,89.2,84.09,0,0,3,0,0,0,0,High
531, S00107 ,2025-08-25 00:00:00,83.97,88.02,0,0,0,0,0,0,0,High
532,S00107,2026-01-19 00:00:00,76.17,68.79,0,0,2,1,0,0,0,HIGH
533,S00107,2026-06-08 00:00:00,71.15,67.2,0,0,4,3,0,0,1,Moderate
534,S00107,2026-08-24 00:00:00,69.11,62.97,0,0,4,3,0,0,0,Moderate
535,S00107,2027-01-18 00:00:00,67.3,64.46,0,2,7,6,0,0,1,Moderate
536,S00108,2025-08-25 00:00:00,86.32,93.87,0,0,0,0,0,0,0,High
537,S00108,2026-01-19 00:00:00,77.48,72.58,0,0,5,3,0,0,2,High
538,S00108,2026-06-08 00:00:00,72.55,,0,0,6,3,0,0,1,Moderate
539,S00108,2026-08-24 00:00:00,77.88,78.26,0,0,7,4,0,0,1, High 
540,S00108,2027-01-18 00:00:00,75.06,71.56,0,0,7,4,0,0,0,High
541,S00109,2025-08-25 00:00:00,86.58,79.47,0,0,0,0,0,0,0,High
542,S00109,2026-01-19 00:00:00,,84.75,0,0,0,0,0,0,0,High
543,S00109,2026-06-08 00:00:00,81.64,84.1,0,0,4,1,0,0,0,High
544,S00109,2026-08-24 00:00:00,75.44,73.3,0,0,5,1,0,0,1,High
545,S00109,2027-01-18 00:00:00,77.84,72.69,0,0,6,1,0,0,1,
546,S00110,08/25/2025 00:00,93.21,86.6,0,0,0,0,0,0,0,High
547,S00110,2026-01-19 00:00:00,90.16,,0,0,0,0,0,0,0,High
548,S00110,2026-06-08 00:00:00,69.92,69.56,1,0,3,1,0,6,0,Moderate
549,S00110,2026-08-24 00:00:00,66.44,67.29,1,0,4,1,0,6,1,Moderate
550,S00110,2027-01-18 00:00:00,72.37,72.83,1,0,4,1,0,6,0,Moderate
551,S00111,2025-08-25 00:00:00,91.61,94.89,0,0,0,0,0,0,0,High
552,S00111,2026-01-19 00:00:00,100.0,100.0,0,0,0,0,0,0,0,High
553,S00111,2026-06-08 00:00:00,99.35,100.0,0,0,0,0,0,0,0,High
554,S00111,2026-08-24 00:00:00,92.86,92.26,0,0,0,0,0,0,0,High
555,S00111,2027-01-18 00:00:00,88.07,94.43,0,0,0,0,0,0,0,High
556,S00112,2025-08-25 00:00:00,,83.65,0,0,0,0,0,0,0,High
557,S00112,2026-01-19 00:00:00,81.8,83.8,0,0,1,0,0,0,0,High
558,S00112,2026-06-08 00:00:00,,82.86,0,0,1,0,0,0,0,High
559,S00112,2026-08-24 00:00:00,86.03,91.0,0,0,1,0,0,0,0,High
560,S00112,2027-01-18 00:00:00,87.65,89.62,0,0,1,0,0,0,0,High
561,S00113,2025-08-25 00:00:00,79.24,75.6,0,0,0,0,0,0,0,High
562,S00113,2026-01-19 00:00:00,,67.89,0,0,0,0,0,0,0,High
563,S00113,2026-06-08 00:00:00,84.77,83.27,0,0,0,0,0,0,0,High
564,S00113,2026-08-24 00:00:00,68.88,70.72,0,1,3,0,0,0,3,Moderate
565,S00113,2027-01-18 00:00:00,70.74,66.71,0,1,6,1,0,0,3,Moderate
566,S00114,2025-08-25 00:00:00,78.24,83.9,0,0,0,0,0,0,0,High
567,S00114,2026-01-19 00:00:00,77.75,77.85,0,1,3,0,0,0,0,High
568,S00114,2026-06-08 00:00:00,73.89,70.98,0,1,4,1,0,0,0,Moderate
569,S00114,2026-08-24 00:00:00,66.76,62.27,0,1,6,1,1,0,2,Moderate
570,S00114,2027-01-18 00:00:00,69.86,67.38,0,1,6,1,1,0,0,Moderate
571,S00115,2025-08-25 00:00:00,75.39,81.39,0,0,0,0,0,0,0,High
572,S00115,2026-01-19 00:00:00,66.55,64.21,0,0,8,4,0,0,2,Moderate
573,S00115,2026-06-08 00:00:00,76.7,81.64,0,0,9,4,0,0,0,High
574,S00115,2026-08-24 00:00:00,64.97,62.93,0,0,10,4,0,0,1,Moderate
575,S00115,2027-01-18 00:00:00,58.36,61.69,0,0,12,4,0,0,1,Moderate
576,S00116,2025-08-25 00:00:00,87.67,95.66,0,0,0,0,0,0,0,High
577,S00116,2026-01-19 00:00:00,76.64,81.85,0,0,2,1,0,0,1,High
578,S00116,2026-06-08 00:00:00,75.53,75.31,0,0,3,1,0,0,0,High
579,S00116,2026-08-24 00:00:00,81.06,81.92,0,0,3,1,0,0,0,High
580,S00116,2027-01-18 00:00:00,80.6,86.66,0,0,3,1,0,0,0,High
581,S00117,2025-08-25 00:00:00,93.01,99.17,0,0,0,0,0,0,0,High
582,S00117,2026-01-19 00:00:00,92.78,93.47,0,1,0,0,0,0,0,High
583,S00117,2026-06-08 00:00:00,95.49,99.57,0,1,0,0,0,0,0,High
584,S00117,2026-08-24 00:00:00,89.13,91.72,0,1,2,0,0,0,2,High
585,S00117,2027-01-18 00:00:00,83.23,89.98,0,2,2,0,0,0,0,High
586,S00118,2025-08-25 00:00:00,82.29,81.8,0,0,0,0,0,0,0,High
587,S00118,19-01-2026 00:00,81.86,83.46,0,1,3,1,1,0,0,High
588,S00118,2026-06-08 00:00:00,69.99,66.18,0,1,5,2,1,0,2,Moderate
589,S00118,2026-08-24 00:00:00,76.97,79.32,0,1,6,2,1,0,1,High
590,S00118,2027-01-18 00:00:00,60.69,60.73,0,1,9,4,1,0,2,Moderate
591,S00119,2025-08-25 00:00:00,83.93,74.74,0,0,0,0,0,0,0,High
592,S00119,2026-01-19 00:00:00,83.28,80.52,0,0,0,0,0,0,0,High
593, S00119 ,2026-06-08 00:00:00,85.72,81.99,0,0,0,0,0,0,0,High
594,S00119,2026-08-24 00:00:00,79.31,85.5,0,0,0,0,0,0,0,High
595,S00119,2027-01-18 00:00:00,84.17,81.61,0,0,0,0,0,0,0,High
596, S00120 ,2025-08-25 00:00:00,84.69,83.49,0,0,0,0,0,0,0,High
597,S00120,2026-01-19 00:00:00,80.52,77.6,0,0,0,0,0,0,0,High
598,S00120,2026-06-08 00:00:00,76.88,72.94,0,0,2,1,0,0,2,High
599,S00120,08/24/2026 00:00,59.62,63.92,1,1,4,2,0,8,2,Moderate
600,S00120,2027-01-18 00:00:00,64.83,53.82,1,1,5,2,1,8,0,Moderate
601,S00121,2025-08-25 00:00:00,81.29,71.6,0,0,0,0,0,0,0,High
602,S00121,2026-01-19 00:00:00,70.53,65.87,0,0,3,0,1,0,1,Moderate
603,S00121,2026-06-08 00:00:00,65.54,69.24,0,0,6,2,1,0,3,Moderate
604,S00121,2026-08-24 00:00:00,78.33,74.04,0,0,6,2,1,0,0,High
605,S00121,2027-01-18 00:00:00,78.34,75.18,0,0,8,2,2,0,0,High
606,S00122,2025-08-25 00:00:00,84.26,77.45,0,0,0,0,0,0,0,High
607,S00122,2026-01-19 00:00:00,86.1,82.5,0,0,0,0,0,0,0,High
608,S00122,2026-06-08 00:00:00,78.61,76.85,0,0,3,1,0,0,3,High
609,S00122,2026-08-24 00:00:00,73.05,64.92,0,0,4,2,0,0,1,Moderate
610,S00122,2027-01-18 00:00:00,76.02,,0,0,8,3,0,0,2,High
611,S00123,2025-08-25 00:00:00,78.6,80.03,0,0,0,0,0,0,0,High
612,S00123,2026-01-19 00:00:00,70.78,75.02,0,0,4,2,0,0,1,Moderate
613,S00123,2026-06-08 00:00:00,86.69,87.6,0,0,4,2,0,0,0,High
614,S00123,2026-08-24 00:00:00,55.95,58.55,1,0,8,3,0,8,4,Moderate
615,S00123,2027-01-18 00:00:00,36.58,33.6,2,0,10,4,1,23,2,Low
616,S00124,2025-08-25 00:00:00,89.39,98.73,0,0,0,0,0,0,0,High
617,S00124,2026-01-19 00:00:00,78.44,78.07,0,0,2,1,0,0,1,High
618,S00124,2026-06-08 00:00:00,89.4,85.89,0,0,2,1,0,0,0,High
619,S00124,2026-08-24 00:00:00,76.85,76.82,0,0,2,1,0,0,0,High
620,S00124,2027-01-18 00:00:00,73.73,64.41,0,0,4,2,0,0,2,Moderate
621,S00125,2025-08-25 00:00:00,85.48,91.03,0,0,0,0,0,0,0,High
622,S00125,2026-01-19 00:00:00,86.46,83.77,0,0,0,0,0,0,0,High
623,S00125,2026-06-08 00:00:00,70.82,65.64,0,1,3,1,0,0,2,Moderate
624,S00125,2026-08-24 00:00:00,76.84,72.82,0,2,3,1,0,0,0,High
625,S00125,2027-01-18 00:00:00,71.08,67.99,0,2,4,2,0,0,0,Moderate
626,S00126,2025-08-25 00:00:00,78.4,70.25,0,0,0,0,0,0,0,High
627, S00126 ,2026-01-19 00:00:00,76.4,74.89,0,0,1,0,0,0,1,High
628,S00126,2026-06-08 00:00:00,68.53,58.17,0,1,3,2,0,0,2,
629,S00126,2026-08-24 00:00:00,62.45,58.3,0,1,4,2,0,0,1,Moderate
630,S00126,2027-01-18 00:00:00,66.96,67.38,0,1,5,2,0,0,0,Moderate
631,S00127,2025-08-25 00:00:00,81.09,75.97,0,0,0,0,0,0,0,High
632,S00127,2026-01-19 00:00:00,89.14,82.82,0,0,1,0,0,0,0,High
633,S00127,2026-06-08 00:00:00,71.72,70.37,0,0,3,1,0,0,1,Moderate
634,S00127,2026-08-24 00:00:00,79.04,76.21,0,0,3,1,0,0,0,High
635,S00127,2027-01-18 00:00:00,85.25,81.7,0,0,3,1,0,0,0,High
636,S00128,2025-08-25 00:00:00,80.27,83.38,0,0,0,0,0,0,0,High
637,S00128,2026-01-19 00:00:00,76.33,81.78,0,0,2,1,0,0,0,High
638,S00128,2026-06-08 00:00:00,57.93,61.53,1,0,4,3,0,6,1,Moderate
639,S00128,2026-08-24 00:00:00,43.47,44.65,2,0,5,4,0,10,1,Low
640,S00128,2027-01-18 00:00:00,35.76,40.09,2,1,8,6,0,10,1,Low
641,S00129,2025-08-25 00:00:00,95.45,98.57,0,0,0,0,0,0,0,High
642,S00129,2026-01-19 00:00:00,94.83,100.0,0,0,0,0,0,0,0,High
643,S00129,2026-06-08 00:00:00,96.41,100.0,0,0,0,0,0,0,0,High
644,S00129,2026-08-24 00:00:00,91.41,92.07,0,0,1,0,0,0,1,High
645,S00129,2027-01-18 00:00:00,89.08,93.29,0,0,2,1,0,0,0,High
646,S00130,2025-08-25 00:00:00,76.37,71.93,0,0,0,0,0,0,0,High
647,S00130,2026-01-19 00:00:00,80.95,77.64,0,0,1,0,0,0,0,High
648,S00130,2026-06-08 00:00:00,68.22,64.93,0,0,2,1,0,0,1,Moderate
649,S00130,2026-08-24 00:00:00,67.2,69.77,0,1,3,2,0,0,1,Moderate
650,S00130,2027-01-18 00:00:00,68.47,53.51,0,2,3,2,0,0,0,Moderate
651,S00131,2025-08-25 00:00:00,79.3,76.75,0,0,0,0,0,0,0,High
652,S00131,2026-01-19 00:00:00,68.35,65.07,0,0,2,0,0,0,1,Moderate
653,S00131,2026-06-08 00:00:00,53.35,49.74,1,0,4,0,0,8,1,Moderate
654,S00131,2026-08-24 00:00:00,62.78,59.01,1,0,4,0,0,8,0,Moderate
655,S00131,2027-01-18 00:00:00,49.11,53.35,1,0,4,0,0,8,0,Low
656,S00132,2025-08-25 00:00:00,88.9,92.14,0,0,0,0,0,0,0,High
657,S00132,2026-01-19 00:00:00,72.06,73.4,1,0,4,3,0,1,0,Moderate
658,S00132,2026-06-08 00:00:00,67.19,67.28,1,0,5,4,0,1,1,Moderate
659,S00132,2026-08-24 00:00:00,63.55,69.94,1,0,5,4,0,1,0,Moderate
660,S00132,2027-01-18 00:00:00,63.36,58.09,1,0,8,6,0,1,3,Moderate
661,S00133,2025-08-25 00:00:00,93.7,96.61,0,0,0,0,0,0,0,High
662,S00133,2026-01-19 00:00:00,87.21,92.66,0,0,0,0,0,0,0,High
663,S00133,2026-06-08 00:00:00,83.09,84.44,0,1,2,1,0,0,2,High
664,S00133,2026-08-24 00:00:00,88.55,90.81,0,1,2,1,0,0,0,High
665, S00133 ,2027-01-18 00:00:00,76.11,77.34,0,2,6,2,0,0,1,High
666,S00134,2025-08-25 00:00:00,76.16,74.68,0,0,0,0,0,0,0,High
667,S00134,2026-01-19 00:00:00,73.06,73.13,0,0,0,0,0,0,0,Moderate
668,S00134,06/08/2026 00:00,77.77,73.65,0,0,0,0,0,0,0,High
669,S00134,2026-08-24 00:00:00,76.4,67.91,0,0,0,0,0,0,0,High
670,S00134,2027-01-18 00:00:00,68.05,62.63,0,0,3,3,0,0,2,Moderate
671,S00135,2025-08-25 00:00:00,76.12,83.28,0,0,0,0,0,0,0,High
672,S00135,2026-01-19 00:00:00,88.14,88.74,0,0,2,1,0,0,0,High
673,S00135,2026-06-08 00:00:00,83.56,81.64,0,0,2,1,0,0,0,High
674,S00135,2026-08-24 00:00:00,81.17,87.02,0,0,2,1,0,0,0,High
675,S00135,2027-01-18 00:00:00,88.11,88.6,0,0,4,2,0,0,0,High
676,S00136,2025-08-25 00:00:00,85.05,78.04,0,0,0,0,0,0,0,high
677,S00136,2026-01-19 00:00:00,85.44,81.68,0,0,1,1,0,0,0,High
678,S00136,2026-06-08 00:00:00,81.6,74.46,0,0,1,1,0,0,0,High
679,S00136,2026-08-24 00:00:00,75.12,68.09,0,1,2,2,0,0,1,High
680,S00136,2027-01-18 00:00:00,74.57,72.95,0,1,2,2,0,0,0,Moderate
681, S00137 ,2025-08-25 00:00:00,92.21,97.4,0,0,0,0,0,0,0,High
682,S00137,2026-01-19 00:00:00,85.2,100.0,0,1,4,1,1,0,1,High
683,S00137,2026-06-08 00:00:00,76.99,82.24,0,1,6,1,1,0,1,High
684,S00137,08/24/2026 00:00,77.68,83.65,0,1,7,2,1,0,1,High
685,S00137,2027-01-18 00:00:00,75.16,78.67,0,1,8,2,1,0,0,High
686, S00138 ,2025-08-25 00:00:00,86.71,91.37,0,0,0,0,0,0,0,High
687,S00138,2026-01-19 00:00:00,79.14,84.71,0,1,2,1,1,0,1,High
688,S00138,2026-06-08 00:00:00,73.19,77.76,0,1,3,2,1,0,1,Moderate
689,S00138,2026-08-24 00:00:00,81.98,85.73,0,1,3,2,1,0,0,High
690,S00138,2027-01-18 00:00:00,67.69,72.59,0,1,5,3,2,0,2,Moderate
691,S00139,2025-08-25 00:00:00,92.26,84.64,0,0,0,0,0,0,0,High
692,S00139,2026-01-19 00:00:00,84.29,83.77,0,0,0,0,0,0,0,High
693,S00139,2026-06-08 00:00:00,76.84,79.53,0,0,2,1,0,0,2,High
694,S00139,2026-08-24 00:00:00,85.45,82.82,0,0,2,1,0,0,0,High
695,S00139,2027-01-18 00:00:00,73.44,67.75,-2,0,5,3,0,0,1,Moderate
696,S00140,2025-08-25 00:00:00,,74.83,0,0,0,0,0,0,0,Moderate
697,S00140,2026-01-19 00:00:00,72.46,74.23,0,0,2,0,0,0,1,Moderate
698,S00140,2026-06-08 00:00:00,55.2,57.99,1,0,5,2,0,4,1,Moderate
699, S00140 ,2026-08-24 00:00:00,62.35,66.53,1,0,5,2,0,4,0,Moderate
700,S00140,2027-01-18 00:00:00,62.51,59.72,1,0,5,2,0,4,0,Moderate
701,S00141,2025-08-25 00:00:00,75.43,77.5,0,0,0,0,0,0,0,High
702,S00141,2026-01-19 00:00:00,71.2,70.51,0,0,0,0,0,0,0,Moderate
703,S00141,2026-06-08 00:00:00,70.52,62.24,0,0,2,0,0,0,2,Moderate
704,S00141,2026-08-24 00:00:00,67.36,61.36,0,0,2,0,0,0,0,Moderate
705,S00141,2027-01-18 00:00:00,75.57,75.39,0,0,2,0,0,0,0,High
706,S00142,2025-08-25 00:00:00,86.45,95.12,0,0,0,0,0,0,0,High
707,S00142,01/19/2026 00:00,87.21,86.96,0,0,1,0,0,0,0,High
708,S00142,2026-06-08 00:00:00,,100.0,0,0,1,0,0,0,0,High
709,S00142,2026-08-24 00:00:00,86.21,81.44,0,0,1,0,0,0,0,High
710,S00142,2027-01-18 00:00:00,71.61,79.16,0,1,7,1,1,0,4,Moderate
711,S00143,2025-08-25 00:00:00,88.59,97.65,0,0,0,0,0,0,0,High
712,S00143,2026-01-19 00:00:00,82.71,84.92,0,0,5,2,0,0,0,High
713,S00143,2026-06-08 00:00:00,83.01,87.03,0,0,5,2,0,0,0,High
714,S00143,2026-08-24 00:00:00,87.21,84.49,0,0,5,2,0,0,0,High
715,S00143,2027-01-18 00:00:00,82.46,88.1,0,0,6,3,0,0,0,High
716,S00144,2025-08-25 00:00:00,89.65,88.42,0,0,0,0,0,0,0,High
717,S00144,2026-01-19 00:00:00,76.53,74.93,0,1,3,1,0,0,0,High
718,S00144,2026-06-08 00:00:00,82.4,72.23,0,1,5,2,0,0,0,High
719,S00144,2026-08-24 00:00:00,72.6,75.14,0,1,6,2,0,0,1,Moderate
720,S00144,2027-01-18 00:00:00,72.73,73.81,0,1,8,2,0,0,1,Moderate
721,S00145,2025-08-25 00:00:00,83.07,85.49,0,0,0,0,0,0,0,High
722,S00145,2026-01-19 00:00:00,77.67,71.08,0,0,0,0,0,0,0,High
723,S00145,2026-06-08 00:00:00,78.15,83.63,0,0,0,0,0,0,0,High
724,S00145,2026-08-24 00:00:00,75.73,76.16,0,0,0,0,0,0,0,High
725,S00145,2027-01-18 00:00:00,69.98,69.35,0,0,2,0,1,0,1,Moderate
726,S00146,2025-08-25 00:00:00,87.22,91.19,0,0,0,0,0,0,0,High
727,S00146,2026-01-19 00:00:00,78.97,88.73,0,0,2,1,1,0,1,High
728,S00146,2026-06-08 00:00:00,72.14,79.28,0,0,5,2,1,0,1,Moderate
729,S00146,2026-08-24 00:00:00,71.76,73.94,0,0,6,2,1,0,1,Moderate
730,S00146,18-01-2027 00:00,77.89,78.52,0,0,6,2,1,0,0,High
731,S00147,2025-08-25 00:00:00,88.69,84.36,0,0,0,0,0,0,0,High
732,S00147,2026-01-19 00:00:00,80.24,84.05,0,0,1,1,0,0,1,High
733,S00147,2026-06-08 00:00:00,93.65,100.0,0,0,2,1,0,0,0,High
734,S00147,2026-08-24 00:00:00,92.71,97.46,0,0,2,1,0,0,0,High
735,S00147,2027-01-18 00:00:00,82.99,87.28,0,0,3,2,0,0,0,High
736,S00148,2025-08-25 00:00:00,87.49,87.18,0,0,0,0,0,0,0,High
737,S00148,2026-01-19 00:00:00,88.96,93.87,0,0,1,1,0,0,1,High
738,S00148,2026-06-08 00:00:00,85.0,89.09,0,0,1,1,0,0,0,High
739,S00148,2026-08-24 00:00:00,70.55,72.25,0,0,2,1,0,0,1,Moderate
740,S00148,2027-01-18 00:00:00,63.12,61.68,1,0,5,3,0,15,2,Moderate
741,S00149,2025-08-25 00:00:00,88.34,96.2,0,0,0,0,0,0,0,High
742,S00149,2026-01-19 00:00:00,92.72,100.0,0,0,0,0,0,0,0,
743,S00149,2026-06-08 00:00:00,85.17,85.6,0,0,0,0,0,0,0,High
744,S00149,2026-08-24 00:00:00,81.64,91.67,0,0,0,0,0,0,0,High
745,S00149,2027-01-18 00:00:00,80.41,87.74,0,0,3,1,0,0,2,High
746,S00150,2025-08-25 00:00:00,90.03,91.85,0,0,0,0,0,0,0,High
747,S00150,2026-01-19 00:00:00,82.3,88.24,0,0,4,1,0,0,2,High
748,S00150,2026-06-08 00:00:00,78.79,81.05,0,1,7,2,0,100,3,High
749,S00150,2026-08-24 00:00:00,95.31,100.0,0,1,7,2,0,0,0,High
750,S00150,2027-01-18 00:00:00,86.6,86.26,0,1,7,2,0,0,0,High
751,S00151,2025-08-25 00:00:00,82.96,82.14,0,0,0,0,0,0,0,High
752,S00151,2026-01-19 00:00:00,78.55,82.04,0,0,2,2,0,0,2,High
753,S00151,08-06-2026 00:00,71.71,77.28,0,0,3,2,0,0,1,Moderate
754,S00151,2026-08-24 00:00:00,82.09,82.25,0,0,3,2,0,0,0,High
755,S00151,2027-01-18 00:00:00,74.37,80.88,0,0,4,3,0,0,1,Moderate
756,S00152,2025-08-25 00:00:00,81.86,77.76,0,0,0,0,0,0,0,High
757,S00152,2026-01-19 00:00:00,78.05,78.75,0,0,2,0,0,0,0,High
758,S00152,2026-06-08 00:00:00,72.44,62.9,0,0,2,0,0,0,0,Moderate
759,S00152,2026-08-24 00:00:00,66.49,64.55,0,1,5,2,0,0,3,Moderate
760,S00152,2027-01-18 00:00:00,56.27,52.45,1,1,6,3,0,4,1,Moderate
761,S00153,2025-08-25 00:00:00,88.68,84.73,-2,0,0,0,0,0,0,High
762,S00153,2026-01-19 00:00:00,83.74,89.99,0,0,3,1,0,0,2,High
763,S00153,2026-06-08 00:00:00,75.62,87.8,0,0,5,2,1,0,2,High
764,S00153,2026-08-24 00:00:00,71.58,75.0,0,1,6,3,1,0,1, Moderate 
765,S00153,2027-01-18 00:00:00,76.21,80.84,0,2,6,3,1,0,0,High
766,S00154,25/08/2025 00:00,89.34,90.49,0,0,0,0,0,0,0,High
767,S00154,2026-01-19 00:00:00,78.73,77.76,0,0,1,1,0,0,1,High
768,S00154,2026-06-08 00:00:00,80.49,83.79,0,0,3,2,0,0,1,High
769,S00154,2026-08-24 00:00:00,79.82,80.37,0,0,5,3,0,0,2,High
770,S00154,2027-01-18 00:00:00,86.82,84.0,0,0,5,3,0,0,0,High
771,S00155,2025-08-25 00:00:00,82.02,89.55,0,0,0,0,0,0,0,High
772,S00155,2026-01-19 00:00:00,87.05,97.47,0,0,0,0,0,0,0,High
773,S00155,2026-06-08 00:00:00,53.67,58.76,2,0,4,2,1,12,4,Moderate
774,S00155,2026-08-24 00:00:00,53.96,53.6,2,0,4,2,1,12,0,Moderate
775,S00155,2027-01-18 00:00:00,42.7,44.87,2,0,5,2,1,12,1,Low
776,S00156,2025-08-25 00:00:00,89.7,94.28,0,0,0,0,0,0,0,High
777, S00156 ,2026-01-19 00:00:00,71.47,73.14,1,0,0,0,0,1,0,Moderate
778,S00156,2026-06-08 00:00:00,68.75,72.38,1,0,2,1,0,1,0,Moderate
779,S00156,2026-08-24 00:00:00,68.77,72.06,1,0,3,1,0,1,1,Moderate
780,S00156,01/18/2027 00:00,68.04,70.15,1,0,3,1,0,1,0,Moderate
781,S00157,2025-08-25 00:00:00,82.63,73.8,0,0,0,0,0,0,0,High
782,S00157,2026-01-19 00:00:00,69.28,60.58,0,1,2,2,0,0,2,Moderate
783,S00157,2026-06-08 00:00:00,63.32,60.24,0,1,3,3,0,0,1,Moderate
784,S00157,2026-08-24 00:00:00,72.71,71.17,0,1,3,3,0,0,0,Moderate
785,S00157,2027-01-18 00:00:00,66.51,58.55,0,1,4,4,0,0,1,Moderate
786,S00158,25/08/2025 00:00,87.76,89.34,0,0,0,0,0,0,0,High
787,S00158,2026-01-19 00:00:00,91.05,88.79,0,0,0,0,0,0,0,High
788,S00158,2026-06-08 00:00:00,73.7,79.58,0,1,3,1,0,0,1,Moderate
789,S00158,2026-08-24 00:00:00,69.98,69.88,1,2,5,2,0,4,2,Moderate
790,S00158,2027-01-18 00:00:00,50.47,50.47,1,3,9,3,0,4,3,Moderate
791,S00159,2025-08-25 00:00:00,83.64,79.72,0,0,0,0,0,0,0,High
792,S00159,2026-01-19 00:00:00,74.34,70.24,0,1,3,2,0,0,1,Moderate
793,S00159,2026-06-08 00:00:00,64.16,57.36,0,1,7,3,1,0,4,Moderate
794,S00159,24-08-2026 00:00,74.42,70.35,0,1,7,3,1,0,0,Moderate
795,S00159,2027-01-18 00:00:00,65.17,,0,1,7,3,1,0,0,Moderate
796,S00160,2025-08-25 00:00:00,87.36,91.53,0,0,0,0,0,0,0,High
797,S00160,2026-01-19 00:00:00,84.81,89.16,0,0,1,0,1,0,0,High
798,S00160,2026-06-08 00:00:00,,83.69,0,0,1,0,1,0,0,High
799,S00160,2026-08-24 00:00:00,65.85,64.84,1,1,1,0,1,8,0,Moderate
800,S00160,2027-01-18 00:00:00,73.72,66.93,1,1,1,0,1,8,0,Moderate
801,S00161,2025-08-25 00:00:00,86.06,87.44,0,0,0,0,0,0,0,High
802,S00161,2026-01-19 00:00:00,84.7,92.66,0,0,0,0,0,0,0,High
803,S00161,2026-06-08 00:00:00,85.18,84.48,0,0,0,0,0,0,0,High
804,S00161,2026-08-24 00:00:00,78.43,79.11,1,0,1,0,0,1,1,High
805,S00161,2027-01-18 00:00:00,78.22,89.06,1,0,1,0,0,1,0,High
806,S00162,2025-08-25 00:00:00,84.52,78.57,0,0,0,0,0,0,0,High
807,S00162,2026-01-19 00:00:00,78.32,70.04,0,0,0,0,0,0,0,High
808,S00162,2026-06-08 00:00:00,77.39,74.13,0,0,3,1,0,0,2,High
809,S00162,2026-08-24 00:00:00,71.06,74.02,0,0,4,1,0,0,1,Moderate
810,S00162,2027-01-18 00:00:00,75.83,67.05,0,0,5,1,0,0,0,High
811,S00163,2025-08-25 00:00:00,84.22,81.01,0,0,0,0,0,0,0,High
812,S00163,2026-01-19 00:00:00,79.66,78.54,0,0,1,0,0,0,0,High
813,S00163,2026-06-08 00:00:00,84.48,84.03,0,0,1,0,0,0,0,High
814,S00163,2026-08-24 00:00:00,90.9,85.62,0,0,1,0,0,0,0,High
815,S00163,2027-01-18 00:00:00,91.7,86.35,0,0,1,0,0,0,0,High
816,S00164,2025-08-25 00:00:00,85.42,87.52,0,0,0,0,0,0,0,High
817,S00164,2026-01-19 00:00:00,90.64,90.52,0,0,0,0,0,0,0,High
818,S00164,2026-06-08 00:00:00,68.7,76.09,0,0,2,1,1,0,2,Moderate
819,S00164,24-08-2026 00:00,76.19,75.74,0,0,2,1,1,0,0,High
820,S00164,2027-01-18 00:00:00,54.47,55.86,1,0,4,2,1,8,1,Moderate
821,S00165,2025-08-25 00:00:00,85.78,86.61,0,0,0,0,0,0,0,High
822,S00165,2026-01-19 00:00:00,88.89,90.42,0,0,0,0,0,0,0,High
823,S00165,2026-06-08 00:00:00,90.75,88.82,0,0,0,0,0,0,0,High
824,S00165,2026-08-24 00:00:00,85.01,87.58,0,0,1,0,0,0,1,High
825,S00165,2027-01-18 00:00:00,78.46,77.75,0,0,1,0,0,0,0,High
826,S00166,2025-08-25 00:00:00,89.07,83.52,0,0,0,0,0,0,0,High
827,S00166,2026-01-19 00:00:00,82.45,83.4,0,0,1,0,0,0,1,High
828,S00166,2026-06-08 00:00:00,79.86,83.73,0,1,3,0,1,0,0,High
829,S00166,2026-08-24 00:00:00,79.61,76.03,0,1,3,0,1,0,0, High 
830,S00166,2027-01-18 00:00:00,68.81,68.85,0,2,6,2,1,0,2,Moderate
831,S00167,2025-08-25 00:00:00,91.25,100.0,0,0,0,0,0,0,0,High
832,S00167,2026-01-19 00:00:00,88.74,93.27,0,0,0,0,0,0,0,High
833,S00167,2026-06-08 00:00:00,91.31,92.38,0,0,0,0,0,0,0,High
834,S00167,2026-08-24 00:00:00,94.74,96.67,0,0,0,0,0,0,0,High
835,S00167,2027-01-18 00:00:00,94.52,95.52,0,0,0,0,0,0,0,High
836,S00168,2025-08-25 00:00:00,95.38,99.65,0,0,0,0,0,0,0,High
837,S00168,2026-01-19 00:00:00,84.89,87.53,0,1,2,2,0,0,0,High
838,S00168,2026-06-08 00:00:00,59.37,64.43,1,1,9,4,0,1,3,Moderate
839,S00168,2026-08-24 00:00:00,61.37,70.36,1,1,10,4,0,1,1,Moderate
840,S00168,2027-01-18 00:00:00,64.6,70.69,1,1,10,4,0,1,0,Moderate
841,S00169,2025-08-25 00:00:00,74.11,67.75,0,0,0,0,0,0,0,Moderate
842,S00169,2026-01-19 00:00:00,77.13,76.49,0,0,0,0,0,0,0,
843,S00169,2026-06-08 00:00:00,74.9,70.77,0,0,1,1,0,0,0,Moderate
844,S00169,2026-08-24 00:00:00,67.45,70.53,0,0,3,2,0,0,2,Moderate
845,S00169,2027-01-18 00:00:00,73.18,74.04,0,0,4,3,0,0,1,Moderate
846,S00170,2025-08-25 00:00:00,90.71,89.45,0,0,0,0,0,0,0,High
847,S00170,2026-01-19 00:00:00,72.45,80.16,0,1,2,1,0,0,2,Moderate
848,S00170,2026-06-08 00:00:00,81.43,78.89,0,1,2,1,0,0,0,High
849,S00170,2026-08-24 00:00:00,79.63,82.05,0,1,2,1,0,0,0,High
850,S00170,2027-01-18 00:00:00,87.19,87.61,0,1,2,1,0,0,0,High
851,S00171,2025-08-25 00:00:00,83.45,93.04,0,0,0,0,0,0,0,High
852,S00171,2026-01-19 00:00:00,83.4,89.38,0,0,2,2,0,0,0,High
853,S00171,2026-06-08 00:00:00,78.06,79.52,0,0,5,4,0,0,2,High
854,S00171,2026-08-24 00:00:00,72.57,81.88,0,0,7,4,0,0,2,Moderate
855,S00171,2027-01-18 00:00:00,71.51,73.32,0,0,8,5,0,0,1,Moderate
856,S00172,2025-08-25 00:00:00,95.7,100.0,0,0,0,0,0,0,0,
857,S00172,2026-01-19 00:00:00,98.94,100.0,0,0,0,0,0,0,0,High
858,S00172,2026-06-08 00:00:00,85.51,89.71,0,0,3,0,0,0,3,High
859,S00172,2026-08-24 00:00:00,84.43,82.81,0,0,4,1,0,0,1,High
860,S00172,2027-01-18 00:00:00,78.31,77.07,0,1,8,2,0,0,2,High
861,S00173,2025-08-25 00:00:00,76.67,74.53,0,0,0,0,0,0,0,High
862,S00173,2026-01-19 00:00:00,77.68,78.14,0,0,3,1,0,0,2,High
863,S00173,2026-06-08 00:00:00,77.4,83.04,0,0,3,1,0,0,0,High
864,S00173,2026-08-24 00:00:00,80.68,82.31,0,0,4,2,0,0,1,High
865,S00173,2027-01-18 00:00:00,80.26,79.8,0,0,4,2,0,0,0,
866,S00174,2025-08-25 00:00:00,87.99,88.4,0,0,0,0,0,0,0,High
867,S00174,2026-01-19 00:00:00,83.94,85.39,0,0,0,0,0,0,0,High
868,S00174,2026-06-08 00:00:00,66.77,71.65,1,0,3,2,0,8,1,Moderate
869,S00174,2026-08-24 00:00:00,58.8,58.91,1,1,5,3,1,8,2,Moderate
870,S00174,2027-01-18 00:00:00,55.46,59.91,1,2,7,4,1,8,1,Moderate
871,S00175,2025-08-25 00:00:00,78.93,84.3,0,0,0,0,0,0,0,High
872,S00175,2026-01-19 00:00:00,77.52,77.74,0,0,4,2,0,0,0,High
873,S00175,08-06-2026 00:00,73.68,69.12,0,0,5,3,0,0,1,Moderate
874,S00175,2026-08-24 00:00:00,,68.33,0,0,7,5,0,0,2,Moderate
875,S00175,2027-01-18 00:00:00,54.87,59.55,0,1,11,7,0,0,4,Moderate
876,S00176,2025-08-25 00:00:00,74.97,74.49,0,0,0,0,0,0,0,Moderate
877,S00176,2026-01-19 00:00:00,73.61,69.02,0,0,1,0,0,0,1,Moderate
878,S00176,2026-06-08 00:00:00,61.05,61.98,1,0,3,1,0,1,1,Moderate
879,S00176,2026-08-24 00:00:00,65.19,66.82,1,0,4,1,0,1,1,Moderate
880,S00176,2027-01-18 00:00:00,59.06,55.26,1,0,6,2,0,1,2,Moderate
881,S00177,2025-08-25 00:00:00,,79.81,0,0,0,0,0,0,0,High
882,S00177,2026-01-19 00:00:00,86.62,87.73,0,0,0,0,0,0,0,High
883,S00177,2026-06-08 00:00:00,60.86,53.78,1,0,2,1,0,15,1,Moderate
884,S00177,2026-08-24 00:00:00,64.47,65.07,1,0,3,2,0,15,1, Moderate 
885,S00177,2027-01-18 00:00:00,50.98,44.65,1,0,4,3,0,15,1,Moderate
886,S00178,2025-08-25 00:00:00,81.33,81.99,0,0,0,0,0,0,0,High
887,S00178,2026-01-19 00:00:00,77.25,81.22,0,0,2,0,0,0,1,High
888,S00178,2026-06-08 00:00:00,79.76,80.58,0,0,3,1,0,0,0,High
889,S00178,2026-08-24 00:00:00,84.52,81.32,0,0,3,1,0,0,0,High
890,S00178,2027-01-18 00:00:00,78.39,82.56,0,2,4,2,0,0,0,High
891,S00179,2025-08-25 00:00:00,94.15,100.0,0,0,0,0,0,0,0,High
892,S00179,2026-01-19 00:00:00,88.47,95.99,0,0,1,1,0,0,1,High
893,S00179,2026-06-08 00:00:00,79.19,86.2,0,1,3,2,0,0,2,High
894,S00179,2026-08-24 00:00:00,81.63,79.39,0,1,3,2,0,0,0,High
895,S00179,2027-01-18 00:00:00,80.68,80.9,0,2,7,4,0,0,0,High
896,S00180,2025-08-25 00:00:00,78.9,77.99,0,0,0,0,0,0,0,High
897,S00180,2026-01-19 00:00:00,80.16,71.38,0,0,4,2,0,0,0,High
898,S00180,2026-06-08 00:00:00,65.17,58.53,0,1,6,2,1,0,0,Moderate
899,S00180,2026-08-24 00:00:00,40.88,37.25,2,1,9,3,2,2,3,Low
900,S00180,2027-01-18 00:00:00,38.24,39.27,2,2,10,3,3,2,0,Low
901,S00181,2025-08-25 00:00:00,80.33,74.92,0,0,0,0,0,0,0,High
902,S00181,2026-01-19 00:00:00,80.53,120.0,0,0,0,0,0,0,0,High
903,S00181,2026-06-08 00:00:00,72.76,62.92,0,0,3,1,0,0,3,Moderate
904,S00181,2026-08-24 00:00:00,70.52,66.15,0,0,7,3,1,0,4,Moderate
905,S00181,2027-01-18 00:00:00,62.85,49.33,0,1,8,4,1,0,0,Moderate
906,S00182,2025-08-25 00:00:00,98.49,94.93,0,0,0,0,0,0,0,High
907,S00182,2026-01-19 00:00:00,85.9,87.68,0,0,0,0,0,0,0,High
908,S00182,2026-06-08 00:00:00,78.08,78.49,0,0,1,1,0,0,1,High
909,S00182,2026-08-24 00:00:00,79.83,82.6,0,0,2,2,0,0,1,High
910,S00182,2027-01-18 00:00:00,86.34,82.45,0,0,2,2,0,0,0,High
911,S00183,2025-08-25 00:00:00,83.77,77.67,0,0,0,0,0,0,0,High
912,S00183,2026-01-19 00:00:00,88.34,89.45,0,0,2,0,0,0,0,High
913,S00183,2026-06-08 00:00:00,71.67,72.58,0,0,4,1,0,0,1,Moderate
914,S00183,2026-08-24 00:00:00,69.96,72.59,0,0,9,2,1,0,5,Moderate
915,S00183,2027-01-18 00:00:00,63.3,63.11,0,0,50,5,1,0,2,Moderate
916,S00184,2025-08-25 00:00:00,93.64,94.1,0,0,0,0,0,0,0,High
917,S00184,2026-01-19 00:00:00,86.19,89.61,0,1,2,0,0,0,1,High
918,S00184,2026-06-08 00:00:00,92.91,91.06,0,1,2,0,0,0,0,High
919,S00184,2026-08-24 00:00:00,95.02,96.54,0,1,2,0,0,0,0,High
920,S00184,2027-01-18 00:00:00,77.63,76.99,0,2,4,1,1,0,2,High
921,S00185,2025-08-25 00:00:00,81.36,72.59,0,0,0,0,0,0,0,High
922,S00185,2026-01-19 00:00:00,85.09,83.1,0,0,1,0,0,0,0,High
923,S00185,2026-06-08 00:00:00,77.52,68.55,0,0,2,0,0,0,0,High
924,S00185,2026-08-24 00:00:00,69.86,64.88,0,0,4,1,0,0,2,Moderate
925,S00185,2027-01-18 00:00:00,69.06,62.89,0,0,6,1,0,0,1,Moderate
926,S00186,2025-08-25 00:00:00,80.6,76.79,0,0,0,0,0,0,0,High
927,S00186,2026-01-19 00:00:00,67.83,66.44,0,0,3,2,0,0,1,Moderate
928,S00186,2026/06/08 00:00:00,76.54,79.01,0,0,3,2,0,0,0,High
929,S00186,2026-08-24 00:00:00,65.94,71.15,0,0,4,2,0,0,1,Moderate
930,S00186,2027-01-18 00:00:00,63.14,65.03,0,1,7,4,0,0,1,Moderate
931,S00187,2025-08-25 00:00:00,86.62,76.46,0,0,0,0,0,0,0,High
932,S00187,2026-01-19 00:00:00,83.3,86.19,0,0,0,0,0,0,0,High
933,S00187,2026-06-08 00:00:00,91.36,91.96,0,0,0,0,0,0,0,High
934,S00187,2026-08-24 00:00:00,93.42,95.13,0,0,0,0,0,0,0,High
935,S00187,2027-01-18 00:00:00,93.85,92.05,0,0,0,0,0,0,0,High
936,S00188,2025-08-25 00:00:00,79.82,80.98,0,0,0,0,0,0,0,
937,S00188,2026-01-19 00:00:00,84.48,88.59,0,0,0,0,0,0,0,High
938,S00188,2026-06-08 00:00:00,83.91,87.48,0,0,0,0,0,0,0,High
939,S00188,2026-08-24 00:00:00,76.4,76.56,0,0,3,1,0,0,3,High
940,S00188,2027-01-18 00:00:00,80.42,79.46,0,0,4,1,0,0,1,High
941,S00189,2025-08-25 00:00:00,87.14,89.33,0,0,0,0,0,0,0,High
942,S00189,2026-01-19 00:00:00,85.37,85.51,0,0,0,0,0,0,0,High
943,S00189,2026-06-08 00:00:00,75.49,,0,0,2,1,0,0,2, High 
944,S00189,2026-08-24 00:00:00,81.27,78.27,0,0,4,2,0,0,2,High
945,S00189,2027-01-18 00:00:00,81.12,84.69,0,0,4,2,0,0,0,High
946,S00190,2025-08-25 00:00:00,94.08,95.09,-2,0,0,0,0,0,0,High
947,S00190,2026-01-19 00:00:00,85.34,89.65,0,0,0,0,0,0,0,High
948,S00190,2026-06-08 00:00:00,78.66,91.87,0,1,3,1,1,0,0,High
949,S00190,2026-08-24 00:00:00,74.21,78.7,0,1,6,3,1,0,3,Moderate
950,S00190,2027-01-18 00:00:00,70.77,72.09,0,1,7,3,1,0,0,Moderate
951,S00191,2025-08-25 00:00:00,90.66,91.22,0,0,0,0,0,0,0,High
952,S00191,2026-01-19 00:00:00,91.65,87.03,0,0,0,0,0,0,0,High
953,S00191,2026-06-08 00:00:00,92.3,93.94,0,0,0,0,0,0,0,High
954,S00191,2026-08-24 00:00:00,85.22,85.77,0,0,1,0,0,0,1,High
955,S00191,2027-01-18 00:00:00,83.29,83.14,0,0,4,2,0,0,2,High
956,S00192,2025-08-25 00:00:00,84.0,82.4,0,0,0,0,0,0,0,High
957,S00192,2026-01-19 00:00:00,69.57,72.62,0,1,7,0,0,0,6,Moderate
958,S00192,2026-06-08 00:00:00,76.33,76.04,0,1,7,0,0,0,0,High
959,S00192,2026-08-24 00:00:00,73.49,72.07,0,1,7,0,0,0,0,Moderate
960,S00192,2027-01-18 00:00:00,74.49,77.41,0,1,7,0,0,0,0,Moderate
961,S00193,2025-08-25 00:00:00,89.27,78.97,0,0,0,0,0,0,0,HIGH
962,S00193,2026-01-19 00:00:00,75.41,70.63,0,1,3,0,0,0,0,High
963,S00193,2026-06-08 00:00:00,77.69,79.25,0,1,3,0,0,0,0,High
964,S00193,2026-08-24 00:00:00,72.46,66.77,0,2,4,0,0,0,1,Moderate
965,S00193,2027-01-18 00:00:00,69.72,70.05,0,2,7,3,0,0,1,Moderate
966,S00194,2025-08-25 00:00:00,98.62,100.0,0,0,0,0,0,0,0,High
967,S00194,2026-01-19 00:00:00,79.09,84.92,0,1,3,1,0,0,1,High
968,S00194,2026-06-08 00:00:00,88.14,96.81,0,1,4,2,0,0,0,High
969,S00194,2026-08-24 00:00:00,75.04,75.85,0,1,6,3,0,0,2,High
970,S00194,2027-01-18 00:00:00,66.5,72.69,1,1,8,4,0,15,0,Moderate
971,S00195,2025-08-25 00:00:00,79.1,79.4,0,0,0,0,0,0,0,High
972,S00195,2026-01-19 00:00:00,86.99,95.63,0,0,2,0,1,0,1,High
973,S00195,2026-06-08 00:00:00,60.89,67.08,0,0,7,1,1,0,3,Moderate
974,S00195,2026-08-24 00:00:00,77.92,83.29,0,0,7,1,1,0,0,High
975,S00195,2027-01-18 00:00:00,69.16,77.45,0,0,9,2,1,0,2,Moderate
976,S00196,2025-08-25 00:00:00,95.64,100.0,0,0,0,0,0,0,0,High
977,S00196,2026-01-19 00:00:00,92.03,90.13,0,0,4,2,0,0,0,High
978,S00196,2026-06-08 00:00:00,86.68,95.56,0,0,4,2,0,0,0,High
979,S00196,2026-08-24 00:00:00,74.33,82.25,0,0,6,3,0,0,2,Moderate
980,S00196,2027-01-18 00:00:00,74.88,77.53,0,0,7,4,0,0,1,Moderate
981,S00197,2025-08-25 00:00:00,78.7,78.93,0,0,0,0,0,0,0,High
982,S00197,2026-01-19 00:00:00,78.54,81.32,0,1,1,0,0,0,0,High
983,S00197,2026-06-08 00:00:00,73.84,73.99,0,1,3,2,0,0,2,Moderate
984,S00197,2026-08-24 00:00:00,78.12,84.3,0,1,3,2,0,0,0,
985,S00197,2027-01-18 00:00:00,85.34,83.08,0,1,3,2,0,0,0,High
986,S00198,2025-08-25 00:00:00,79.07,80.23,0,0,0,0,0,0,0,High
987,S00198,2026-01-19 00:00:00,71.5,64.87,0,0,0,0,0,0,0,Moderate
988,S00198,2026-06-08 00:00:00,75.49,72.91,0,0,0,0,0,0,0,High
989,S00198,2026-08-24 00:00:00,70.81,72.1,0,0,3,0,0,0,3,Moderate
990,S00198,2027-01-18 00:00:00,76.35,80.94,0,0,4,1,0,0,0,High
991,S00199,2025-08-25 00:00:00,,80.94,0,0,0,0,0,0,0,High
992,S00199,2026-01-19 00:00:00,74.11,80.92,0,0,1,1,0,0,1,Moderate
993,S00199,2026-06-08 00:00:00,70.35,62.77,0,1,4,2,0,0,3,Moderate
994,S00199,2026-08-24 00:00:00,74.16,72.08,0,1,4,2,0,0,0,Moderate
995,S00199,2027-01-18 00:00:00,67.95,66.56,0,1,6,3,0,0,0,Moderate
996,S00200,2025-08-25 00:00:00,100.0,100.0,0,0,0,0,0,0,0,High
997,S00200,2026-01-19 00:00:00,86.51,88.67,0,0,1,1,0,0,0,High
998,S00200,2026-06-08 00:00:00,75.54,71.18,0,0,6,3,1,0,1,High
999,S00200,2026-08-24 00:00:00,81.8,84.27,0,0,6,3,1,0,0,High
1000,S00200,2027-01-18 00:00:00,81.71,75.87,0,0,6,3,1,0,0,High
1001,S00201,2025-08-25 00:00:00,82.34,81.74,0,0,0,0,0,0,0,High
1002,S00201,2026-01-19 00:00:00,80.5,78.08,0,0,1,1,0,0,1,High
1003,S00201,2026-06-08 00:00:00,72.22,73.98,0,0,7,5,0,0,3,Moderate
1004,S00201,2026-08-24 00:00:00,67.87,73.16,0,0,7,5,0,0,0,Moderate
1005,S00201,2027-01-18 00:00:00,61.52,53.5,0,0,7,5,0,0,0,Moderate
1006,S00202,2025-08-25 00:00:00,87.68,83.97,0,0,0,0,0,0,0,High
1007,S00202,2026-01-19 00:00:00,86.67,89.85,0,0,0,0,0,0,0,High
1008,S00202,2026-06-08 00:00:00,65.19,56.93,0,1,6,3,0,0,6,Moderate
1009,S00202,2026-08-24 00:00:00,74.41,76.03,0,1,7,3,0,0,1,Moderate
1010,S00202,2027-01-18 00:00:00,58.45,51.86,0,2,11,5,0,0,1,Moderate
1011, S00203 ,2025-08-25 00:00:00,81.83,74.76,0,0,0,0,0,0,0,High
1012,S00203,2026-01-19 00:00:00,84.64,83.56,0,0,0,0,0,0,0,High
1013,S00203,2026-06-08 00:00:00,83.71,77.85,0,0,0,0,0,0,0,High
1014,S00203,2026-08-24 00:00:00,81.09,73.01,0,0,2,1,0,0,2,High
1015,S00203,2027-01-18 00:00:00,89.31,84.6,0,0,2,1,0,0,0,High
1016,S00204,2025-08-25 00:00:00,86.28,86.02,0,0,0,0,0,0,0,High
1017,S00204,2026-01-19 00:00:00,84.99,79.31,0,0,3,1,0,0,0,High
1018,S00204,2026-06-08 00:00:00,85.13,93.78,0,0,3,1,0,0,0,High
1019,S00204,2026-08-24 00:00:00,84.71,86.18,0,0,3,1,0,0,0,High
1020,S00204,2027-01-18 00:00:00,79.04,80.52,0,1,4,2,0,0,1,High
1021,S00205,2025-08-25 00:00:00,89.52,93.6,0,0,0,0,0,0,0,High
1022,S00205,2026-01-19 00:00:00,93.65,99.59,0,0,0,0,0,0,0,High
1023,S00205,2026-06-08 00:00:00,89.84,95.47,0,0,1,0,0,0,0,High
1024,S00205,2026-08-24 00:00:00,88.38,91.31,0,0,2,1,0,0,1,High
1025,S00205,2027-01-18 00:00:00,92.34,90.51,0,0,2,1,0,0,0,High
1026,S00206,2025-08-25 00:00:00,86.57,92.74,0,0,0,0,0,0,0,High
1027,S00206,2026-01-19 00:00:00,78.65,77.78,0,0,3,1,0,0,0,High
1028,S00206,2026-06-08 00:00:00,79.91,79.82,0,0,3,1,0,0,0,High
1029,S00206,2026-08-24 00:00:00,62.05,62.76,1,0,5,2,0,4,2,Moderate
1030, S00206 ,2027-01-18 00:00:00,61.61,62.88,1,0,6,2,1,4,0,Moderate
1031,S00207,2025-08-25 00:00:00,89.33,93.85,0,0,0,0,0,0,0,High
1032,S00207,2026-01-19 00:00:00,80.63,84.68,0,1,3,1,1,0,2,High
1033,S00207,2026-06-08 00:00:00,68.77,76.6,1,1,5,2,1,6,0,Moderate
1034,S00207,2026-08-24 00:00:00,69.68,71.51,1,1,5,2,1,6,0,Moderate
1035,S00207,2027-01-18 00:00:00,57.19,59.14,1,1,8,3,1,6,1,Moderate
1036,S00208,2025-08-25 00:00:00,92.73,96.25,0,0,0,0,0,0,0,High
1037,S00208,2026-01-19 00:00:00,78.88,82.4,0,1,2,1,0,0,0,High
1038,S00208,2026-06-08 00:00:00,67.05,72.43,1,2,5,2,0,6,0,Moderate
1039,S00208,2026-08-24 00:00:00,66.31,63.92,1,2,5,2,0,6,0,Moderate
1040,S00208,2027-01-18 00:00:00,62.57,69.43,1,2,5,2,0,6,0,Moderate
1041,S00209,2025-08-25 00:00:00,90.95,96.36,0,0,0,0,0,0,0,High
1042,S00209,2026-01-19 00:00:00,80.78,83.35,0,0,1,0,0,0,0,High
1043,S00209,2026-06-08 00:00:00,85.36,84.89,0,0,1,0,0,0,0,High
1044,S00209,2026-08-24 00:00:00,74.68,78.23,0,0,5,1,0,0,4,Moderate
1045,S00209,2027-01-18 00:00:00,80.43,76.91,0,0,6,1,0,0,1,High
1046,S00210,2025-08-25 00:00:00,92.76,91.24,0,0,0,0,0,0,0,High
1047,S00210,2026-01-19 00:00:00,82.41,85.44,0,0,3,1,0,0,2,High
1048,S00210,2026-06-08 00:00:00,82.77,87.1,0,0,3,1,0,0,0,High
1049,S00210,2026-08-24 00:00:00,87.04,87.26,0,0,4,1,0,0,1,High
1050,S00210,2027-01-18 00:00:00,84.01,88.24,0,1,5,2,0,0,0,High
1051,S00211,2025-08-25 00:00:00,86.23,92.51,0,0,0,0,0,0,0,High
1052,S00211,2026-01-19 00:00:00,80.38,84.59,0,1,2,1,1,0,2,High
1053,S00211,2026-06-08 00:00:00,75.82,84.72,0,1,3,1,1,0,1,High
1054,S00211,2026-08-24 00:00:00,71.41,80.14,0,1,6,3,1,0,3,
1055,S00211,2027-01-18 00:00:00,73.94,75.29,0,1,6,3,1,0,0,Moderate
1056,S00212,2025-08-25 00:00:00,91.57,93.02,0,0,0,0,0,0,0,High
1057,S00212,2026-01-19 00:00:00,88.06,96.67,0,0,0,0,0,0,0,High
1058,S00212,2026-06-08 00:00:00,92.7,94.58,0,0,0,0,0,0,0,High
1059,S00212,2026-08-24 00:00:00,85.55,87.54,0,0,3,0,0,0,3,High
1060,S00212,2027-01-18 00:00:00,86.03,85.29,0,0,3,0,0,0,0,High
1061, S00213 ,2025-08-25 00:00:00,86.03,83.47,0,0,0,0,0,0,0,High
1062,S00213,2026-01-19 00:00:00,67.07,63.14,1,0,3,2,0,1,1,Moderate
1063,S00213,2026-06-08 00:00:00,63.99,58.35,1,1,5,4,0,1,1,Moderate
1064,S00213,2026-08-24 00:00:00,51.87,47.27,1,1,7,4,0,1,2,Moderate
1065,S00213,2027-01-18 00:00:00,47.79,40.09,1,1,9,6,0,1,1,Low
1066,S00214,2025-08-25 00:00:00,75.85,68.1,0,0,0,0,0,0,0,High
1067,S00214,2026-01-19 00:00:00,84.24,77.59,0,0,0,0,0,0,0,High
1068,S00214,2026-06-08 00:00:00,77.63,77.47,0,0,3,0,1,0,1,High
1069,S00214,2026-08-24 00:00:00,66.46,66.56,0,0,7,2,1,0,4,Moderate
1070,S00214,2027-01-18 00:00:00,58.04,52.59,0,0,11,2,2,0,3,Moderate
1071,S00215,2025-08-25 00:00:00,75.87,74.95,0,0,0,0,0,0,0,High
1072,S00215,2026-01-19 00:00:00,73.72,67.03,0,0,2,2,0,0,1,Moderate
1073,S00215,2026-06-08 00:00:00,57.78,51.0,0,1,5,3,1,0,3,Moderate
1074,S00215,2026-08-24 00:00:00,67.67,56.52,0,1,6,3,1,0,1,Moderate
1075,S00215,2027-01-18 00:00:00,59.1,52.64,0,1,8,4,1,0,2,Moderate
1076,S00216,2025-08-25 00:00:00,82.83,86.17,0,0,0,0,0,0,0,High
1077,S00216,2026-01-19 00:00:00,80.82,78.26,0,0,1,0,0,0,0,High
1078,S00216,2026-06-08 00:00:00,69.64,76.43,0,0,2,1,0,0,1,Moderate
1079,S00216,2026-08-24 00:00:00,76.34,75.56,0,0,3,1,0,0,1,High
1080,S00216,2027-01-18 00:00:00,76.67,72.94,0,0,4,1,0,0,1,High
1081,S00217,2025-08-25 00:00:00,90.83,100.0,0,0,0,0,0,0,0,High
1082,S00217,2026-01-19 00:00:00,86.72,94.77,0,0,0,0,0,0,0,High
1083,S00217,2026-06-08 00:00:00,84.5,86.96,0,0,0,0,0,0,0,High
1084,S00217,2026-08-24 00:00:00,85.79,89.26,0,0,0,0,0,0,0,High
1085,S00217,2027-01-18 00:00:00,81.36,85.34,0,0,0,0,0,0,0,High
1086,S00218,2025-08-25 00:00:00,87.08,89.88,0,0,0,0,0,0,0,High
1087,S00218,2026-01-19 00:00:00,80.59,83.41,0,0,1,1,0,0,0,High
1088,S00218,2026-06-08 00:00:00,73.18,77.25,0,0,3,1,0,0,1,Moderate
1089,S00218,2026-08-24 00:00:00,80.01,89.0,0,0,7,2,0,0,4,High
1090,S00218,2027-01-18 00:00:00,75.6,79.03,0,0,9,2,0,0,0,High
1091,S00219,2025-08-25 00:00:00,91.41,95.49,0,0,0,0,0,0,0,High
1092,S00219,2026-01-19 00:00:00,78.33,83.14,0,0,1,1,0,0,1,High
1093,S00219,2026-06-08 00:00:00,88.31,85.7,0,0,2,1,0,0,1,High
1094, S00219 ,2026-08-24 00:00:00,87.48,88.93,0,0,3,1,0,0,1,High
1095,S00219,2027-01-18 00:00:00,78.92,82.45,0,0,3,1,0,0,0,High
1096,S00220,2025-08-25 00:00:00,81.2,87.82,0,0,0,0,0,0,0,High
1097,S00220,2026-01-19 00:00:00,80.87,78.81,0,0,4,1,0,0,2,High
1098,S00220,2026-06-08 00:00:00,62.12,65.66,0,2,9,3,1,0,4,Moderate
1099,S00220,2026-08-24 00:00:00,59.86,60.92,0,2,11,4,1,0,2,moderate
1100,S00220,2027-01-18 00:00:00,65.25,64.33,0,2,13,5,1,0,1,Moderate
1101,S00221,2025-08-25 00:00:00,93.68,97.05,0,0,0,0,0,0,0,High
1102,S00221,2026-01-19 00:00:00,91.07,94.5,0,0,0,0,0,0,0,High
1103,S00221,2026-06-08 00:00:00,82.98,88.06,0,0,3,1,0,0,3,High
1104,S00221,2026-08-24 00:00:00,72.88,81.07,0,0,5,2,0,0,2,Moderate
1105,S00221,2027-01-18 00:00:00,65.21,67.04,1,0,8,4,0,1,0,Moderate
1106,S00222,2025-08-25 00:00:00,94.82,94.21,0,0,0,0,0,0,0,High
1107,S00222,2026-01-19 00:00:00,84.72,87.96,0,0,0,0,0,0,0,High
1108,S00222,2026-06-08 00:00:00,95.3,96.99,0,0,0,0,0,0,0,High
1109,S00222,2026-08-24 00:00:00,91.93,91.5,30,0,0,0,0,0,0,High
1110,S00222,2027-01-18 00:00:00,94.34,93.53,0,0,0,0,0,0,0,High
1111,S00223,2025-08-25 00:00:00,91.22,94.9,0,0,0,0,0,0,0,High
1112,S00223,2026-01-19 00:00:00,82.67,84.53,0,0,2,1,0,0,2,High
1113,S00223,2026-06-08 00:00:00,89.31,98.17,0,0,2,1,0,0,0,High
1114,S00223,2026-08-24 00:00:00,80.32,81.62,0,0,4,2,0,0,2,High
1115,S00223,2027-01-18 00:00:00,66.88,64.41,0,1,10,3,1,0,6,Moderate
1116,S00224,2025-08-25 00:00:00,93.55,100.0,0,0,0,0,0,0,0,High
1117,S00224,2026-01-19 00:00:00,78.33,78.33,0,0,1,1,0,0,1,High
1118,S00224,2026-06-08 00:00:00,84.14,89.97,0,0,1,1,0,0,0,High
1119,S00224,2026-08-24 00:00:00,75.55,71.99,0,0,4,2,1,0,3,High
1120,S00224,2027-01-18 00:00:00,88.85,95.22,0,1,5,3,1,0,0,High
1121,S00225,2025-08-25 00:00:00,83.69,89.71,0,0,0,0,0,0,0,High
1122,S00225,2026-01-19 00:00:00,73.74,71.2,0,0,3,1,0,0,0,Moderate
1123,S00225,2026-06-08 00:00:00,78.02,81.63,0,0,4,2,0,0,1,High
1124,S00225,2026-08-24 00:00:00,67.14,69.3,0,0,7,4,0,0,3,Moderate
1125,S00225,2027-01-18 00:00:00,74.73,85.75,0,0,7,4,0,0,0,Moderate
1126,S00226,2025-08-25 00:00:00,92.34,100.0,0,0,0,0,0,0,0,High
1127,S00226,2026-01-19 00:00:00,86.97,91.36,0,0,2,1,0,0,1,High
1128,S00226,2026-06-08 00:00:00,77.17,79.19,0,0,3,2,0,0,1,High
1129,S00226,2026-08-24 00:00:00,75.68,79.43,0,0,6,3,0,0,3,High
1130,S00226,2027-01-18 00:00:00,78.86,81.12,0,0,8,4,0,0,2,High
1131,S00227,2025-08-25 00:00:00,81.28,86.19,0,0,0,0,0,0,0,High
1132,S00227,2026-01-19 00:00:00,89.41,93.27,0,0,0,0,0,0,0,High
1133,S00227,2026-06-08 00:00:00,,89.55,0,0,0,0,0,0,0,High
1134,S00227,2026-08-24 00:00:00,62.26,68.45,1,0,4,3,0,8,4,Moderate
1135,S00227,2027-01-18 00:00:00,61.56,61.65,1,0,4,3,0,8,0,Moderate
1136,S00228,2025-08-25 00:00:00,82.08,78.8,0,0,0,0,0,0,0,High
1137,S00228,2026-01-19 00:00:00,81.83,84.62,0,0,0,0,0,0,0,High
1138,S00228,2026-06-08 00:00:00,78.39,70.88,0,0,0,0,0,0,0,High
1139,S00228,2026-08-24 00:00:00,71.38,77.09,0,0,4,3,1,0,4, Moderate 
1140,S00228,2027-01-18 00:00:00,83.06,76.9,0,0,5,3,1,0,0,High
1141,S00229,2025-08-25 00:00:00,90.27,95.1,0,0,0,0,0,0,0,High
1142,S00229,19/01/2026 00:00,90.73,91.91,0,0,0,0,0,0,0,High
1143,S00229,2026-06-08 00:00:00,,81.92,0,0,2,0,0,0,0,High
1144,S00229,2026-08-24 00:00:00,74.3,80.07,0,0,3,1,0,0,1,Moderate
1145,S00229,2027-01-18 00:00:00,78.56,87.36,0,1,5,2,0,0,0,High
1146,S00230,2025-08-25 00:00:00,77.61,71.81,0,0,0,0,0,0,0,High
1147,S00230,2026-01-19 00:00:00,75.04,71.95,0,1,2,1,0,0,2,High
1148,S00230,2026-06-08 00:00:00,76.14,76.11,0,1,4,1,0,0,0,High
1149,S00230,2026-08-24 00:00:00,79.66,72.77,0,1,4,1,0,0,0,High
1150,S00230,2027-01-18 00:00:00,64.45,57.33,0,1,5,1,0,0,1,Moderate
1151,S00231,2025-08-25 00:00:00,82.96,67.29,0,0,0,0,0,0,0,High
1152,S00231,2026-01-19 00:00:00,85.92,83.02,0,0,0,0,0,0,0,High
1153,S00231,2026-06-08 00:00:00,86.62,90.11,0,0,1,1,0,0,0,High
1154,S00231,2026-08-24 00:00:00,64.53,66.19,0,1,3,1,0,0,2,Moderate
1155,S00231,2027-01-18 00:00:00,65.85,69.59,0,1,6,2,1,0,1,Moderate
1156,S00232,2025-08-25 00:00:00,90.2,94.17,0,0,0,0,0,0,0, High 
1157,S00232,2026-01-19 00:00:00,81.86,82.58,0,0,1,0,0,0,1, High 
1158,S00232,2026-06-08 00:00:00,88.73,91.44,0,0,1,0,0,0,0,High
1159,S00232,2026-08-24 00:00:00,94.29,92.3,0,0,1,0,0,0,0,High
1160,S00232,2027-01-18 00:00:00,88.42,91.74,0,0,1,0,0,0,0,High
1161,S00233,2025-08-25 00:00:00,86.09,88.84,0,0,0,0,0,0,0,High
1162,S00233,2026-01-19 00:00:00,65.62,70.96,1,0,3,1,0,1,1,Moderate
1163,S00233,2026-06-08 00:00:00,54.39,53.79,2,0,4,2,0,2,1,Moderate
1164,S00233,2026-08-24 00:00:00,51.0,51.43,2,0,5,2,0,2,1,Moderate
1165,S00233,2027-01-18 00:00:00,50.23,53.87,2,0,7,3,0,2,0,Moderate
1166,S00234,2025-08-25 00:00:00,77.48,73.43,0,0,0,0,0,0,0,High
1167,S00234,2026-01-19 00:00:00,65.01,58.59,0,0,6,4,0,0,4,Moderate
1168,S00234,2026-06-08 00:00:00,59.5,56.08,0,0,7,5,0,0,1,Moderate
1169,S00234,2026-08-24 00:00:00,64.25,63.43,0,0,7,5,0,0,0,Moderate
1170,S00234,2027-01-18 00:00:00,75.21,75.14,0,0,9,6,0,0,0,High
1171,S00235,2025-08-25 00:00:00,87.66,89.92,0,0,0,0,0,0,0, High 
1172,S00235,2026-01-19 00:00:00,71.45,66.72,0,0,3,2,0,0,1,Moderate
1173,S00235,2026-06-08 00:00:00,80.74,88.4,0,0,4,2,0,0,1,High
1174,S00235,2026-08-24 00:00:00,72.89,71.45,0,0,6,3,0,0,2,Moderate
1175,S00235,2027-01-18 00:00:00,61.86,66.45,1,0,7,4,0,1,1,Moderate
1176, S00236 ,2025-08-25 00:00:00,73.65,70.76,0,0,0,0,0,0,0,Moderate
1177,S00236,2026-01-19 00:00:00,77.8,73.02,0,0,0,0,0,0,0,High
1178,S00236,2026-06-08 00:00:00,74.06,65.8,0,1,1,0,0,0,0, Moderate 
1179,S00236,2026-08-24 00:00:00,83.01,74.61,0,1,1,0,0,0,0,High
1180,S00236,2027-01-18 00:00:00,71.36,58.32,0,1,3,1,0,0,0,Moderate
1181,S00237,2025-08-25 00:00:00,90.46,91.11,0,0,0,0,0,0,0,High
1182,S00237,2026-01-19 00:00:00,85.11,80.11,0,0,1,1,0,0,0,High
1183,S00237,2026-06-08 00:00:00,81.15,81.54,0,0,1,1,0,0,0,High
1184,S00237,2026-08-24 00:00:00,85.23,85.35,0,0,1,1,0,0,0,High
1185,S00237,2027-01-18 00:00:00,81.02,76.56,0,0,1,1,0,0,0,High
1186,S00238,2025-08-25 00:00:00,86.78,76.77,0,0,0,0,0,0,0,high
1187,S00238,2026-01-19 00:00:00,88.27,83.03,0,0,0,0,0,0,0,High
1188,S00238,2026-06-08 00:00:00,78.68,79.14,0,0,3,2,0,0,0,High
1189,S00238,2026-08-24 00:00:00,79.96,71.66,0,0,3,2,0,0,0,High
1190,S00238,2027-01-18 00:00:00,76.89,68.43,0,0,3,2,0,0,0,High
1191,S00239,2025-08-25 00:00:00,85.25,84.14,0,0,0,0,0,0,0,High
1192,S00239,2026-01-19 00:00:00,77.96,73.34,0,2,4,2,0,0,0,High
1193,S00239,2026-06-08 00:00:00,63.89,120.0,0,3,9,4,1,0,1,Moderate
1194,S00239,2026-08-24 00:00:00,58.42,58.86,0,4,11,5,1,0,2,Moderate
1195,S00239,2027-01-18 00:00:00,65.2,61.5,0,4,11,5,1,0,0,Moderate
1196,S00240,2025-08-25 00:00:00,87.41,99.55,0,0,0,0,0,0,0,High
1197,S00240,2026-01-19 00:00:00,90.89,95.05,0,0,0,0,0,0,0,High
1198,S00240,2026-06-08 00:00:00,90.47,94.89,0,0,1,1,0,0,1,High
1199,S00240,2026-08-24 00:00:00,91.71,87.77,0,0,1,1,0,0,0, High 
1200,S00240,2027-01-18 00:00:00,75.87,79.65,0,0,2,2,0,0,1,High
1201,S00241,2025-08-25 00:00:00,86.46,83.0,0,0,0,0,0,0,0,High
1202,S00241,2026-01-19 00:00:00,75.73,77.27,0,0,1,0,1,0,1,High
1203,S00241,2026-06-08 00:00:00,85.74,71.88,0,0,1,0,1,0,0,High
1204,S00241,2026-08-24 00:00:00,66.08,63.01,1,0,3,1,1,6,2,Moderate
1205,S00241,2027-01-18 00:00:00,65.1,65.27,1,0,3,1,1,6,0,Moderate
1206,S00242,2025-08-25 00:00:00,82.19,74.75,0,0,0,0,0,0,0,High
1207,S00242,2026-01-19 00:00:00,-10.0,79.09,0,0,2,2,0,0,1,High
1208,S00242,2026-06-08 00:00:00,61.75,60.43,0,0,3,3,0,0,1,Moderate
1209,S00242,2026-08-24 00:00:00,76.51,78.65,0,0,3,3,0,0,0,High
1210,S00242,2027-01-18 00:00:00,72.12,65.55,0,0,4,4,0,0,0, Moderate 
1211,S00243,2025-08-25 00:00:00,92.05,100.0,0,0,0,0,0,0,0,High
1212,S00243,19-01-2026 00:00,,69.85,1,0,5,1,0,1,2,Moderate
1213,S00243,2026-06-08 00:00:00,70.72,70.65,1,0,6,2,0,1,1,Moderate
1214,S00243,2026-08-24 00:00:00,67.85,67.05,1,0,6,2,0,1,0, Moderate 
1215,S00243,2027-01-18 00:00:00,72.79,79.69,1,0,7,2,0,1,1,Moderate
1216,S00244,2025-08-25 00:00:00,96.56,94.47,0,0,0,0,0,0,0,High
1217,S00244,2026-01-19 00:00:00,63.51,64.86,1,0,5,2,1,4,5,Moderate
1218,S00244,2026-06-08 00:00:00,62.66,64.1,1,0,7,3,1,4,1,Moderate
1219,S00244,2026-08-24 00:00:00,60.22,57.42,1,0,8,4,1,4,1,Moderate
1220,S00244,2027-01-18 00:00:00,63.86,63.87,1,0,10,5,1,4,2,Moderate
1221,S00245,2025-08-25 00:00:00,75.83,81.42,0,0,0,0,0,0,0,High
1222,S00245,2026-01-19 00:00:00,80.12,83.04,0,0,1,1,0,0,0,High
1223,S00245,2026-06-08 00:00:00,83.48,78.64,0,0,1,1,0,0,0,High
1224,S00245,2026-08-24 00:00:00,78.32,80.92,0,0,2,2,0,0,1,High
1225,S00245,2027-01-18 00:00:00,67.62,69.56,0,0,3,3,0,0,0,Moderate
1226,S00246,2025-08-25 00:00:00,87.67,,0,0,0,0,0,0,0,High
1227,S00246,01/19/2026 00:00,81.99,85.8,0,0,0,0,0,0,0,High
1228,S00246,2026-06-08 00:00:00,76.9,80.37,0,0,4,1,0,0,2,High
1229,S00246,2026-08-24 00:00:00,70.17,69.51,0,0,6,2,0,0,2,Moderate
1230,S00246,2027-01-18 00:00:00,76.16,76.96,0,0,7,2,0,0,1,High
1231,S00247,2025-08-25 00:00:00,89.09,94.05,0,0,0,0,0,0,0,High
1232,S00247,2026-01-19 00:00:00,83.1,85.72,0,0,0,0,0,0,0,High
1233,S00247,2026-06-08 00:00:00,83.04,79.37,0,0,0,0,0,0,0,High
1234,S00247,2026-08-24 00:00:00,74.67,71.7,0,0,3,1,1,0,3,Moderate
1235,S00247,2027-01-18 00:00:00,83.33,85.89,0,0,3,1,1,0,0,High
1236,S00248,2025-08-25 00:00:00,82.28,81.84,0,0,0,0,0,0,0,
1237,S00248,2026-01-19 00:00:00,78.42,85.98,0,0,1,0,0,0,0,
1238,S00248,2026-06-08 00:00:00,83.22,79.84,0,0,1,0,0,0,0,High
1239,S00248,2026-08-24 00:00:00,62.72,57.76,0,0,4,2,0,0,3,Moderate
1240,S00248,2027-01-18 00:00:00,71.55,76.4,0,0,4,2,0,0,0,Moderate
1241, S00249 ,2025-08-25 00:00:00,87.29,89.66,0,0,0,0,0,0,0,High
1242,S00249,2026-01-19 00:00:00,69.02,74.71,1,0,2,0,1,8,1,Moderate
1243,S00249,2026-06-08 00:00:00,69.14,68.0,1,0,2,0,1,8,0,Moderate
1244,S00249,2026-08-24 00:00:00,63.51,62.75,1,0,2,0,1,8,0,Moderate
1245,S00249,2027-01-18 00:00:00,58.35,51.38,1,0,3,0,2,8,1,Moderate
1246,S00250,2025-08-25 00:00:00,80.01,78.12,0,0,0,0,0,0,0,High
1247,S00250,2026-01-19 00:00:00,78.89,77.69,0,1,5,2,0,0,3,High
1248,S00250,2026-06-08 00:00:00,63.98,58.26,0,2,7,3,1,0,2,Moderate
1249,S00250,2026-08-24 00:00:00,61.45,59.18,0,2,9,4,1,0,2,Moderate
1250,S00250,2027-01-18 00:00:00,55.06,54.99,0,2,12,4,1,0,2,Moderate
1251,S00251,2025-08-25 00:00:00,86.9,93.61,0,0,0,0,0,0,0,High
1252,S00251,2026-01-19 00:00:00,80.33,76.99,0,0,2,0,0,0,1,High
1253,S00251,2026-06-08 00:00:00,73.46,,0,0,7,2,0,0,4,Moderate
1254,S00251,2026-08-24 00:00:00,71.87,71.11,0,0,8,3,0,0,1,Moderate
1255,S00251,2027-01-18 00:00:00,64.08,65.51,1,0,10,4,0,1,0,Moderate
1256,S00252,2025-08-25 00:00:00,90.21,90.94,0,0,0,0,0,0,0,High
1257,S00252,2026-01-19 00:00:00,78.89,70.71,0,0,4,2,0,0,3,High
1258,S00252,2026-06-08 00:00:00,73.66,70.28,0,1,5,3,0,0,1,Moderate
1259,S00252,2026-08-24 00:00:00,67.35,71.24,0,1,8,4,0,0,3,Moderate
1260,S00252,2027-01-18 00:00:00,62.7,61.71,0,1,8,4,0,0,0,Moderate
1261,S00253,2025-08-25 00:00:00,91.66,88.39,0,0,0,0,0,0,0,High
1262,S00253,2026-01-19 00:00:00,90.18,80.51,0,0,0,0,0,0,0,High
1263,S00253,2026-06-08 00:00:00,81.74,77.83,0,0,0,0,0,0,0,High
1264,S00253,2026-08-24 00:00:00,80.18,70.6,0,0,0,0,0,0,0,High
1265,S00253,2027-01-18 00:00:00,82.93,72.47,0,0,0,0,0,0,0, High 
1266,S00254,2025-08-25 00:00:00,76.81,78.03,0,0,0,0,0,-5,0,High
1267,S00254,2026-01-19 00:00:00,68.56,68.85,0,0,2,2,0,0,1,Moderate
1268,S00254,2026-06-08 00:00:00,74.72,76.14,0,0,3,2,0,0,1,Moderate
1269,S00254,2026-08-24 00:00:00,67.21,66.12,0,0,6,3,1,0,3,Moderate
1270,S00254,2027-01-18 00:00:00,69.11,68.64,0,0,8,4,1,0,0,Moderate
1271,S00255,2025-08-25 00:00:00,77.69,83.38,0,0,0,0,0,0,0,High
1272,S00255,2026-01-19 00:00:00,83.28,81.43,0,0,0,0,0,0,0,High
1273,S00255,2026-06-08 00:00:00,62.0,50.82,0,0,3,2,0,0,3,Moderate
1274,S00255,2026-08-24 00:00:00,60.87,59.65,0,0,5,4,0,0,2,Moderate
1275,S00255,2027-01-18 00:00:00,54.57,49.64,0,0,8,7,0,0,1,Moderate
1276,S00256,2025-08-25 00:00:00,87.17,81.8,0,0,0,0,0,0,0,High
1277,S00256,2026-01-19 00:00:00,87.82,90.86,0,0,0,0,0,0,0,High
1278,S00256,2026-06-08 00:00:00,93.96,91.77,0,0,0,0,0,0,0,High
1279,S00256,2026-08-24 00:00:00,73.47,72.54,0,0,0,0,0,0,0,Moderate
1280,S00256,2027-01-18 00:00:00,72.26,69.58,0,0,1,1,0,0,1,Moderate
1281,S00257,2025-08-25 00:00:00,83.42,81.06,0,0,0,0,0,0,0,High
1282,S00257,2026-01-19 00:00:00,85.72,92.84,0,0,0,0,0,0,0,High
1283,S00257,2026-06-08 00:00:00,71.61,69.67,1,0,1,1,0,8,0,
1284,S00257,2026-08-24 00:00:00,68.77,68.53,1,0,3,1,0,8,2,Moderate
1285,S00257,2027-01-18 00:00:00,64.24,71.05,1,0,4,1,0,8,1,Moderate
1286,S00258,25-08-2025 00:00,91.81,85.08,0,0,0,0,0,0,0,High
1287,S00258,2026/01/19 00:00:00,59.13,64.13,1,0,2,0,0,4,1,Moderate
1288,S00258,2026-06-08 00:00:00,69.75,70.38,1,0,2,0,0,4,0,Moderate
1289,S00258,2026-08-24 00:00:00,65.38,65.54,1,0,2,0,0,4,0,Moderate
1290,S00258,2027-01-18 00:00:00,61.96,67.84,1,0,2,0,0,4,0,Moderate
1291,S00259,2025-08-25 00:00:00,85.83,78.44,0,0,0,0,0,0,0,High
1292,S00259,2026-01-19 00:00:00,85.04,85.1,0,0,0,0,0,0,0,High
1293,S00259,2026-06-08 00:00:00,77.36,76.95,0,0,1,1,0,0,1,High
1294,S00259,2026-08-24 00:00:00,85.65,87.79,0,0,1,1,0,0,0,High
1295,S00259,2027-01-18 00:00:00,73.24,69.68,0,0,6,3,0,0,3,Moderate
1296,S00260,2025-08-25 00:00:00,73.83,81.15,0,0,0,0,0,0,0,Moderate
1297,S00260,2026-01-19 00:00:00,79.94,86.89,0,0,0,0,0,0,0,High
1298,S00260,2026-06-08 00:00:00,81.04,86.82,0,0,1,1,0,0,0,High
1299,S00260,2026-08-24 00:00:00,65.47,71.52,0,0,4,3,0,0,3,Moderate
1300,S00260,2027-01-18 00:00:00,66.76,66.49,0,0,5,4,0,0,1,Moderate
1301,S00261,2025-08-25 00:00:00,85.27,82.1,0,0,0,0,0,0,0,High
1302,S00261,2026-01-19 00:00:00,66.03,68.87,0,0,5,3,1,0,1,Moderate
1303, S00261 ,2026-06-08 00:00:00,76.69,80.8,0,0,7,3,1,0,1,High
1304,S00261,2026-08-24 00:00:00,72.5,69.45,0,0,7,3,1,0,0,Moderate
1305,S00261,2027-01-18 00:00:00,75.28,70.54,0,0,7,3,1,0,0,High
1306,S00262,2025-08-25 00:00:00,89.38,89.38,0,0,0,0,0,0,0,High
1307,S00262,2026-01-19 00:00:00,92.75,92.32,0,0,0,0,0,0,0,HIGH
1308,S00262,2026-06-08 00:00:00,92.99,89.1,0,0,0,0,0,0,0,High
1309,S00262,2026-08-24 00:00:00,86.02,86.86,0,0,0,0,0,0,0,High
1310,S00262,2027-01-18 00:00:00,91.49,93.72,0,0,0,0,0,0,0,
1311, S00263 ,08/25/2025 00:00,92.54,96.23,0,0,0,0,0,0,0,High
1312,S00263,2026-01-19 00:00:00,83.5,91.56,0,1,1,1,0,0,1,High
1313,S00263,2026-06-08 00:00:00,94.15,94.11,0,1,1,1,0,0,0,High
1314,S00263,2026-08-24 00:00:00,71.13,82.03,0,1,9,4,0,0,8,Moderate
1315,S00263,2027-01-18 00:00:00,72.52,76.33,0,1,9,4,0,0,0,Moderate
1316,S00264,2025-08-25 00:00:00,90.84,85.6,0,0,0,0,0,0,0,High
1317,S00264,2026-01-19 00:00:00,89.82,86.51,0,0,0,0,0,0,0,High
1318,S00264,2026-06-08 00:00:00,86.09,82.5,0,0,1,1,0,0,0,High
1319,S00264,24-08-2026 00:00,85.87,83.32,0,0,1,1,0,0,0,High
1320,S00264,2027-01-18 00:00:00,80.35,75.78,0,1,2,1,0,0,1,High
1321, S00265 ,2025-08-25 00:00:00,87.9,86.31,0,0,0,0,0,0,0,High
1322,S00265,2026-01-19 00:00:00,75.46,65.76,0,0,3,1,0,0,3,High
1323,S00265,2026-06-08 00:00:00,82.61,81.88,0,0,3,1,0,0,0,High
1324,S00265,2026-08-24 00:00:00,,64.96,0,1,5,2,0,0,2, Moderate 
1325,S00265,2027-01-18 00:00:00,72.71,69.25,0,1,5,2,0,0,0,Moderate
1326,S00266,2025-08-25 00:00:00,80.51,77.27,0,0,0,0,-2,0,0,High
1327,S00266,2026-01-19 00:00:00,76.16,67.07,0,0,0,0,0,0,0,High
1328,S00266,2026-06-08 00:00:00,79.41,79.77,0,0,2,2,0,0,0,High
1329,S00266,2026-08-24 00:00:00,80.64,82.12,0,0,3,2,0,0,1,High
1330,S00266,2027-01-18 00:00:00,70.73,74.3,-2,1,5,2,0,0,2,Moderate
1331,S00267,2025-08-25 00:00:00,89.94,95.6,0,0,0,0,0,0,0,High
1332,S00267,2026-01-19 00:00:00,99.14,,0,0,0,0,0,0,0,High
1333,S00267,2026-06-08 00:00:00,86.67,94.22,0,0,1,1,0,0,1,High
1334,S00267,2026-08-24 00:00:00,88.13,91.34,0,0,2,1,0,0,1,High
1335, S00267 ,2027-01-18 00:00:00,90.13,95.33,0,0,3,2,0,0,0,High
1336,S00268,2025-08-25 00:00:00,87.14,95.95,0,0,0,0,0,0,0,High
1337,S00268,2026-01-19 00:00:00,88.97,96.0,0,0,0,0,0,0,0,High
1338,S00268,2026-06-08 00:00:00,81.05,81.33,0,0,0,0,0,0,0,High
1339,S00268,2026-08-24 00:00:00,83.58,87.24,0,0,2,0,0,0,2,High
1340,S00268,2027-01-18 00:00:00,84.7,86.57,0,0,3,1,0,0,0,High
1341,S00269,2025-08-25 00:00:00,92.18,89.68,0,0,0,0,0,0,0,High
1342,S00269,2026-01-19 00:00:00,85.82,87.73,0,0,0,0,0,0,0,High
1343, S00269 ,2026-06-08 00:00:00,93.72,88.01,0,0,0,0,0,0,0,High
1344,S00269,2026-08-24 00:00:00,84.98,82.99,0,0,0,0,0,0,0,High
1345,S00269,2027-01-18 00:00:00,78.02,81.07,0,0,5,2,0,0,2,High
1346,S00270,2025-08-25 00:00:00,83.48,72.52,0,0,0,0,0,0,0,High
1347,S00270,2026-01-19 00:00:00,73.59,71.83,0,0,6,3,0,0,0,Moderate
1348,S00270,2026-06-08 00:00:00,69.63,65.87,0,0,8,4,0,0,2,Moderate
1349,S00270,2026-08-24 00:00:00,68.72,69.49,0,0,11,5,0,0,3,Moderate
1350,S00270,2027-01-18 00:00:00,63.06,57.97,0,0,14,7,0,0,3,Moderate
1351,S00271,2025-08-25 00:00:00,91.93,82.25,0,0,-3,0,0,0,0,High
1352,S00271,2026-01-19 00:00:00,86.51,82.88,0,0,0,0,0,0,0,High
1353,S00271,2026-06-08 00:00:00,90.2,90.96,0,0,0,0,0,0,0,High
1354,S00271,2026-08-24 00:00:00,94.62,96.67,0,0,0,0,0,0,0,High
1355,S00271,2027-01-18 00:00:00,87.41,86.76,0,0,0,0,0,0,0,High
1356,S00272,2025-08-25 00:00:00,75.19,80.2,0,0,0,0,0,0,0,High
1357,S00272,2026-01-19 00:00:00,70.01,72.77,1,0,2,2,0,1,2,Moderate
1358,S00272,2026-06-08 00:00:00,71.67,68.42,1,0,3,2,0,1,0,Moderate
1359,S00272,2026-08-24 00:00:00,76.7,69.73,1,0,3,2,0,1,0,High
1360,S00272,2027-01-18 00:00:00,68.78,69.1,1,0,5,2,0,1,0,Moderate
1361,S00273,2025-08-25 00:00:00,81.74,,0,0,0,0,0,0,0,High
1362,S00273,2026-01-19 00:00:00,89.61,92.77,0,0,0,0,0,0,0,
1363,S00273,2026-06-08 00:00:00,74.4,76.78,0,0,4,2,0,0,3,Moderate
1364,S00273,2026-08-24 00:00:00,61.36,60.55,0,0,8,4,0,0,4,Moderate
1365,S00273,2027-01-18 00:00:00,61.13,62.26,0,0,10,4,0,0,1, Moderate 
1366,S00274,2025-08-25 00:00:00,89.0,83.07,0,0,0,0,0,0,0,High
1367,S00274,2026-01-19 00:00:00,75.61,76.32,0,0,3,2,0,0,2,High
1368,S00274,2026-06-08 00:00:00,77.09,80.52,0,0,4,2,0,0,1,High
1369,S00274,2026-08-24 00:00:00,79.76,82.29,0,0,4,2,0,0,0,High
1370,S00274,2027-01-18 00:00:00,86.37,88.36,0,0,4,2,0,0,0,High
1371,S00275,2025-08-25 00:00:00,87.9,87.72,0,0,0,0,0,0,0,High
1372,S00275,2026-01-19 00:00:00,81.81,77.65,0,0,0,0,0,0,0,High
1373,S00275,2026-06-08 00:00:00,84.35,89.69,0,0,0,0,0,0,0,High
1374,S00275,2026-08-24 00:00:00,72.85,70.52,0,1,6,1,0,0,6,Moderate
1375,S00275,2027-01-18 00:00:00,76.11,72.81,0,2,6,1,0,0,0,High
1376,S00276,2025-08-25 00:00:00,93.16,97.59,0,0,0,0,0,0,0,High
1377,S00276,2026-01-19 00:00:00,96.62,100.0,0,0,0,0,0,0,0,High
1378,S00276,2026-06-08 00:00:00,85.39,84.59,0,0,3,1,0,0,3,High
1379,S00276,2026-08-24 00:00:00,89.98,94.34,0,0,4,2,0,0,1,High
1380,S00276,2027-01-18 00:00:00,79.95,83.87,0,0,5,3,0,0,1,High
1381,S00277,2025-08-25 00:00:00,87.55,88.27,0,0,0,0,0,0,0,High
1382,S00277,2026-01-19 00:00:00,90.94,93.72,0,0,0,0,0,0,0,High
1383,S00277,2026-06-08 00:00:00,80.58,81.39,0,0,1,1,0,0,0, High 
1384,S00277,2026-08-24 00:00:00,85.23,87.84,0,0,2,2,0,0,1,High
1385,S00277,2027-01-18 00:00:00,77.51,83.77,1,0,2,2,0,1,0,High
1386, S00278 ,2025-08-25 00:00:00,85.06,86.29,0,0,0,0,0,0,0,High
1387,S00278,2026-01-19 00:00:00,81.51,86.12,0,0,1,1,0,0,0,High
1388,S00278,2026-06-08 00:00:00,80.4,89.0,0,0,1,1,0,0,0,High
1389,S00278,2026-08-24 00:00:00,70.25,80.9,0,1,5,3,1,0,4,Moderate
1390,S00278,2027-01-18 00:00:00,73.03,72.36,0,1,7,3,1,0,1,Moderate
1391,S00279,2025-08-25 00:00:00,,88.9,0,0,0,0,0,0,0,High
1392,S00279,2026-01-19 00:00:00,94.53,91.5,0,0,0,0,0,0,0,High
1393,S00279,2026-06-08 00:00:00,79.14,89.79,0,0,50,0,1,0,1,High
1394,S00279,2026-08-24 00:00:00,84.48,87.86,0,0,5,1,2,0,2,High
1395,S00279,2027-01-18 00:00:00,80.02,79.07,0,0,5,1,2,0,0,High
1396,S00280,2025-08-25 00:00:00,94.64,84.45,0,0,0,0,0,0,0,High
1397,S00280,2026-01-19 00:00:00,83.56,84.83,0,0,2,1,0,0,1,High
1398,S00280,2026-06-08 00:00:00,86.84,88.22,0,0,2,1,0,0,0,High
1399,S00280,2026-08-24 00:00:00,79.42,72.5,0,0,3,2,0,0,1, High 
1400,S00280,2027-01-18 00:00:00,78.83,70.74,0,1,4,3,0,0,0,High
1401,S00281,2025-08-25 00:00:00,80.27,82.58,0,0,0,0,0,0,0,High
1402,S00281,2026-01-19 00:00:00,77.92,72.39,0,1,2,1,0,0,2,High
1403,S00281,2026-06-08 00:00:00,69.39,63.81,0,1,3,2,0,0,0,Moderate
1404,S00281,2026-08-24 00:00:00,73.28,67.95,0,1,3,2,0,0,0,Moderate
1405,S00281,2027-01-18 00:00:00,74.83,78.16,0,1,4,2,0,0,0,Moderate
1406,S00282,2025-08-25 00:00:00,71.03,58.69,0,0,0,0,0,0,0,Moderate
1407,S00282,2026-01-19 00:00:00,79.06,71.07,0,0,0,0,0,0,0,
1408,S00282,2026-06-08 00:00:00,74.99,72.84,0,1,2,1,0,0,0,Moderate
1409,S00282,2026-08-24 00:00:00,63.63,55.44,0,1,4,2,0,0,2,Moderate
1410,S00282,2027-01-18 00:00:00,63.36,56.34,0,1,5,2,0,0,1,Moderate
1411,S00283,2025-08-25 00:00:00,81.53,84.05,0,0,0,0,0,0,0,High
1412,S00283,2026-01-19 00:00:00,83.78,86.09,0,0,2,1,0,0,0,High
1413,S00283,2026-06-08 00:00:00,79.59,79.09,0,0,2,1,0,0,0,High
1414,S00283,2026-08-24 00:00:00,74.49,71.52,0,0,2,1,0,0,0,Moderate
1415,S00283,2027-01-18 00:00:00,78.0,80.39,0,0,3,2,0,0,0,High
1416,S00284,2025-08-25 00:00:00,90.33,91.09,0,0,0,0,0,0,0,High
1417,S00284,2026-01-19 00:00:00,65.8,62.02,0,0,3,2,0,0,2,Moderate
1418,S00284,2026-06-08 00:00:00,78.57,78.62,0,1,5,2,0,0,2,High
1419,S00284,2026-08-24 00:00:00,69.77,78.01,0,1,8,4,1,0,3,Moderate
1420,S00284,2027-01-18 00:00:00,68.42,65.48,0,1,9,4,1,0,0,Moderate
1421,S00285,2025-08-25 00:00:00,98.99,100.0,0,0,0,0,0,0,0,High
1422,S00285,2026-01-19 00:00:00,100.0,100.0,0,0,0,0,0,0,0,High
1423,S00285,2026-06-08 00:00:00,94.64,100.0,0,0,0,0,0,0,0,High
1424,S00285,2026-08-24 00:00:00,92.84,97.75,0,0,0,0,0,0,0,High
1425,S00285,2027-01-18 00:00:00,94.22,98.08,0,0,1,0,0,0,0,High
1426,S00286,2025-08-25 00:00:00,94.89,99.83,0,0,0,0,0,0,0,High
1427,S00286,2026-01-19 00:00:00,90.02,88.48,0,0,0,0,0,0,0,High
1428,S00286,2026-06-08 00:00:00,89.69,89.61,0,0,2,1,0,0,1,High
1429,S00286,2026-08-24 00:00:00,89.39,92.41,0,0,2,1,0,0,0,High
1430,S00286,2027-01-18 00:00:00,85.19,87.66,0,0,2,1,0,0,0,High
1431,S00287,2025-08-25 00:00:00,90.19,87.56,0,0,0,0,0,0,0,High
1432,S00287,2026-01-19 00:00:00,78.88,83.82,0,1,3,2,0,0,0,High
1433,S00287,2026-06-08 00:00:00,79.07,73.96,0,1,4,3,0,0,0,High
1434,S00287,2026-08-24 00:00:00,69.79,74.87,0,1,5,3,0,0,1,Moderate
1435, S00287 ,2027-01-18 00:00:00,69.42,70.75,0,1,6,4,0,0,0,Moderate
1436,S00288,2025-08-25 00:00:00,90.17,84.91,0,0,0,0,0,0,0,High
1437,S00288,2026-01-19 00:00:00,67.73,74.03,0,0,2,2,0,0,1,Moderate
1438,S00288,2026-06-08 00:00:00,85.0,84.33,0,0,2,2,0,0,0,High
1439,S00288,2026-08-24 00:00:00,75.03,74.47,0,0,3,3,0,0,1,High
1440,S00288,2027-01-18 00:00:00,70.84,73.27,0,0,3,3,0,0,0,Moderate
1441,S00289,2025-08-25 00:00:00,82.81,79.35,0,0,0,0,0,0,0,High
1442,S00289,2026-01-19 00:00:00,69.24,,1,0,3,1,1,4,2, Moderate 
1443,S00289,2026-06-08 00:00:00,49.68,48.91,1,1,8,4,1,4,3,Low
1444,S00289,2026-08-24 00:00:00,47.99,50.53,1,1,12,7,1,4,4,Low
1445,S00289,2027-01-18 00:00:00,52.93,46.11,1,2,12,7,1,4,0,Moderate
1446,S00290,2025-08-25 00:00:00,91.2,94.31,0,0,0,0,0,0,0,High
1447,S00290,2026-01-19 00:00:00,87.36,86.55,0,0,1,1,0,0,0,High
1448,S00290,2026-06-08 00:00:00,89.49,84.15,0,0,1,1,0,0,0,High
1449,S00290,2026-08-24 00:00:00,81.35,81.14,0,0,1,1,0,0,0,High
1450,S00290,2027-01-18 00:00:00,88.04,86.62,0,0,1,1,0,0,0,High
1451,S00291,2025-08-25 00:00:00,83.21,86.03,0,0,0,0,0,0,0,High
1452,S00291,2026-01-19 00:00:00,91.03,87.13,0,0,0,0,0,0,0,High
1453,S00291,2026-06-08 00:00:00,75.43,71.01,0,1,1,1,0,0,1,High
1454,S00291,2026-08-24 00:00:00,64.0,62.92,0,1,6,2,1,0,5,Moderate
1455,S00291,2027-01-18 00:00:00,65.02,68.78,0,1,6,2,1,0,0,Moderate
1456,S00292,2025-08-25 00:00:00,82.38,80.6,0,0,0,0,0,0,0,High
1457,S00292,2026-01-19 00:00:00,83.8,83.34,0,0,1,0,0,0,1,High
1458,S00292,2026-06-08 00:00:00,70.21,74.05,0,0,6,2,0,0,2,Moderate
1459,S00292,2026-08-24 00:00:00,82.95,81.9,0,0,8,3,0,0,2,High
1460,S00292,2027-01-18 00:00:00,83.2,89.47,0,0,9,3,0,0,0,High
1461,S00293,2025-08-25 00:00:00,85.4,83.06,0,0,0,0,0,0,0,High
1462,S00293,2026-01-19 00:00:00,84.88,87.1,0,0,0,0,0,0,0,High
1463,S00293,2026-06-08 00:00:00,87.75,80.25,0,0,0,0,0,0,0,High
1464,S00293,2026-08-24 00:00:00,68.48,69.71,0,1,4,3,1,0,4,Moderate
1465, S00293 ,2027-01-18 00:00:00,57.25,53.59,0,1,8,4,3,0,1,Moderate
1466,S00294,2025-08-25 00:00:00,87.23,92.38,0,0,0,0,0,0,0,High
1467,S00294,2026-01-19 00:00:00,83.55,84.87,0,-2,1,1,0,0,1,High
1468,S00294,08/06/2026 00:00,75.88,79.88,0,0,2,1,0,0,1,High
1469,S00294,2026-08-24 00:00:00,63.2,59.02,0,0,5,3,0,0,3,Moderate
1470,S00294,2027-01-18 00:00:00,72.04,74.84,0,0,6,4,0,0,0,Moderate
1471,S00295,2025-08-25 00:00:00,89.52,87.48,0,0,0,0,0,0,0,High
1472,S00295,2026-01-19 00:00:00,75.24,72.19,0,0,3,2,0,0,1,High
1473,S00295,2026-06-08 00:00:00,72.92,70.29,0,0,6,2,0,0,3,Moderate
1474,S00295,2026-08-24 00:00:00,75.28,75.68,0,0,6,2,0,0,0,High
1475,S00295,2027-01-18 00:00:00,70.75,66.49,0,0,9,3,1,0,1,Moderate
1476,S00296,2025-08-25 00:00:00,87.62,87.81,0,0,0,0,0,0,0,High
1477,S00296,2026-01-19 00:00:00,88.85,87.29,0,0,1,0,0,0,0,High
1478,S00296,2026-06-08 00:00:00,90.97,91.02,0,0,2,0,0,0,0,High
1479,S00296,2026-08-24 00:00:00,80.8,74.21,0,0,7,3,0,0,5,High
1480,S00296,2027-01-18 00:00:00,81.67,82.47,0,0,7,3,0,0,0,High
1481,S00297,2025-08-25 00:00:00,88.45,93.67,0,0,0,0,0,0,0,High
1482,S00297,2026-01-19 00:00:00,87.05,89.94,0,2,1,0,1,0,0,High
1483,S00297,2026-06-08 00:00:00,71.5,74.05,0,2,7,3,1,0,3,Moderate
1484,S00297,2026-08-24 00:00:00,51.64,47.3,1,2,9,5,1,8,2,Moderate
1485,S00297,2027-01-18 00:00:00,52.49,53.37,2,2,9,5,1,14,0,Moderate
1486,S00298,2025-08-25 00:00:00,74.21,72.6,0,0,0,0,0,0,0,Moderate
1487,S00298,2026-01-19 00:00:00,83.67,86.68,0,0,1,0,0,0,0,High
1488,S00298,2026-06-08 00:00:00,80.98,77.9,0,0,1,0,0,0,0,High
1489,S00298,2026-08-24 00:00:00,66.49,59.39,0,0,3,1,0,0,2,Moderate
1490,S00298,2027-01-18 00:00:00,79.83,76.73,0,0,4,1,0,0,0,High
1491,S00299,2025-08-25 00:00:00,93.94,100.0,0,0,0,0,0,0,0,High
1492,S00299,2026-01-19 00:00:00,88.49,92.46,0,1,1,1,0,0,0,High
1493,S00299,2026-06-08 00:00:00,84.7,90.15,0,1,3,1,0,0,1,High
1494,S00299,2026-08-24 00:00:00,86.33,86.79,0,1,4,2,0,0,1,High
1495,S00299,2027-01-18 00:00:00,82.58,89.36,0,2,5,3,0,0,0,High
1496,S00300,2025-08-25 00:00:00,91.68,90.2,0,0,0,0,0,0,0,High
1497,S00300,2026-01-19 00:00:00,80.95,81.17,0,0,1,0,0,0,0,High
1498,S00300,2026-06-08 00:00:00,84.8,81.07,0,0,2,1,0,0,1,High
1499,S00300,2026-08-24 00:00:00,86.85,87.9,0,0,2,1,0,0,0,High
1500,S00300,2027-01-18 00:00:00,92.69,94.8,0,0,2,1,0,0,0,High
1501,S00301,08/25/2025 00:00,81.48,79.3,0,0,0,0,0,0,0,High
1502,S00301,2026-01-19 00:00:00,77.38,78.28,0,0,1,1,0,0,1,HIGH
1503,S00301,2026-06-08 00:00:00,68.39,69.75,0,1,3,2,0,0,1,Moderate
1504,S00301,2026-08-24 00:00:00,69.99,72.7,0,1,6,4,0,0,3,Moderate
1505,S00301,2027-01-18 00:00:00,56.4,47.49,0,1,12,7,0,0,6,Moderate
1506,S00302,2025-08-25 00:00:00,88.04,95.63,0,0,0,0,0,0,0,High
1507,S00302,2026-01-19 00:00:00,97.36,100.0,0,0,0,0,0,0,0,High
1508,S00302,2026-06-08 00:00:00,93.34,94.58,0,0,0,0,0,0,0,High
1509,S00302,2026-08-24 00:00:00,82.18,85.38,0,0,4,2,0,0,4,High
1510,S00302,2027-01-18 00:00:00,81.75,82.9,0,0,4,2,0,0,0,High
1511,S00303,2025-08-25 00:00:00,90.31,80.51,0,0,0,0,0,0,0,High
1512,S00303,2026-01-19 00:00:00,82.9,77.55,0,0,0,0,0,0,0,High
1513,S00303,2026-06-08 00:00:00,85.15,84.4,0,0,0,0,0,0,0,High
1514,S00303,2026-08-24 00:00:00,69.46,66.64,0,1,4,3,0,0,4,Moderate
1515,S00303,2027-01-18 00:00:00,81.96,83.05,0,1,5,3,0,0,0,High
1516,S00304,2025-08-25 00:00:00,89.62,92.69,0,0,0,0,0,0,0,High
1517,S00304,2026-01-19 00:00:00,81.34,87.57,0,0,1,0,0,0,0,High
1518,S00304,2026-06-08 00:00:00,68.57,69.64,0,0,4,2,0,0,3,Moderate
1519,S00304,2026-08-24 00:00:00,72.51,77.06,0,0,5,3,0,0,1,Moderate
1520,S00304,2027-01-18 00:00:00,79.34,77.04,0,0,6,4,0,0,0,High
1521,S00305,2025-08-25 00:00:00,89.08,91.84,0,0,0,0,0,0,0,High
1522,S00305,2026-01-19 00:00:00,76.04,75.35,1,0,2,0,1,4,0,High
1523,S00305,2026-06-08 00:00:00,74.33,76.59,1,0,2,0,1,4,0,Moderate
1524,S00305,2026-08-24 00:00:00,68.8,68.15,1,0,4,1,1,4,2,Moderate
1525,S00305,2027-01-18 00:00:00,71.03,75.14,1,0,6,2,1,4,1,Moderate
1526,S00306,2025-08-25 00:00:00,82.59,99.42,0,0,0,0,0,0,0,High
1527,S00306,2026-01-19 00:00:00,88.13,90.18,0,0,0,0,0,0,0,High
1528,S00306,2026-06-08 00:00:00,82.0,85.17,0,0,1,1,0,0,1,High
1529,S00306,2026-08-24 00:00:00,86.07,94.1,0,0,1,1,0,0,0,High
1530,S00306,2027-01-18 00:00:00,84.24,88.72,0,0,1,1,0,0,0,High
1531,S00307,2025-08-25 00:00:00,94.03,100.0,0,0,0,0,0,0,0,High
1532,S00307,2026-01-19 00:00:00,85.32,86.4,0,0,0,0,0,0,0,High
1533,S00307,2026-06-08 00:00:00,81.74,90.19,0,0,1,1,0,0,0,High
1534,S00307,2026-08-24 00:00:00,64.68,64.55,0,0,4,2,1,0,3,Moderate
1535,S00307,2027-01-18 00:00:00,67.73,68.44,0,0,7,4,1,0,1,Moderate
1536,S00308,2025-08-25 00:00:00,89.0,87.2,0,0,0,0,0,0,0,High
1537,S00308,2026-01-19 00:00:00,91.21,90.96,0,0,2,1,0,0,0,High
1538,S00308,2026-06-08 00:00:00,75.68,76.92,0,0,3,1,0,0,1,High
1539,S00308,2026/08/24 00:00:00,84.85,86.87,0,0,4,1,0,0,1,High
1540,S00308,2027-01-18 00:00:00,75.77,86.06,0,0,5,1,0,0,1,high
1541,S00309,2025-08-25 00:00:00,86.21,82.4,0,0,0,0,0,0,0,High
1542,S00309,2026-01-19 00:00:00,75.32,74.73,0,1,6,2,1,0,3,High
1543,S00309,2026-06-08 00:00:00,72.16,76.03,0,1,6,2,1,0,0,Moderate
1544,S00309,2026-08-24 00:00:00,66.73,66.53,1,-2,7,2,2,6,1,Moderate
1545,S00309,2027-01-18 00:00:00,65.78,69.07,1,1,8,3,2,6,0,Moderate
1546,S00310,2025-08-25 00:00:00,88.39,94.66,0,0,0,0,0,0,0,High
1547,S00310,2026-01-19 00:00:00,93.02,96.23,0,0,0,0,0,0,0,High
1548,S00310,2026-06-08 00:00:00,94.48,99.34,0,0,0,0,0,0,0,High
1549,S00310,2026-08-24 00:00:00,88.24,96.57,0,0,0,0,0,0,0,High
1550,S00310,2027-01-18 00:00:00,87.49,91.42,0,0,0,0,0,0,0,High
1551,S00311,2025-08-25 00:00:00,85.63,92.73,0,0,0,0,0,0,0,High
1552,S00311,2026-01-19 00:00:00,96.12,100.0,0,0,0,0,0,0,0,High
1553,S00311,2026-06-08 00:00:00,82.96,88.97,0,0,1,1,0,0,1,High
1554,S00311,08/24/2026 00:00,75.48,76.3,0,0,3,1,0,0,2, High 
1555,S00311,18/01/2027 00:00,80.74,89.27,0,0,5,3,0,0,1,High
1556,S00312,2025-08-25 00:00:00,88.35,84.16,0,0,0,0,0,0,0,High
1557,S00312,2026-01-19 00:00:00,80.72,74.96,0,0,0,0,0,0,0,High
1558,S00312,2026-06-08 00:00:00,70.59,64.49,0,0,1,1,0,0,1,Moderate
1559,S00312,2026-08-24 00:00:00,69.81,66.63,0,0,2,1,0,0,1,Moderate
1560,S00312,2027-01-18 00:00:00,69.68,62.69,0,0,5,2,0,0,3,Moderate
1561,S00313,2025-08-25 00:00:00,87.89,88.29,0,0,0,0,0,0,0,High
1562,S00313,2026-01-19 00:00:00,83.53,89.04,0,0,3,1,0,0,3,High
1563,S00313,2026-06-08 00:00:00,77.91,87.58,0,0,4,1,0,0,1,High
1564,S00313,2026-08-24 00:00:00,60.43,61.8,1,1,6,2,0,6,2,Moderate
1565,S00313,2027-01-18 00:00:00,60.73,60.06,1,1,8,3,0,6,1,Moderate
1566,S00314,2025-08-25 00:00:00,86.45,89.66,0,0,0,0,0,0,0,High
1567,S00314,2026-01-19 00:00:00,78.83,80.78,0,0,0,0,0,0,0,High
1568,S00314,2026-06-08 00:00:00,84.98,92.69,0,0,0,0,0,0,0,High
1569,S00314,2026-08-24 00:00:00,81.74,80.21,0,0,0,0,0,0,0,High
1570,S00314,2027-01-18 00:00:00,84.8,87.33,0,0,0,0,0,0,0,High
1571,S00315,2025-08-25 00:00:00,87.86,89.11,0,0,0,0,0,0,0,High
1572,S00315,2026-01-19 00:00:00,79.07,74.19,0,0,1,0,0,0,1,High
1573,S00315,2026-06-08 00:00:00,75.75,62.29,0,0,2,0,0,0,1,High
1574,S00315,2026-08-24 00:00:00,83.16,76.1,0,0,2,0,0,0,0,High
1575,S00315,2027-01-18 00:00:00,85.25,82.55,0,1,2,0,0,0,0,High
1576,S00316,2025-08-25 00:00:00,80.92,81.31,0,0,0,0,0,0,0,High
1577,S00316,2026-01-19 00:00:00,84.34,76.05,0,0,0,0,0,0,0,High
1578,S00316,2026-06-08 00:00:00,64.86,60.15,1,0,2,0,0,1,1,Moderate
1579,S00316,2026-08-24 00:00:00,51.56,51.65,1,1,7,3,0,1,5,Moderate
1580,S00316,2027-01-18 00:00:00,43.92,43.42,1,1,8,3,0,1,1,Low
1581,S00317,2025-08-25 00:00:00,87.53,95.59,0,0,0,0,0,0,0,High
1582,S00317,2026-01-19 00:00:00,79.5,85.39,0,0,1,0,0,0,1,High
1583,S00317,2026-06-08 00:00:00,87.17,83.43,0,0,1,0,0,0,0,High
1584,S00317,2026-08-24 00:00:00,86.6,93.63,0,0,1,0,0,0,0,High
1585,S00317,2027-01-18 00:00:00,83.22,86.66,0,0,3,1,0,0,1,High
1586,S00318,2025-08-25 00:00:00,97.39,99.0,0,0,0,0,0,0,0,High
1587, S00318 ,2026-01-19 00:00:00,62.67,65.05,1,0,6,1,0,15,2,Moderate
1588, S00318 ,2026-06-08 00:00:00,65.11,70.27,1,0,6,1,0,15,0,Moderate
1589,S00318,2026-08-24 00:00:00,50.76,48.64,2,0,8,1,0,23,2,Moderate
1590,S00318,2027-01-18 00:00:00,41.1,49.48,2,0,9,1,0,23,1,Low
1591,S00319,2025-08-25 00:00:00,77.82,73.32,0,0,0,0,0,0,0,
1592,S00319,2026-01-19 00:00:00,77.49,81.16,0,0,0,0,0,0,0,High
1593,S00319,2026-06-08 00:00:00,79.43,71.69,0,0,0,0,0,0,0,High
1594,S00319,2026-08-24 00:00:00,73.77,76.87,0,1,3,2,0,0,3,Moderate
1595,S00319,2027-01-18 00:00:00,66.41,65.22,0,1,4,2,0,0,0,Moderate
1596,S00320,2025-08-25 00:00:00,88.93,90.6,0,0,0,0,0,0,0,High
1597,S00320,2026-01-19 00:00:00,63.21,66.13,0,0,7,3,2,0,5,Moderate
1598,S00320,2026-06-08 00:00:00,60.62,56.45,0,0,12,6,2,0,4,Moderate
1599,S00320,2026-08-24 00:00:00,41.69,41.33,1,0,15,7,2,6,3,Low
1600,S00320,2027-01-18 00:00:00,50.59,53.51,1,1,15,7,2,6,0,Moderate
1601,S00321,2025-08-25 00:00:00,74.03,71.87,0,0,0,0,0,0,0,Moderate
1602,S00321,2026-01-19 00:00:00,69.09,61.87,0,0,1,1,0,0,1,Moderate
1603,S00321,2026-06-08 00:00:00,60.22,62.87,0,1,5,2,0,0,1,Moderate
1604,S00321,2026-08-24 00:00:00,67.45,63.12,0,1,5,2,0,0,0,Moderate
1605,S00321,2027-01-18 00:00:00,62.51,63.26,0,1,7,3,0,0,2,Moderate
1606,S00322,2025-08-25 00:00:00,85.39,86.97,0,0,0,0,0,0,0,High
1607,S00322,2026-01-19 00:00:00,89.03,90.57,0,0,0,0,0,0,0,High
1608,S00322,2026-06-08 00:00:00,76.3,73.73,0,0,4,3,0,0,4,High
1609,S00322,2026-08-24 00:00:00,82.74,80.14,0,0,4,3,0,0,0,High
1610,S00322,2027-01-18 00:00:00,71.02,74.14,0,1,10,3,0,0,3,Moderate
1611,S00323,2025-08-25 00:00:00,84.3,75.75,0,0,0,0,0,0,0,High
1612,S00323,2026-01-19 00:00:00,65.27,69.27,0,1,5,2,0,0,1,Moderate
1613,S00323,2026-06-08 00:00:00,72.57,70.36,0,1,7,3,0,0,1,Moderate
1614,S00323,2026-08-24 00:00:00,59.43,55.25,0,1,9,3,2,0,2,Moderate
1615,S00323,2027-01-18 00:00:00,61.05,51.55,0,1,10,3,3,0,1,Moderate
1616,S00324,2025-08-25 00:00:00,87.59,90.07,0,0,0,0,0,0,0,High
1617,S00324,2026-01-19 00:00:00,72.63,72.76,0,1,1,1,0,0,1,Moderate
1618,S00324,2026-06-08 00:00:00,66.74,67.09,0,1,5,1,2,0,4,Moderate
1619,S00324,2026-08-24 00:00:00,74.51,79.92,0,1,5,1,2,0,0,Moderate
1620,S00324,2027-01-18 00:00:00,72.86,76.57,0,1,8,2,2,0,0,Moderate
1621,S00325,2025-08-25 00:00:00,83.7,91.86,0,0,0,0,0,0,0,High
1622,S00325,2026-01-19 00:00:00,70.87,72.57,0,1,6,2,1,0,0,Moderate
1623,S00325,2026-06-08 00:00:00,74.05,77.38,0,1,6,2,1,0,0,Moderate
1624,S00325,2026-08-24 00:00:00,73.77,79.67,0,1,6,2,1,0,0,Moderate
1625,S00325,2027-01-18 00:00:00,74.57,86.37,0,1,8,3,1,0,0,Moderate
1626,S00326,2025-08-25 00:00:00,90.08,95.71,0,0,0,0,0,0,0,High
1627,S00326,2026-01-19 00:00:00,90.11,91.46,0,0,0,0,0,0,0,High
1628,S00326,2026-06-08 00:00:00,80.37,78.13,0,0,2,1,0,0,0,High
1629,S00326,2026-08-24 00:00:00,67.57,72.26,0,0,6,4,0,0,4,Moderate
1630,S00326,2027-01-18 00:00:00,73.18,78.21,0,0,8,5,0,0,0,Moderate
1631,S00327,2025-08-25 00:00:00,86.95,86.28,0,0,0,0,0,0,0,High
1632,S00327,2026-01-19 00:00:00,65.56,67.16,0,0,3,2,0,0,1,Moderate
1633,S00327,2026-06-08 00:00:00,67.5,69.0,0,0,4,2,0,0,1,Moderate
1634,S00327,2026-08-24 00:00:00,68.34,66.91,0,0,7,2,0,0,3,Moderate
1635,S00327,2027-01-18 00:00:00,66.52,64.52,0,0,8,3,0,0,1,
1636,S00328,2025-08-25 00:00:00,89.21,81.31,0,0,0,0,0,0,0,High
1637,S00328,2026-01-19 00:00:00,83.91,83.01,0,0,1,0,0,0,0,High
1638,S00328,2026-06-08 00:00:00,81.95,82.93,0,0,5,1,0,0,2,High
1639,S00328,2026-08-24 00:00:00,83.86,82.32,0,0,5,1,0,0,0,High
1640,S00328,2027-01-18 00:00:00,80.26,79.85,0,0,6,2,0,0,1,High
1641,S00329,25-08-2025 00:00,87.67,86.63,0,0,0,0,0,0,0,High
1642,S00329,2026-01-19 00:00:00,79.58,79.1,0,0,2,1,1,0,1,High
1643,S00329,2026-06-08 00:00:00,83.22,83.92,0,0,2,1,1,0,0,High
1644,S00329,2026-08-24 00:00:00,77.84,74.79,0,0,4,2,1,0,2,High
1645,S00329,2027-01-18 00:00:00,75.2,69.39,0,0,4,2,1,0,0,High
1646,S00330,2025-08-25 00:00:00,83.59,86.24,0,0,0,0,0,0,0,High
1647,S00330,2026-01-19 00:00:00,79.04,76.06,0,0,3,1,0,0,0,High
1648,S00330,2026-06-08 00:00:00,81.82,87.64,0,0,3,1,0,0,0,High
1649,S00330,2026-08-24 00:00:00,57.81,56.33,0,1,11,3,1,0,8,Moderate
1650,S00330,2027-01-18 00:00:00,58.01,59.87,0,1,14,3,1,0,0,Moderate
1651,S00331,2025-08-25 00:00:00,83.51,77.55,0,0,0,0,0,0,0,High
1652,S00331,2026-01-19 00:00:00,76.46,67.86,0,0,2,1,1,0,1,High
1653,S00331,2026-06-08 00:00:00,71.29,66.7,0,0,2,1,1,0,0,Moderate
1654,S00331,2026-08-24 00:00:00,65.79,63.12,0,0,4,2,1,0,2,Moderate
1655,S00331,2027-01-18 00:00:00,70.46,69.3,0,0,4,2,1,0,0,Moderate
1656,S00332,2025-08-25 00:00:00,87.61,90.59,0,0,0,0,0,0,0,High
1657, S00332 ,2026-01-19 00:00:00,92.24,95.88,0,0,0,0,0,0,0,High
1658,S00332,2026-06-08 00:00:00,69.79,76.51,0,0,4,1,1,0,4,Moderate
1659,S00332,2026-08-24 00:00:00,69.31,82.16,0,0,5,2,1,0,1,Moderate
1660,S00332,2027-01-18 00:00:00,78.74,88.44,0,1,5,2,1,0,0,High
1661,S00333,2025-08-25 00:00:00,87.07,81.2,0,0,0,0,0,0,0,High
1662,S00333,2026-01-19 00:00:00,81.01,82.91,0,0,7,1,0,0,0,High
1663,S00333,2026-06-08 00:00:00,65.99,62.97,0,0,9,2,0,0,2,Moderate
1664,S00333,2026-08-24 00:00:00,70.19,69.66,0,0,10,2,0,0,1,Moderate
1665,S00333,2027-01-18 00:00:00,72.37,69.15,0,0,12,3,0,0,0,Moderate
1666,S00334,2025-08-25 00:00:00,70.66,70.3,0,0,0,0,0,0,0,Moderate
1667, S00334 ,2026-01-19 00:00:00,64.29,70.08,0,0,3,3,0,0,1,
1668,S00334,2026-06-08 00:00:00,66.8,62.47,0,0,3,3,0,0,0,Moderate
1669,S00334,2026-08-24 00:00:00,62.39,55.93,0,0,6,6,0,0,3,Moderate
1670,S00334,2027-01-18 00:00:00,54.69,49.18,0,0,8,7,1,0,2,Moderate
1671,S00335,2025-08-25 00:00:00,88.24,88.89,0,0,0,0,0,0,0,High
1672,S00335,2026-01-19 00:00:00,96.32,97.27,0,0,0,0,0,0,0,High
1673,S00335,2026-06-08 00:00:00,59.52,62.9,0,0,8,3,1,0,7,Moderate
1674,S00335,2026-08-24 00:00:00,53.33,54.38,0,0,13,5,2,0,5,Moderate
1675,S00335,2027-01-18 00:00:00,59.15,58.47,0,0,13,5,2,0,0,Moderate
1676,S00336,2025-08-25 00:00:00,66.96,64.8,0,0,0,0,0,0,0,Moderate
1677,S00336,2026-01-19 00:00:00,79.58,82.56,0,0,0,0,0,0,0,High
1678,S00336,2026-06-08 00:00:00,81.35,76.89,0,0,0,0,0,0,0,High
1679, S00336 ,2026-08-24 00:00:00,70.91,68.58,0,0,1,0,0,0,1,Moderate
1680,S00336,2027-01-18 00:00:00,71.96,79.96,0,0,2,1,0,0,0,Moderate
1681,S00337,2025-08-25 00:00:00,86.94,89.8,0,0,0,0,0,0,0,High
1682,S00337,2026-01-19 00:00:00,74.49,70.87,0,0,7,2,1,0,4,Moderate
1683,S00337,2026-06-08 00:00:00,64.21,57.6,0,1,9,3,1,0,2,Moderate
1684,S00337,2026-08-24 00:00:00,53.02,48.11,0,2,13,5,1,0,4,
1685,S00337,2027-01-18 00:00:00,38.77,44.02,1,2,17,6,1,8,4,Low
1686,S00338,2025-08-25 00:00:00,89.15,82.52,0,0,0,0,0,0,0,High
1687,S00338,2026-01-19 00:00:00,84.83,,0,0,1,0,0,0,0,High
1688,S00338,2026-06-08 00:00:00,83.94,84.33,0,0,2,0,0,0,0,High
1689,S00338,2026-08-24 00:00:00,78.79,85.35,0,0,2,0,0,0,0,High
1690,S00338,2027-01-18 00:00:00,76.77,76.59,0,0,5,2,0,0,1,High
1691,S00339,2025-08-25 00:00:00,89.0,83.84,0,0,0,0,0,0,0,High
1692,S00339,2026-01-19 00:00:00,72.68,68.57,0,0,2,0,0,0,1,Moderate
1693,S00339,2026-06-08 00:00:00,52.72,52.34,1,0,5,1,0,6,1,Moderate
1694,S00339,2026-08-24 00:00:00,45.14,47.63,1,1,8,3,0,6,3,Low
1695,S00339,2027-01-18 00:00:00,45.3,37.27,1,1,10,5,0,6,1,Low
1696,S00340,2025-08-25 00:00:00,82.72,69.17,0,0,0,0,0,0,0,High
1697,S00340,2026-01-19 00:00:00,78.8,73.77,0,0,3,1,0,0,0,High
1698,S00340,2026-06-08 00:00:00,69.75,66.01,0,1,6,2,0,0,3,Moderate
1699,S00340,24-08-2026 00:00,71.25,74.73,0,1,6,2,0,0,0,Moderate
1700,S00340,2027-01-18 00:00:00,69.81,68.76,0,1,6,2,0,0,0,Moderate
1701,S00341,2025-08-25 00:00:00,88.94,88.23,0,0,0,0,0,0,0,High
1702,S00341,2026-01-19 00:00:00,90.9,91.15,30,0,0,0,0,0,0,High
1703,S00341,2026-06-08 00:00:00,90.67,,0,0,0,0,0,0,0,High
1704,S00341,2026-08-24 00:00:00,80.07,78.56,0,0,0,0,0,0,0,High
1705,S00341,2027-01-18 00:00:00,87.55,85.14,0,0,2,2,0,0,1,High
1706,S00342,2025-08-25 00:00:00,84.34,91.53,0,0,0,0,0,0,0,High
1707,S00342,2026-01-19 00:00:00,94.81,92.6,0,0,0,0,0,0,0,High
1708,S00342,2026-06-08 00:00:00,62.1,68.51,1,0,5,2,2,8,3,Moderate
1709,S00342,2026-08-24 00:00:00,61.11,58.73,1,0,8,3,2,8,3,Moderate
1710,S00342,2027-01-18 00:00:00,57.75,61.57,1,0,13,4,2,8,3,Moderate
1711,S00343,2025-08-25 00:00:00,72.71,73.36,0,0,0,0,0,0,0,Moderate
1712,S00343,2026-01-19 00:00:00,70.87,62.92,0,0,0,0,0,0,0,Moderate
1713,S00343,2026-06-08 00:00:00,80.84,78.09,0,0,1,1,0,0,0,High
1714,S00343,2026-08-24 00:00:00,60.68,56.62,0,0,3,2,0,0,2,Moderate
1715,S00343,2027-01-18 00:00:00,64.29,52.0,0,0,3,2,0,0,0,Moderate
1716,S00344,2025-08-25 00:00:00,85.67,81.35,0,0,0,0,0,0,0,High
1717,S00344,2026-01-19 00:00:00,85.34,84.23,0,0,0,0,0,0,0,High
1718,S00344,2026-06-08 00:00:00,83.34,79.32,0,0,1,1,0,0,0,High
1719,S00344,2026-08-24 00:00:00,70.0,65.46,0,0,4,2,1,0,3,Moderate
1720,S00344,2027-01-18 00:00:00,76.99,78.5,0,0,4,2,1,0,0,High
1721,S00345,2025-08-25 00:00:00,79.48,80.39,0,0,0,0,0,0,0,High
1722,S00345,2026-01-19 00:00:00,74.24,68.46,0,0,1,1,0,0,1,Moderate
1723,S00345,2026-06-08 00:00:00,66.67,66.91,0,1,4,4,0,0,2,Moderate
1724,S00345,2026-08-24 00:00:00,63.9,61.87,0,1,4,4,0,0,0,Moderate
1725,S00345,2027-01-18 00:00:00,,45.83,1,1,6,5,0,15,0,Moderate
1726,S00346,2025-08-25 00:00:00,85.9,80.17,0,0,0,0,0,0,0,High
1727,S00346,2026-01-19 00:00:00,77.26,70.72,0,0,0,0,0,0,0,High
1728,S00346,2026-06-08 00:00:00,96.14,97.58,0,0,0,0,0,0,0,High
1729,S00346,2026-08-24 00:00:00,75.98,72.82,0,1,1,1,0,0,1,High
1730,S00346,2027-01-18 00:00:00,85.08,83.3,0,1,1,1,0,0,0,High
1731,S00347,2025-08-25 00:00:00,95.47,100.0,0,0,0,0,0,0,0,High
1732, S00347 ,2026-01-19 00:00:00,90.51,92.86,0,0,1,0,0,0,0,High
1733,S00347,2026-06-08 00:00:00,83.85,82.49,0,0,3,1,0,0,2,High
1734,S00347,2026-08-24 00:00:00,77.95,81.73,0,0,4,2,0,0,1,High
1735,S00347,2027-01-18 00:00:00,84.48,,0,0,4,2,0,0,0,High
1736,S00348,2025-08-25 00:00:00,77.15,74.89,0,0,0,0,0,0,0,High
1737,S00348,2026-01-19 00:00:00,75.41,63.22,0,0,0,0,0,0,0,High
1738,S00348,2026-06-08 00:00:00,81.59,74.36,0,0,0,0,0,0,0,High
1739,S00348,2026-08-24 00:00:00,71.21,64.48,0,0,0,0,0,0,0,Moderate
1740,S00348,2027-01-18 00:00:00,74.55,63.94,0,0,0,0,0,0,0,Moderate
1741,S00349,2025-08-25 00:00:00,87.17,85.53,0,0,0,0,0,0,0,High
1742,S00349,2026-01-19 00:00:00,86.44,86.83,0,0,0,0,0,0,0,High
1743,S00349,2026-06-08 00:00:00,76.16,76.43,0,0,2,1,0,0,1,High
1744,S00349,2026-08-24 00:00:00,77.09,74.66,0,0,3,1,0,0,1,High
1745,S00349,2027-01-18 00:00:00,78.39,73.92,0,0,3,1,0,0,0,High
1746,S00350,2025-08-25 00:00:00,80.75,88.76,0,0,-3,0,0,0,0,High
1747,S00350,2026-01-19 00:00:00,90.13,93.6,0,0,1,1,0,0,1,High
1748,S00350,2026-06-08 00:00:00,79.7,82.8,0,1,3,2,0,0,1,High
1749,S00350,2026-08-24 00:00:00,78.24,83.63,0,1,5,3,0,0,2,High
1750,S00350,2027-01-18 00:00:00,76.46,74.67,0,1,7,4,0,0,2,High
1751,S00351,2025-08-25 00:00:00,83.36,86.67,0,0,0,0,0,0,0,High
1752,S00351,2026-01-19 00:00:00,64.68,67.46,1,0,4,2,1,8,4,Moderate
1753,S00351,2026-06-08 00:00:00,71.91,77.63,1,0,4,2,1,8,0,Moderate
1754,S00351,2026-08-24 00:00:00,64.11,62.89,1,0,5,3,1,8,1,Moderate
1755,S00351,2027-01-18 00:00:00,57.22,63.39,1,0,6,3,1,8,1,Moderate
1756,S00352,2025-08-25 00:00:00,87.43,88.4,0,0,0,0,0,0,0,High
1757,S00352,2026-01-19 00:00:00,83.1,92.28,0,0,2,0,0,0,2,High
1758,S00352,2026-06-08 00:00:00,86.58,,0,0,3,1,0,0,1,High
1759,S00352,2026-08-24 00:00:00,75.52,70.79,0,1,3,1,0,0,0,High
1760,S00352,2027-01-18 00:00:00,75.92,77.92,0,1,3,1,0,0,0,High
1761,S00353,2025-08-25 00:00:00,88.89,86.15,0,0,0,0,0,0,0,High
1762,S00353,2026-01-19 00:00:00,77.82,83.47,0,0,0,0,0,0,0,High
1763,S00353,2026-06-08 00:00:00,79.7,82.21,0,0,0,0,0,0,0,High
1764,S00353,2026-08-24 00:00:00,62.35,56.02,1,0,1,1,0,6,1,
1765,S00353,2027-01-18 00:00:00,77.48,82.81,1,0,1,1,0,6,0,high
1766,S00354,2025-08-25 00:00:00,80.26,71.66,0,0,0,0,0,0,0,High
1767,S00354,2026-01-19 00:00:00,72.48,63.1,0,0,0,0,0,0,0,Moderate
1768,S00354,2026-06-08 00:00:00,82.87,77.8,0,0,1,0,0,0,0,High
1769,S00354,2026-08-24 00:00:00,75.82,76.84,0,0,1,0,0,0,0,High
1770,S00354,2027-01-18 00:00:00,79.46,72.21,0,0,1,0,0,0,0,High
1771,S00355,2025-08-25 00:00:00,79.94,78.43,0,0,0,0,0,0,0,High
1772,S00355,2026-01-19 00:00:00,87.58,85.71,0,0,0,0,0,0,0,High
1773,S00355,2026-06-08 00:00:00,86.25,88.39,0,0,0,0,0,0,0,High
1774,S00355,2026-08-24 00:00:00,83.88,79.72,0,0,2,0,0,0,2,High
1775,S00355,18-01-2027 00:00,71.63,,0,0,6,2,1,0,2,Moderate
1776,S00356,2025-08-25 00:00:00,89.65,92.77,0,0,0,0,0,0,0, High 
1777,S00356,2026-01-19 00:00:00,85.83,84.33,0,1,3,1,0,0,0,High
1778,S00356,2026-06-08 00:00:00,,81.11,0,1,4,2,0,0,1,High
1779,S00356,2026-08-24 00:00:00,72.47,76.36,0,2,6,2,0,0,2,Moderate
1780,S00356,2027-01-18 00:00:00,79.72,79.97,0,2,6,2,0,0,0,
1781,S00357,2025-08-25 00:00:00,80.84,77.89,0,0,0,0,0,0,0,High
1782,S00357,2026-01-19 00:00:00,74.68,70.24,0,0,1,1,0,0,0,Moderate
1783,S00357,2026-06-08 00:00:00,80.71,77.66,0,0,2,1,0,0,1,High
1784,S00357,2026-08-24 00:00:00,79.74,76.82,0,0,3,2,0,0,1,High
1785,S00357,2027-01-18 00:00:00,68.86,63.26,0,0,4,2,0,0,0,
1786,S00358,2025-08-25 00:00:00,83.92,82.64,0,0,0,0,0,0,0,High
1787,S00358,2026-01-19 00:00:00,82.7,81.48,0,0,0,0,0,0,0, High 
1788,S00358,2026-06-08 00:00:00,81.79,86.91,0,0,0,0,0,0,0,High
1789,S00358,2026-08-24 00:00:00,71.9,76.17,0,1,2,1,1,0,2,Moderate
1790,S00358,2027-01-18 00:00:00,73.98,79.25,0,1,2,1,1,0,0,Moderate
1791,S00359,2025-08-25 00:00:00,94.97,100.0,0,0,0,0,0,0,0,High
1792,S00359,2026-01-19 00:00:00,94.67,100.0,0,0,0,0,0,0,0,High
1793,S00359,2026-06-08 00:00:00,89.28,99.29,0,0,0,0,0,0,0,High
1794,S00359,2026-08-24 00:00:00,78.67,86.64,0,0,2,1,0,0,2,High
1795,S00359,2027-01-18 00:00:00,93.88,99.05,0,0,2,1,0,0,0,High
1796,S00360,2025-08-25 00:00:00,78.05,76.76,0,0,0,0,0,0,0,High
1797,S00360,2026-01-19 00:00:00,72.1,72.46,0,0,2,0,0,0,1,Moderate
1798,S00360,2026-06-08 00:00:00,,73.56,0,0,3,0,0,0,1,High
1799,S00360,2026-08-24 00:00:00,80.45,80.9,0,0,3,0,0,0,0,High
1800,S00360,2027-01-18 00:00:00,71.67,66.38,0,0,4,1,0,0,0,Moderate
1801,S00361,2025-08-25 00:00:00,89.51,94.81,0,0,0,0,0,0,0,High
1802,S00361,2026-01-19 00:00:00,95.31,100.0,0,0,2,0,1,0,0,High
1803,S00361,2026-06-08 00:00:00,83.18,80.18,0,0,3,0,1,0,1,High
1804,S00361,2026-08-24 00:00:00,83.36,93.8,0,0,3,0,1,0,0,High
1805,S00361,2027-01-18 00:00:00,80.54,85.37,0,0,4,1,1,0,0,High
1806,S00362,2025-08-25 00:00:00,89.64,84.53,0,0,0,0,0,0,0,High
1807,S00362,2026-01-19 00:00:00,83.42,83.13,0,0,2,1,0,0,2,High
1808,S00362,2026-06-08 00:00:00,79.88,79.11,0,0,3,1,1,0,1,High
1809,S00362,2026-08-24 00:00:00,76.0,74.87,0,0,4,2,1,0,1,High
1810,S00362,2027-01-18 00:00:00,77.01,77.06,0,0,4,2,1,0,0,High
1811,S00363,2025-08-25 00:00:00,91.13,87.46,0,0,0,0,0,0,0,High
1812,S00363,2026-01-19 00:00:00,87.58,80.15,0,0,0,0,0,0,0,High
1813,S00363,2026-06-08 00:00:00,90.61,90.98,0,0,0,0,0,0,0,High
1814,S00363,2026-08-24 00:00:00,67.95,71.37,1,0,3,1,0,6,3,Moderate
1815,S00363,2027-01-18 00:00:00,64.77,63.06,1,0,4,1,1,6,1,Moderate
1816,S00364,2025-08-25 00:00:00,92.65,,0,0,0,0,0,0,0,High
1817,S00364,2026-01-19 00:00:00,88.64,93.05,0,0,0,0,0,0,0,High
1818,S00364,2026-06-08 00:00:00,83.16,86.55,0,0,2,0,0,0,2, High 
1819,S00364,2026-08-24 00:00:00,80.42,77.97,0,0,3,1,0,0,1,High
1820,S00364,2027-01-18 00:00:00,80.83,83.13,0,0,6,2,0,0,3,High
1821,S00365,2025-08-25 00:00:00,77.86,74.96,0,0,0,0,0,0,0,High
1822,S00365,2026-01-19 00:00:00,76.67,70.42,0,0,0,0,0,0,0,High
1823,S00365,2026-06-08 00:00:00,64.55,60.44,0,0,3,0,0,0,3,Moderate
1824,S00365,2026-08-24 00:00:00,59.9,53.28,0,0,5,1,1,0,2,Moderate
1825,S00365,2027-01-18 00:00:00,60.19,59.24,0,1,7,2,1,0,1,Moderate
1826,S00366,2025-08-25 00:00:00,78.85,81.99,0,0,0,0,0,0,0,High
1827,S00366,2026-01-19 00:00:00,85.91,86.04,0,0,0,0,0,0,0,High
1828,S00366,2026-06-08 00:00:00,81.43,74.59,0,0,1,0,1,0,0,High
1829,S00366,2026-08-24 00:00:00,83.1,80.07,0,0,1,0,1,0,0,High
1830,S00366,2027-01-18 00:00:00,79.82,82.96,0,0,1,0,1,0,0,High
1831,S00367,2025-08-25 00:00:00,80.55,83.33,0,0,0,0,0,0,0,High
1832,S00367,2026-01-19 00:00:00,78.58,83.29,0,0,4,2,0,0,4,High
1833,S00367,2026-06-08 00:00:00,80.75,80.02,0,0,4,2,0,0,0,High
1834,S00367,2026-08-24 00:00:00,76.96,76.5,0,0,6,3,0,0,2,High
1835,S00367,2027-01-18 00:00:00,73.63,70.69,0,0,9,4,1,0,0,Moderate
1836,S00368,2025-08-25 00:00:00,85.86,85.6,0,0,0,0,0,0,0,High
1837,S00368,2026-01-19 00:00:00,73.14,73.75,0,1,1,0,0,0,1,MODERATE
1838,S00368,2026-06-08 00:00:00,76.82,87.51,0,1,3,1,0,0,2,High
1839,S00368,08/24/2026 00:00,63.66,63.65,0,1,8,4,0,0,5,Moderate
1840,S00368,2027-01-18 00:00:00,52.77,54.79,1,1,11,7,0,1,2,Moderate
1841,S00369,08/25/2025 00:00,89.3,90.91,0,0,0,0,0,0,0,High
1842,S00369,2026-01-19 00:00:00,87.16,90.32,0,0,0,0,0,0,0,High
1843,S00369,2026-06-08 00:00:00,84.82,76.88,0,1,1,0,0,0,1,High
1844,S00369,2026-08-24 00:00:00,77.77,85.98,0,1,3,1,0,0,2,High
1845,S00369,2027-01-18 00:00:00,81.11,79.73,0,1,3,1,0,0,0,High
1846,S00370,2025-08-25 00:00:00,85.77,84.84,0,0,0,0,0,0,0,High
1847,S00370,2026-01-19 00:00:00,71.81,72.89,0,0,2,2,0,0,1,Moderate
1848,S00370,2026-06-08 00:00:00,73.0,71.89,0,0,4,3,0,0,2,Moderate
1849,S00370,2026-08-24 00:00:00,70.08,69.07,0,0,5,4,0,0,1,Moderate
1850,S00370,2027-01-18 00:00:00,82.35,80.9,0,0,5,4,0,0,0,High
1851,S00371,2025-08-25 00:00:00,98.65,98.32,0,0,0,0,0,0,0,High
1852,S00371,2026-01-19 00:00:00,69.75,70.43,0,2,5,4,0,0,5,Moderate
1853,S00371,2026-06-08 00:00:00,69.08,67.67,0,2,5,4,0,0,0,Moderate
1854,S00371,2026-08-24 00:00:00,66.51,64.87,0,2,6,4,1,0,1,Moderate
1855,S00371,18-01-2027 00:00,75.24,73.44,0,2,6,4,1,0,0,
1856,S00372,2025-08-25 00:00:00,88.46,93.35,0,0,0,0,0,0,0,High
1857,S00372,2026-01-19 00:00:00,82.49,74.86,0,1,1,1,0,0,0, High 
1858,S00372,2026-06-08 00:00:00,90.47,92.44,0,1,1,1,0,0,0,High
1859,S00372,2026-08-24 00:00:00,82.05,80.9,0,1,1,1,0,0,0,High
1860,S00372,2027-01-18 00:00:00,79.8,76.41,0,1,2,2,0,0,1,High
1861,S00373,2025-08-25 00:00:00,115.0,78.66,0,0,0,0,0,0,0,High
1862, S00373 ,2026-01-19 00:00:00,86.53,86.43,0,0,0,0,0,0,0,High
1863,S00373,2026-06-08 00:00:00,87.4,89.12,0,0,0,0,0,0,0,High
1864,S00373,2026-08-24 00:00:00,81.99,83.57,0,1,1,1,0,0,1,High
1865,S00373,2027-01-18 00:00:00,83.17,78.34,0,1,1,1,0,0,0,High
1866,S00374,2025-08-25 00:00:00,83.94,89.11,0,0,0,0,0,0,0,High
1867,S00374,2026-01-19 00:00:00,87.1,91.19,0,0,1,1,0,0,0,High
1868,S00374,2026-06-08 00:00:00,88.92,86.97,0,0,1,1,0,0,0,High
1869,S00374,2026-08-24 00:00:00,91.51,91.21,0,0,1,1,0,0,0,High
1870,S00374,2027-01-18 00:00:00,79.35,80.15,0,0,5,3,1,0,2,High
1871,S00375,2025-08-25 00:00:00,81.31,85.67,0,0,0,0,0,0,0,High
1872,S00375,2026-01-19 00:00:00,84.16,84.23,0,1,3,0,0,0,1,High
1873,S00375,2026-06-08 00:00:00,72.37,76.37,0,1,5,1,0,0,2,Moderate
1874,S00375,2026-08-24 00:00:00,72.33,68.71,0,2,5,1,0,0,0,Moderate
1875,S00375,18/01/2027 00:00,82.28,78.71,0,2,5,1,0,0,0,High
1876,S00376,2025-08-25 00:00:00,93.29,97.79,0,0,0,0,0,0,0,High
1877,S00376,2026-01-19 00:00:00,93.78,95.8,0,0,0,0,0,0,0,High
1878,S00376,2026-06-08 00:00:00,72.35,81.02,0,1,5,2,1,0,2,Moderate
1879,S00376,2026-08-24 00:00:00,55.14,53.59,1,1,6,3,1,4,1, Moderate 
1880,S00376,2027-01-18 00:00:00,66.42,79.72,1,1,7,4,1,4,0,Moderate
1881,S00377,2025-08-25 00:00:00,96.34,99.48,0,0,0,0,0,0,0,High
1882,S00377,2026-01-19 00:00:00,85.53,88.84,0,0,0,0,0,0,0,High
1883,S00377,2026-06-08 00:00:00,72.71,81.21,0,0,2,2,0,0,1,
1884,S00377,2026-08-24 00:00:00,77.21,83.51,0,0,5,3,0,0,3,High
1885,S00377,2027-01-18 00:00:00,80.48,83.71,0,0,5,3,0,0,0,High
1886,S00378,2025-08-25 00:00:00,83.73,75.61,0,0,0,0,0,0,0,High
1887,S00378,2026-01-19 00:00:00,77.07,67.26,0,0,2,1,0,0,0,High
1888,S00378,2026-06-08 00:00:00,74.07,67.47,0,0,3,2,0,0,1,Moderate
1889,S00378,2026-08-24 00:00:00,87.64,87.49,0,0,3,2,0,0,0,High
1890,S00378,2027-01-18 00:00:00,78.28,73.09,0,0,4,3,0,0,1,
1891,S00379,2025-08-25 00:00:00,89.08,80.67,0,0,0,0,0,0,0,High
1892,S00379,2026-01-19 00:00:00,99.39,96.76,0,0,0,0,0,0,0,High
1893,S00379,2026-06-08 00:00:00,81.47,78.03,0,1,1,1,0,0,1,High
1894,S00379,2026-08-24 00:00:00,51.84,49.52,1,1,3,2,0,15,2,Moderate
1895,S00379,2027-01-18 00:00:00,36.7,35.37,2,2,6,4,0,16,3,LOW
1896,S00380,2025-08-25 00:00:00,99.18,93.65,0,0,0,0,0,0,0,High
1897,S00380,2026-01-19 00:00:00,89.59,96.25,0,0,0,0,0,0,0,High
1898,S00380,2026-06-08 00:00:00,91.03,93.57,0,1,0,0,0,0,0,High
1899,S00380,2026-08-24 00:00:00,90.85,90.04,0,1,0,0,0,0,0,High
1900,S00380,2027-01-18 00:00:00,85.22,96.6,0,3,0,0,0,0,0,High
1901,S00381,2025-08-25 00:00:00,78.82,85.03,0,0,0,0,0,0,0,High
1902,S00381,2026-01-19 00:00:00,69.08,78.51,0,0,4,1,1,0,3,Moderate
1903,S00381,2026/06/08 00:00:00,54.77,58.78,0,0,10,4,1,0,5,Moderate
1904, S00381 ,2026-08-24 00:00:00,68.19,80.61,0,0,11,4,1,0,1,Moderate
1905,S00381,2027-01-18 00:00:00,61.03,63.91,0,0,12,4,2,100,0,Moderate
1906,S00382,2025-08-25 00:00:00,86.31,87.85,0,0,0,0,0,0,0,High
1907,S00382,2026-01-19 00:00:00,90.12,91.29,0,0,0,0,0,0,0,High
1908,S00382,2026-06-08 00:00:00,85.05,86.45,0,0,1,0,0,0,1,High
1909,S00382,2026-08-24 00:00:00,84.79,88.39,0,0,3,0,0,0,2,High
1910,S00382,2027-01-18 00:00:00,83.78,91.78,0,0,3,0,0,0,0,High
1911,S00383,2025-08-25 00:00:00,92.29,93.96,0,0,0,0,0,0,0,High
1912,S00383,2026-01-19 00:00:00,98.14,100.0,0,0,0,0,0,0,0,High
1913,S00383,2026-06-08 00:00:00,87.91,92.0,0,0,0,0,0,0,0,High
1914,S00383,2026-08-24 00:00:00,80.12,79.79,0,0,2,1,1,0,2,High
1915,S00383,2027-01-18 00:00:00,93.6,93.24,0,0,2,1,1,0,0,High
1916,S00384,2025-08-25 00:00:00,73.7,64.88,0,0,0,0,0,0,0,Moderate
1917,S00384,2026-01-19 00:00:00,74.41,73.04,0,0,0,0,0,0,0,Moderate
1918,S00384,2026-06-08 00:00:00,72.42,67.15,0,0,1,1,0,0,1,Moderate
1919,S00384,2026-08-24 00:00:00,63.68,64.39,0,0,4,3,1,0,3,Moderate
1920,S00384,2027-01-18 00:00:00,65.88,60.75,0,0,4,3,1,0,0,Moderate
1921,S00385,2025-08-25 00:00:00,85.51,84.05,0,0,0,0,0,0,0,High
1922,S00385,2026-01-19 00:00:00,86.95,83.96,0,0,1,0,0,0,0,High
1923,S00385,2026-06-08 00:00:00,84.33,79.93,0,0,2,0,0,0,0,High
1924,S00385,2026-08-24 00:00:00,83.71,86.97,0,0,4,1,0,0,2,High
1925,S00385,2027-01-18 00:00:00,80.11,76.44,0,0,6,1,0,0,2,High
1926,S00386,2025-08-25 00:00:00,80.64,77.37,0,0,0,0,0,0,0,High
1927,S00386,2026-01-19 00:00:00,80.05,72.24,0,0,3,1,0,0,3,High
1928,S00386,2026-06-08 00:00:00,72.68,72.02,0,0,5,2,0,0,2,Moderate
1929, S00386 ,2026-08-24 00:00:00,78.05,76.46,0,0,6,3,0,0,1,High
1930,S00386,2027-01-18 00:00:00,75.22,71.61,0,0,7,3,0,0,0,High
1931,S00387,2025-08-25 00:00:00,93.02,98.1,0,0,0,0,0,0,0,High
1932,S00387,2026-01-19 00:00:00,92.46,100.0,0,0,0,0,0,0,0,High
1933,S00387,2026-06-08 00:00:00,93.03,100.0,0,0,0,0,0,0,0,High
1934,S00387,2026-08-24 00:00:00,91.47,93.22,0,0,2,2,0,0,2,High
1935,S00387,2027-01-18 00:00:00,80.95,85.73,0,0,3,2,0,0,1,High
1936,S00388,2025-08-25 00:00:00,65.88,68.91,0,0,0,0,0,0,0,Moderate
1937,S00388,2026-01-19 00:00:00,,78.36,0,0,0,0,0,0,0,
1938,S00388,2026-06-08 00:00:00,71.3,64.56,0,0,1,0,0,0,1,Moderate
1939,S00388,2026-08-24 00:00:00,68.83,54.25,0,0,1,0,0,0,0,Moderate
1940,S00388,2027-01-18 00:00:00,73.28,75.19,0,1,3,0,0,0,0,Moderate
1941,S00389,2025-08-25 00:00:00,84.7,81.66,0,0,0,0,0,0,0,High
1942,S00389,2026-01-19 00:00:00,85.57,77.72,0,0,1,0,0,0,1,High
1943,S00389,2026-06-08 00:00:00,72.48,76.77,0,0,2,0,0,0,1,MODERATE
1944,S00389,2026-08-24 00:00:00,82.23,83.44,0,0,2,0,0,0,0,High
1945,S00389,2027-01-18 00:00:00,77.97,81.68,0,0,2,0,0,0,0,High
1946,S00390,08/25/2025 00:00,80.65,79.87,0,0,0,0,0,0,0, High 
1947,S00390,2026-01-19 00:00:00,81.44,80.08,0,0,2,1,0,0,0,High
1948,S00390,2026-06-08 00:00:00,66.34,62.19,0,1,6,3,0,0,3,Moderate
1949,S00390,2026-08-24 00:00:00,68.33,73.16,0,1,7,4,0,0,1,Moderate
1950,S00390,2027-01-18 00:00:00,54.27,53.7,1,1,10,6,0,1,1,Moderate
1951,S00391,2025-08-25 00:00:00,90.78,87.3,0,0,0,0,0,0,0,
1952,S00391,2026-01-19 00:00:00,83.93,84.17,0,0,0,0,0,0,0,High
1953,S00391,2026-06-08 00:00:00,91.42,95.54,0,0,0,0,0,0,0,High
1954,S00391,2026-08-24 00:00:00,92.6,88.76,0,0,0,0,0,0,0,High
1955,S00391,2027-01-18 00:00:00,83.78,80.82,0,0,2,1,0,0,1,High
1956,S00392,2025-08-25 00:00:00,73.86,67.88,0,0,0,0,0,0,0,Moderate
1957,S00392,2026-01-19 00:00:00,80.11,79.46,0,0,0,0,0,0,0,High
1958,S00392,2026-06-08 00:00:00,83.21,85.39,0,0,0,0,0,0,0,High
1959,S00392,2026-08-24 00:00:00,77.66,83.16,0,0,0,0,0,0,0,High
1960,S00392,2027-01-18 00:00:00,81.85,85.07,0,0,0,0,0,0,0, High 
1961,S00393,2025-08-25 00:00:00,79.89,83.09,0,0,0,0,0,0,0,High
1962,S00393,2026-01-19 00:00:00,79.94,74.94,0,0,0,0,0,0,0,High
1963,S00393,2026-06-08 00:00:00,81.11,79.3,0,0,0,0,0,0,0,High
1964,S00393,2026-08-24 00:00:00,78.76,72.58,0,0,0,0,0,0,0,High
1965,S00393,2027-01-18 00:00:00,81.17,82.75,0,0,0,0,0,0,0,High
1966,S00394,2025-08-25 00:00:00,83.04,83.03,0,0,0,0,0,0,0,High
1967,S00394,2026-01-19 00:00:00,71.48,74.65,0,2,4,1,0,0,2,Moderate
1968,S00394,2026-06-08 00:00:00,75.21,80.6,0,2,4,1,0,0,0,High
1969,S00394,2026-08-24 00:00:00,75.94,77.47,0,2,6,1,0,0,2,High
1970,S00394,2027-01-18 00:00:00,68.51,69.67,0,2,9,3,0,0,2,Moderate
1971,S00395,2025-08-25 00:00:00,81.26,89.46,0,0,0,0,0,0,0,High
1972,S00395,2026-01-19 00:00:00,66.45,75.84,0,0,7,2,1,0,3,Moderate
1973,S00395,2026-06-08 00:00:00,71.64,71.31,0,0,9,3,1,0,1,Moderate
1974,S00395,2026-08-24 00:00:00,70.22,73.8,0,0,10,4,1,0,1,Moderate
1975,S00395,2027-01-18 00:00:00,69.82,70.07,0,0,11,4,1,0,1,Moderate
1976,S00396,2025-08-25 00:00:00,88.08,80.54,0,0,0,0,0,0,0,High
1977,S00396,2026-01-19 00:00:00,82.4,74.37,0,0,0,0,0,0,0,High
1978,S00396,2026-06-08 00:00:00,,83.11,0,0,1,1,0,0,0,High
1979,S00396,2026-08-24 00:00:00,70.61,61.41,0,0,3,2,0,0,2,Moderate
1980,S00396,2027-01-18 00:00:00,79.03,78.99,0,0,3,2,0,0,0,High
1981,S00397,2025-08-25 00:00:00,95.11,95.68,0,0,0,0,0,0,0,High
1982,S00397,2026-01-19 00:00:00,82.09,85.97,0,0,2,1,0,0,0,High
1983,S00397,2026-06-08 00:00:00,84.9,97.2,0,0,2,1,0,0,0,High
1984,S00397,2026-08-24 00:00:00,84.68,88.58,0,0,2,1,0,0,0,High
1985,S00397,2027-01-18 00:00:00,83.78,87.12,0,0,2,1,0,0,0,High
1986,S00398,2025-08-25 00:00:00,91.51,86.76,0,0,0,0,0,0,0,High
1987,S00398,2026-01-19 00:00:00,81.34,77.68,0,0,0,0,0,0,0,High
1988,S00398,2026-06-08 00:00:00,82.3,79.38,0,0,2,1,0,0,0,High
1989,S00398,2026-08-24 00:00:00,61.74,58.47,0,1,5,3,0,0,3,Moderate
1990,S00398,2027-01-18 00:00:00,65.02,62.81,0,1,10,5,0,0,1,Moderate
1991,S00399,2025-08-25 00:00:00,82.28,80.76,0,0,0,0,0,0,0,High
1992,S00399,2026-01-19 00:00:00,88.7,87.49,0,0,0,0,0,0,0,High
1993,S00399,2026-06-08 00:00:00,75.52,80.36,0,0,3,1,0,0,3,High
1994,S00399,2026-08-24 00:00:00,78.7,76.84,0,0,3,1,0,0,0,High
1995,S00399,2027-01-18 00:00:00,67.75,70.68,0,1,4,2,0,0,1,Moderate
1996,S00400,25/08/2025 00:00,82.14,80.39,0,0,0,0,0,0,0,High
1997,S00400,2026-01-19 00:00:00,71.6,67.71,0,1,2,2,0,0,2,Moderate
1998,S00400,2026-06-08 00:00:00,69.26,63.31,0,1,2,2,0,0,0,Moderate
1999,S00400,2026-08-24 00:00:00,67.94,59.3,0,1,5,4,0,0,3,Moderate
2000,S00400,2027-01-18 00:00:00,61.84,54.93,0,1,7,5,0,0,0,Moderate
2001,S00401,2025-08-25 00:00:00,79.71,90.33,0,0,0,0,0,0,0,High
2002,S00401,2026-01-19 00:00:00,75.55,70.67,0,0,0,0,0,0,0,High
2003,S00401,2026-06-08 00:00:00,68.94,72.86,0,0,1,1,0,0,1,Moderate
2004,S00401,2026-08-24 00:00:00,73.58,77.28,0,0,2,2,0,0,1,Moderate
2005,S00401,2027-01-18 00:00:00,70.58,72.19,0,0,4,3,0,0,0,Moderate
2006,S00402,2025-08-25 00:00:00,100.0,100.0,0,0,0,0,0,0,0,High
2007,S00402,2026-01-19 00:00:00,84.2,85.22,0,0,3,1,0,0,2,High
2008, S00402 ,2026-06-08 00:00:00,88.52,90.29,0,0,4,2,0,0,1,High
2009,S00402,2026-08-24 00:00:00,77.65,79.66,0,0,5,3,0,0,1,High
2010,S00402,2027-01-18 00:00:00,87.74,93.53,0,0,5,3,0,0,0, High 
2011,S00403,2025-08-25 00:00:00,91.74,100.0,0,0,0,0,0,0,0,High
2012, S00403 ,2026-01-19 00:00:00,83.86,85.83,0,0,2,0,1,0,0,High
2013,S00403,2026-06-08 00:00:00,82.85,89.47,0,0,2,0,1,0,0, High 
2014,S00403,2026-08-24 00:00:00,79.59,84.1,0,0,4,1,1,0,2,High
2015,S00403,2027-01-18 00:00:00,76.06,80.59,0,0,6,2,1,0,0,High
2016,S00404,2025-08-25 00:00:00,78.86,75.24,0,0,0,0,0,0,0,High
2017,S00404,2026-01-19 00:00:00,61.7,58.11,0,0,5,3,0,0,4,Moderate
2018,S00404,2026-06-08 00:00:00,62.94,61.88,0,0,8,3,0,0,2,Moderate
2019,S00404,2026-08-24 00:00:00,67.95,64.94,0,0,8,3,0,0,0,Moderate
2020,S00404,2027-01-18 00:00:00,63.76,61.09,0,0,10,3,0,0,2,Moderate
2021,S00405,2025-08-25 00:00:00,85.37,88.46,0,0,0,0,0,0,0,High
2022,S00405,2026-01-19 00:00:00,80.75,76.52,0,1,4,1,0,0,0,High
2023,S00405,2026-06-08 00:00:00,64.12,66.07,0,1,7,3,0,0,2,Moderate
2024,S00405,2026-08-24 00:00:00,77.07,76.2,0,1,8,3,0,0,1,High
2025,S00405,2027-01-18 00:00:00,75.43,73.0,0,1,9,4,0,0,0,High
2026,S00406,2025-08-25 00:00:00,77.57,69.24,0,0,0,0,0,0,0,High
2027,S00406,2026-01-19 00:00:00,80.59,72.91,0,0,0,0,0,0,0,HIGH
2028,S00406,2026-06-08 00:00:00,77.72,67.41,0,0,2,1,0,0,2,High
2029,S00406,2026-08-24 00:00:00,74.98,71.1,0,0,2,1,0,0,0,Moderate
2030,S00406,2027-01-18 00:00:00,80.23,72.11,0,0,2,1,0,0,0,High
2031,S00407,2025-08-25 00:00:00,88.35,92.13,0,0,0,0,0,0,0,High
2032,S00407,2026-01-19 00:00:00,86.31,89.33,0,0,0,0,0,0,0,High
2033,S00407,2026-06-08 00:00:00,85.58,89.46,0,0,0,0,0,0,0,High
2034,S00407,2026-08-24 00:00:00,59.18,56.97,1,0,3,2,0,4,3,Moderate
2035,S00407,2027-01-18 00:00:00,56.1,58.58,1,1,5,4,0,4,0,Moderate
2036,S00408,25/08/2025 00:00,86.47,82.83,0,0,0,0,0,0,0,High
2037,S00408,2026-01-19 00:00:00,77.68,84.32,0,0,2,1,1,0,1,High
2038,S00408,2026-06-08 00:00:00,70.83,70.28,0,0,3,2,1,0,0,Moderate
2039,S00408,2026-08-24 00:00:00,75.09,70.66,0,0,3,2,1,0,0,High
2040,S00408,2027-01-18 00:00:00,70.56,69.21,0,0,5,2,1,0,2,Moderate
2041,S00409,2025-08-25 00:00:00,85.57,90.09,0,0,0,0,0,0,0,High
2042,S00409,2026-01-19 00:00:00,83.13,86.16,0,1,2,1,0,0,0,High
2043,S00409,2026-06-08 00:00:00,91.8,100.0,0,1,2,1,0,0,0,High
2044,S00409,2026-08-24 00:00:00,87.31,83.43,0,1,2,1,0,0,0,High
2045,S00409,18/01/2027 00:00,85.74,89.02,0,1,2,1,0,0,0,High
2046,S00410,2025-08-25 00:00:00,,79.79,0,0,0,0,0,0,0,High
2047,S00410,2026-01-19 00:00:00,70.16,69.48,1,0,0,0,0,1,0,Moderate
2048,S00410,2026-06-08 00:00:00,77.11,80.78,1,0,0,0,0,1,0,High
2049,S00410,2026-08-24 00:00:00,60.19,68.11,1,1,3,1,1,1,3,Moderate
2050,S00410,2027-01-18 00:00:00,57.64,62.34,1,1,6,2,1,1,3,Moderate
2051,S00411,2025-08-25 00:00:00,82.39,83.69,0,0,0,0,0,0,0,High
2052,S00411,2026-01-19 00:00:00,62.19,57.3,1,0,3,1,0,6,0,Moderate
2053,S00411,2026-06-08 00:00:00,67.83,70.19,1,0,4,2,0,6,0,Moderate
2054,S00411,2026-08-24 00:00:00,58.07,59.06,1,0,5,2,0,6,1,Moderate
2055,S00411,2027-01-18 00:00:00,63.2,60.06,1,0,5,2,0,6,0,Moderate
2056,S00412,2025-08-25 00:00:00,85.14,84.05,0,0,0,0,0,0,0,High
2057,S00412,2026-01-19 00:00:00,81.29,83.55,0,0,1,1,0,0,0,High
2058, S00412 ,2026-06-08 00:00:00,82.01,84.57,0,0,1,1,0,0,0,High
2059,S00412,2026-08-24 00:00:00,81.36,84.66,0,0,3,2,0,0,2,High
2060,S00412,2027-01-18 00:00:00,85.37,93.66,0,0,3,2,50,0,0,High
2061,S00413,2025-08-25 00:00:00,87.84,89.77,0,0,-3,0,0,0,0,High
2062,S00413,2026-01-19 00:00:00,90.43,92.38,0,0,0,0,0,0,0,High
2063,S00413,2026-06-08 00:00:00,76.35,84.98,1,0,1,1,0,8,0,High
2064,S00413,2026-08-24 00:00:00,65.2,62.17,1,0,3,2,0,8,2,Moderate
2065,S00413,2027-01-18 00:00:00,53.45,66.26,1,1,5,4,0,8,1,Moderate
2066,S00414,2025-08-25 00:00:00,78.88,69.32,0,0,0,0,0,0,0,High
2067,S00414,2026-01-19 00:00:00,61.54,64.05,0,0,6,4,1,0,1,Moderate
2068,S00414,2026-06-08 00:00:00,63.23,59.08,0,0,7,4,1,0,1,Moderate
2069,S00414,2026-08-24 00:00:00,66.77,61.67,0,0,7,4,1,0,0,Moderate
2070,S00414,2027-01-18 00:00:00,45.99,42.95,0,0,12,5,1,0,2,Low
2071,S00415,2025-08-25 00:00:00,86.22,83.89,0,0,0,0,0,0,0,High
2072,S00415,2026-01-19 00:00:00,81.23,84.58,0,0,1,1,0,0,1,High
2073,S00415,2026-06-08 00:00:00,79.16,79.44,0,1,4,2,0,0,1,High
2074,S00415,2026-08-24 00:00:00,69.22,71.05,0,1,6,4,0,0,2,Moderate
2075,S00415,2027-01-18 00:00:00,75.34,92.02,0,1,6,4,0,0,0,High
2076,S00416,2025-08-25 00:00:00,77.73,76.39,0,0,0,0,0,0,0,High
2077,S00416,2026-01-19 00:00:00,89.21,82.94,0,0,0,0,0,0,0,High
2078,S00416,2026-06-08 00:00:00,57.36,51.58,1,1,4,2,0,4,3,Moderate
2079,S00416,2026-08-24 00:00:00,62.75,67.56,1,1,4,2,0,4,0,Moderate
2080,S00416,2027-01-18 00:00:00,59.01,56.27,1,1,5,2,0,4,1,Moderate
2081,S00417,2025-08-25 00:00:00,86.34,77.58,0,0,0,0,0,0,0,High
2082,S00417,2026-01-19 00:00:00,86.07,82.68,0,0,0,0,0,0,0,High
2083,S00417,2026-06-08 00:00:00,84.15,82.77,0,0,0,0,0,0,0, High 
2084,S00417,2026-08-24 00:00:00,58.21,54.47,1,0,4,2,0,8,4,Moderate
2085,S00417,2027-01-18 00:00:00,60.89,61.23,1,0,5,2,0,8,1,Moderate
2086,S00418,2025-08-25 00:00:00,87.21,78.86,0,0,0,0,0,0,0,High
2087,S00418,2026-01-19 00:00:00,83.89,85.81,0,0,0,0,0,0,0,High
2088,S00418,2026-06-08 00:00:00,82.7,80.04,0,0,3,1,0,0,0,High
2089,S00418,2026-08-24 00:00:00,81.63,86.07,0,0,3,1,0,0,0,High
2090,S00418,2027-01-18 00:00:00,81.13,79.32,0,0,3,1,0,0,0,High
2091,S00419,2025-08-25 00:00:00,79.74,74.56,0,0,0,0,0,0,0,High
2092,S00419,2026-01-19 00:00:00,78.08,79.45,0,0,1,0,0,0,0,High
2093,S00419,2026-06-08 00:00:00,82.82,90.45,0,1,2,0,0,0,0,High
2094,S00419,2026-08-24 00:00:00,70.51,75.52,0,2,4,2,0,0,2,Moderate
2095,S00419,2027-01-18 00:00:00,74.07,,0,2,4,2,0,0,0, Moderate 
2096, S00420 ,2025-08-25 00:00:00,85.48,75.29,0,0,0,0,0,0,0,High
2097,S00420,2026-01-19 00:00:00,78.48,82.96,0,0,0,0,0,0,0,High
2098,S00420,2026-06-08 00:00:00,88.65,86.18,0,0,0,0,0,0,0,High
2099,S00420,2026-08-24 00:00:00,76.9,78.72,0,0,1,0,0,0,1,High
2100,S00420,2027-01-18 00:00:00,78.75,81.73,0,0,4,1,0,0,2,high
2101,S00421,2025-08-25 00:00:00,92.26,94.58,0,0,0,0,0,0,0,High
2102,S00421,2026-01-19 00:00:00,80.78,80.31,0,0,0,0,0,0,0,High
2103,S00421,2026-06-08 00:00:00,84.72,90.74,0,0,3,1,0,0,3,High
2104,S00421,2026-08-24 00:00:00,80.55,86.95,0,0,3,1,0,0,0,High
2105,S00421,2027-01-18 00:00:00,71.02,74.29,0,0,4,2,0,0,1,Moderate
2106,S00422,2025-08-25 00:00:00,89.27,88.9,0,0,0,0,0,0,0,High
2107,S00422,2026-01-19 00:00:00,80.59,,0,0,1,1,0,0,1,High
2108,S00422,2026-06-08 00:00:00,,87.94,0,0,1,1,0,0,0,High
2109,S00422,2026-08-24 00:00:00,79.25,81.18,0,0,5,3,0,0,4,High
2110,S00422,2027-01-18 00:00:00,82.76,81.91,0,0,6,3,0,0,1,High
2111,S00423,2025-08-25 00:00:00,90.03,94.54,0,0,0,0,0,0,0,High
2112,S00423,2026-01-19 00:00:00,87.22,92.14,0,0,3,2,0,0,1,High
2113,S00423,2026-06-08 00:00:00,84.01,88.11,0,0,3,2,0,0,0,High
2114,S00423,2026-08-24 00:00:00,83.4,84.06,0,0,7,3,0,0,4,High
2115,S00423,2027-01-18 00:00:00,80.3,85.84,0,0,7,3,0,0,0,High
2116, S00424 ,2025-08-25 00:00:00,94.01,97.14,0,0,0,0,0,0,0,High
2117,S00424,2026-01-19 00:00:00,90.7,90.33,0,0,5,2,0,0,0,High
2118,S00424,2026-06-08 00:00:00,90.92,86.9,0,0,5,2,0,0,0,High
2119,S00424,2026-08-24 00:00:00,75.94,82.02,0,0,7,3,0,0,2,High
2120,S00424,2027-01-18 00:00:00,77.91,74.58,0,0,7,3,0,0,0,High
2121,S00425,2025-08-25 00:00:00,84.0,83.6,0,0,0,0,0,0,0,High
2122,S00425,2026-01-19 00:00:00,73.77,72.63,0,0,4,1,0,0,0, Moderate 
2123,S00425,2026-06-08 00:00:00,77.88,76.59,0,0,4,1,0,0,0,High
2124,S00425,2026-08-24 00:00:00,65.6,62.19,0,1,6,1,0,0,2,Moderate
2125,S00425,2027-01-18 00:00:00,77.07,77.49,0,1,7,1,0,0,0,High
2126,S00426,2025-08-25 00:00:00,78.15,70.82,0,0,0,0,0,0,0,High
2127,S00426,2026-01-19 00:00:00,76.04,63.2,0,0,0,0,0,0,0,High
2128,S00426,2026-06-08 00:00:00,71.15,59.58,0,0,1,0,0,0,1,Moderate
2129,S00426,2026-08-24 00:00:00,74.82,65.08,0,0,2,1,0,0,1,Moderate
2130,S00426,2027-01-18 00:00:00,,55.9,0,0,7,3,0,0,4,
2131,S00427,2025-08-25 00:00:00,73.72,82.4,0,0,0,0,0,0,0,Moderate
2132,S00427,2026-01-19 00:00:00,79.42,83.2,0,0,0,0,0,0,0,High
2133,S00427,2026-06-08 00:00:00,80.61,79.05,0,0,0,0,0,0,0, High 
2134,S00427,2026-08-24 00:00:00,75.36,80.41,0,0,1,1,0,0,1,High
2135,S00427,2027-01-18 00:00:00,75.29,72.51,0,0,1,1,0,0,0,High
2136,S00428,2025-08-25 00:00:00,94.06,100.0,0,0,0,0,0,0,0,High
2137,S00428,2026-01-19 00:00:00,90.75,90.31,0,0,0,0,0,0,0,High
2138,S00428,2026-06-08 00:00:00,76.16,81.21,0,0,2,1,0,0,2,High
2139,S00428,2026-08-24 00:00:00,69.67,68.8,1,0,4,2,0,1,2,Moderate
2140,S00428,2027-01-18 00:00:00,68.69,80.53,1,0,4,2,0,1,0,Moderate
2141,S00429,25-08-2025 00:00,81.06,75.21,0,0,0,0,0,0,0,High
2142,S00429,2026-01-19 00:00:00,86.97,83.36,0,0,0,0,0,0,0,High
2143,S00429,2026-06-08 00:00:00,87.54,87.9,0,0,0,0,0,0,0,High
2144,S00429,2026-08-24 00:00:00,84.91,74.01,0,0,0,0,0,0,0,High
2145,S00429,2027-01-18 00:00:00,78.22,69.49,0,0,0,0,0,0,0,High
2146,S00430,2025-08-25 00:00:00,86.19,86.0,0,0,0,0,0,0,0,High
2147,S00430,2026-01-19 00:00:00,88.96,91.52,0,0,1,0,0,0,1,High
2148,S00430,2026-06-08 00:00:00,79.52,86.12,0,0,3,1,0,0,1,High
2149,S00430,2026-08-24 00:00:00,58.31,63.09,1,0,4,2,0,15,1,Moderate
2150,S00430,2027-01-18 00:00:00,66.59,73.11,1,0,5,2,0,15,0,Moderate
2151,S00431,2025-08-25 00:00:00,80.45,79.88,0,0,0,0,0,0,0,High
2152, S00431 ,2026-01-19 00:00:00,89.02,80.27,0,0,0,0,0,0,0,High
2153,S00431,2026-06-08 00:00:00,79.21,77.33,0,0,0,0,0,0,0,High
2154,S00431,2026-08-24 00:00:00,83.26,82.42,0,0,0,0,0,0,0,High
2155,S00431,2027-01-18 00:00:00,81.88,82.07,0,0,2,1,0,0,0,High
2156,S00432,2025-08-25 00:00:00,81.6,86.27,0,0,0,0,0,0,0,High
2157,S00432,2026-01-19 00:00:00,81.95,84.25,0,0,1,0,0,0,0,High
2158,S00432,2026-06-08 00:00:00,76.03,76.94,0,0,1,0,0,0,0,High
2159,S00432,2026-08-24 00:00:00,76.06,76.7,0,0,2,1,0,0,1,High
2160,S00432,2027-01-18 00:00:00,79.55,82.51,0,0,3,2,0,0,1,High
2161,S00433,2025-08-25 00:00:00,94.61,91.04,0,0,0,0,0,0,0,High
2162,S00433,2026-01-19 00:00:00,80.58,81.97,0,0,1,0,0,0,1,High
2163,S00433,2026-06-08 00:00:00,71.11,65.43,0,0,3,1,1,0,2,Moderate
2164,S00433,2026-08-24 00:00:00,70.52,70.87,0,0,3,1,1,0,0,Moderate
2165,S00433,2027-01-18 00:00:00,64.73,68.02,0,0,5,2,2,0,2,Moderate
2166,S00434,2025-08-25 00:00:00,87.51,93.19,0,0,0,0,0,0,0,High
2167,S00434,2026-01-19 00:00:00,80.94,81.11,0,0,0,0,0,0,0, High 
2168,S00434,2026-06-08 00:00:00,85.16,83.98,0,0,3,1,0,0,0, High 
2169,S00434,2026-08-24 00:00:00,69.81,76.06,0,0,6,3,0,0,3,Moderate
2170,S00434,2027-01-18 00:00:00,73.69,74.72,0,0,8,3,0,0,2,Moderate
2171,S00435,2025-08-25 00:00:00,80.47,73.09,0,0,0,0,0,0,0,High
2172,S00435,2026-01-19 00:00:00,81.53,76.78,0,0,0,0,0,0,0,High
2173,S00435,2026-06-08 00:00:00,67.37,61.12,0,1,7,3,0,0,5,Moderate
2174,S00435,2026-08-24 00:00:00,66.46,62.06,0,1,7,3,0,0,0,Moderate
2175,S00435,2027-01-18 00:00:00,61.87,62.57,0,1,9,4,0,0,1,Moderate
2176,S00436,2025-08-25 00:00:00,89.73,92.95,0,0,0,0,0,0,0,High
2177,S00436,2026-01-19 00:00:00,79.94,81.94,0,0,1,0,0,0,0,High
2178,S00436,2026-06-08 00:00:00,80.14,77.04,0,0,1,0,0,0,0,High
2179,S00436,2026-08-24 00:00:00,85.16,84.27,0,0,2,1,0,0,1,High
2180,S00436,2027-01-18 00:00:00,81.08,82.44,0,0,3,1,0,0,0,High
2181,S00437,2025-08-25 00:00:00,86.45,89.0,0,0,0,0,0,0,0,High
2182,S00437,2026-01-19 00:00:00,77.99,76.98,0,1,3,2,0,0,0,High
2183,S00437,2026-06-08 00:00:00,63.98,60.12,0,1,6,3,0,0,1,Moderate
2184,S00437,2026-08-24 00:00:00,73.82,66.37,0,1,8,3,0,0,2,Moderate
2185,S00437,2027-01-18 00:00:00,68.54,62.91,0,1,9,4,0,0,1,Moderate
2186,S00438,2025-08-25 00:00:00,82.98,81.44,0,0,0,0,0,0,0,High
2187,S00438,2026-01-19 00:00:00,56.77,60.02,2,0,3,2,0,5,0, Moderate 
2188,S00438,2026-06-08 00:00:00,55.86,59.43,2,0,6,3,0,5,0,Moderate
2189,S00438,2026-08-24 00:00:00,44.99,40.89,2,0,8,4,0,5,2,Low
2190,S00438,2027-01-18 00:00:00,35.89,32.18,2,0,11,6,0,5,3,Low
2191,S00439,2025-08-25 00:00:00,92.16,83.68,0,0,0,0,0,0,0,High
2192,S00439,2026-01-19 00:00:00,76.24,81.73,1,0,2,1,0,1,2,High
2193,S00439,2026-06-08 00:00:00,70.21,72.97,1,0,3,1,0,1,1,Moderate
2194,S00439,2026-08-24 00:00:00,72.6,71.66,1,0,3,1,0,1,0,Moderate
2195,S00439,2027-01-18 00:00:00,71.98,71.77,1,0,3,1,0,1,0,Moderate
2196,S00440,2025-08-25 00:00:00,88.95,81.85,0,0,0,0,0,0,0,High
2197,S00440,2026-01-19 00:00:00,74.55,70.14,0,0,2,1,0,0,2,Moderate
2198,S00440,2026-06-08 00:00:00,80.71,87.68,0,0,3,1,0,0,1,High
2199,S00440,2026-08-24 00:00:00,76.19,70.89,0,0,4,2,0,0,1,High
2200,S00440,2027-01-18 00:00:00,73.71,66.72,0,1,5,2,1,0,0,Moderate
2201,S00441,2025-08-25 00:00:00,86.78,90.7,0,0,0,0,0,0,0,High
2202,S00441,2026-01-19 00:00:00,95.0,93.94,0,0,0,0,0,0,0,High
2203,S00441,2026-06-08 00:00:00,82.8,82.14,0,0,1,0,0,0,1,High
2204,S00441,2026-08-24 00:00:00,85.97,86.46,0,0,1,0,0,0,0, High 
2205,S00441,2027-01-18 00:00:00,89.94,91.77,0,0,2,1,0,0,0,High
2206,S00442,2025-08-25 00:00:00,81.87,79.94,0,0,0,0,0,0,0,High
2207,S00442,2026-01-19 00:00:00,74.95,74.49,0,0,4,2,1,0,4,Moderate
2208,S00442,2026-06-08 00:00:00,71.06,74.52,0,0,5,3,1,0,0,Moderate
2209,S00442,2026-08-24 00:00:00,60.93,58.01,0,0,7,4,1,0,2,Moderate
2210,S00442,2027-01-18 00:00:00,63.17,62.64,0,0,10,5,1,0,1,Moderate
2211,S00443,2025-08-25 00:00:00,90.12,96.58,0,0,0,0,0,0,0,High
2212,S00443,2026-01-19 00:00:00,87.37,84.51,0,0,0,0,0,0,0,High
2213,S00443,2026-06-08 00:00:00,77.33,80.27,0,1,3,1,0,0,3,High
2214,S00443,2026-08-24 00:00:00,79.55,79.68,0,1,4,2,0,0,1,High
2215,S00443,2027-01-18 00:00:00,56.21,50.09,1,1,8,4,1,1,2,Moderate
2216,S00444,2025-08-25 00:00:00,83.72,86.25,0,0,0,0,0,0,0,
2217,S00444,2026-01-19 00:00:00,67.2,72.73,0,0,4,3,1,0,2,Moderate
2218,S00444,2026-06-08 00:00:00,79.94,79.52,0,0,4,3,1,0,0,High
2219,S00444,2026-08-24 00:00:00,64.6,63.58,0,0,6,4,1,0,2,Moderate
2220,S00444,2027-01-18 00:00:00,76.75,73.66,0,0,6,4,1,0,0,High
2221,S00445,2025-08-25 00:00:00,81.09,80.92,0,0,0,0,0,0,0,High
2222,S00445,2026-01-19 00:00:00,81.2,87.04,0,0,1,1,0,0,0,High
2223,S00445,2026-06-08 00:00:00,70.42,70.5,0,0,3,1,0,0,1,Moderate
2224,S00445,2026-08-24 00:00:00,71.36,71.08,0,0,6,1,0,0,3,Moderate
2225,S00445,2027-01-18 00:00:00,69.41,68.48,0,0,7,2,0,0,0,Moderate
2226,S00446,2025-08-25 00:00:00,87.56,88.2,0,0,0,0,0,0,0,High
2227,S00446,2026-01-19 00:00:00,79.97,73.59,0,0,1,0,0,0,1,High
2228,S00446,2026-06-08 00:00:00,81.37,76.11,0,0,1,0,0,0,0,High
2229,S00446,2026-08-24 00:00:00,85.55,80.53,0,0,1,0,0,0,0,High
2230,S00446,2027-01-18 00:00:00,81.5,81.26,0,1,3,1,0,0,0,High
2231,S00447,2025-08-25 00:00:00,85.29,86.3,0,0,0,0,0,0,0,High
2232,S00447,2026-01-19 00:00:00,92.64,95.21,0,0,0,0,0,0,0,High
2233,S00447,2026-06-08 00:00:00,81.85,84.35,0,0,3,2,0,0,3,High
2234,S00447,2026-08-24 00:00:00,76.58,74.02,0,0,5,3,0,0,2,High
2235,S00447,2027-01-18 00:00:00,79.51,85.65,0,0,8,4,0,0,0,High
2236,S00448,2025-08-25 00:00:00,83.79,84.48,0,0,0,0,0,0,0,High
2237,S00448,2026-01-19 00:00:00,81.05,81.39,0,0,0,0,0,0,0,High
2238,S00448,2026-06-08 00:00:00,83.85,90.75,0,0,0,0,0,0,0,High
2239,S00448,2026-08-24 00:00:00,84.64,92.11,0,0,0,0,0,0,0,High
2240,S00448,2027-01-18 00:00:00,78.03,82.73,0,0,1,1,0,0,0,High
2241,S00449,2025-08-25 00:00:00,84.29,76.82,0,0,0,0,0,0,0,High
2242,S00449,2026-01-19 00:00:00,76.79,73.09,0,0,1,1,0,0,1,High
2243,S00449,2026-06-08 00:00:00,69.64,76.51,0,1,6,3,0,0,4,Moderate
2244,S00449,2026-08-24 00:00:00,50.49,47.44,0,1,11,4,1,0,5,Moderate
2245,S00449,2027-01-18 00:00:00,55.42,58.44,1,1,12,5,1,1,0,Moderate
2246,S00450,2025-08-25 00:00:00,95.71,92.64,0,0,0,0,0,0,0,High
2247,S00450,2026-01-19 00:00:00,97.21,94.11,0,0,0,0,0,0,0,High
2248,S00450,2026-06-08 00:00:00,90.2,96.95,0,0,1,1,0,0,0,High
2249,S00450,2026-08-24 00:00:00,95.26,98.72,0,0,1,1,0,0,0,High
2250,S00450,2027-01-18 00:00:00,97.36,95.24,0,0,1,1,0,0,0,High
2251,S00451,2025-08-25 00:00:00,83.77,88.98,0,0,0,0,0,0,0,High
2252,S00451,2026-01-19 00:00:00,85.38,86.57,0,0,2,1,0,0,0,High
2253,S00451,2026-06-08 00:00:00,70.03,66.93,0,0,5,2,0,0,2,Moderate
2254,S00451,24/08/2026 00:00,78.81,80.78,0,0,5,2,0,0,0,High
2255,S00451,2027-01-18 00:00:00,65.65,63.75,0,0,7,3,0,0,0,Moderate
2256,S00452,2025-08-25 00:00:00,,88.66,0,0,0,0,0,0,0,High
2257, S00452 ,2026-01-19 00:00:00,84.57,81.34,0,0,2,0,0,0,1,High
2258,S00452,2026-06-08 00:00:00,92.45,95.55,0,0,2,0,0,0,0,High
2259,S00452,2026-08-24 00:00:00,77.01,76.78,0,0,3,0,0,0,1,High
2260,S00452,2027-01-18 00:00:00,81.61,87.48,0,0,5,1,0,0,2,High
2261,S00453,2025-08-25 00:00:00,81.35,80.45,0,0,0,0,0,0,0,High
2262,S00453,2026-01-19 00:00:00,92.67,95.71,0,0,2,0,0,0,0,High
2263,S00453,2026-06-08 00:00:00,70.78,68.76,0,0,5,1,0,0,2,Moderate
2264,S00453,2026-08-24 00:00:00,68.03,120.0,0,0,7,2,0,0,2,Moderate
2265,S00453,2027-01-18 00:00:00,73.87,71.94,0,0,7,2,0,0,0,Moderate
2266,S00454,2025-08-25 00:00:00,77.55,78.47,0,0,0,0,0,0,0,
2267,S00454,2026-01-19 00:00:00,81.28,81.99,0,0,0,0,0,0,0,High
2268,S00454,2026-06-08 00:00:00,88.43,87.67,0,0,0,0,0,0,0,High
2269,S00454,2026-08-24 00:00:00,80.3,71.55,0,0,0,0,0,0,0,High
2270,S00454,2027-01-18 00:00:00,83.72,89.66,0,0,0,0,0,0,0,High
2271,S00455,2025-08-25 00:00:00,92.76,90.68,0,0,0,0,0,0,0,High
2272,S00455,2026-01-19 00:00:00,87.03,85.17,0,0,1,0,0,0,0,High
2273,S00455,2026-06-08 00:00:00,91.75,89.74,0,0,1,0,0,0,0,High
2274,S00455,2026-08-24 00:00:00,86.07,77.07,0,0,2,0,1,0,1,High
2275,S00455,2027-01-18 00:00:00,92.19,94.93,0,0,2,0,1,0,0,High
2276,S00456,2025-08-25 00:00:00,91.96,99.19,0,0,0,0,0,0,0,High
2277,S00456,2026-01-19 00:00:00,99.04,100.0,0,0,0,0,0,0,0,High
2278,S00456,2026/06/08 00:00:00,86.06,88.78,0,0,3,1,0,0,1,High
2279,S00456,2026-08-24 00:00:00,71.55,78.54,0,1,8,3,0,0,5,Moderate
2280,S00456,2027-01-18 00:00:00,66.79,70.49,0,2,10,5,0,0,2,Moderate
2281,S00457,2025-08-25 00:00:00,88.59,87.57,0,0,0,0,0,0,0,High
2282,S00457,2026-01-19 00:00:00,91.62,96.09,0,0,2,1,1,0,0,High
2283,S00457,2026-06-08 00:00:00,89.36,,0,0,2,1,1,0,0,High
2284,S00457,2026-08-24 00:00:00,74.07,75.13,0,0,5,3,1,0,3,Moderate
2285,S00457,2027-01-18 00:00:00,79.2,82.2,0,0,6,3,1,0,0,High
2286,S00458,2025-08-25 00:00:00,90.58,100.0,0,0,0,0,0,0,0,High
2287,S00458,2026-01-19 00:00:00,93.78,96.91,0,1,0,0,0,0,0,High
2288,S00458,2026-06-08 00:00:00,82.85,91.54,0,1,0,0,0,0,0,High
2289,S00458,2026-08-24 00:00:00,85.84,92.67,0,1,0,0,0,0,0,High
2290,S00458,2027-01-18 00:00:00,88.61,90.33,0,1,0,0,0,0,0,High
2291,S00459,2025-08-25 00:00:00,78.89,85.31,0,0,0,0,0,0,0,High
2292,S00459,2026-01-19 00:00:00,93.67,94.24,0,0,0,0,0,0,0,High
2293,S00459,2026-06-08 00:00:00,68.66,75.34,1,1,2,1,0,1,1,Moderate
2294,S00459,24-08-2026 00:00,77.9,73.74,1,1,2,1,0,1,0,High
2295,S00459,2027-01-18 00:00:00,58.8,70.34,1,1,6,3,0,1,3,Moderate
2296,S00460,2025/08/25 00:00:00,83.49,75.86,0,0,0,0,0,0,0,high
2297,S00460,2026-01-19 00:00:00,72.62,65.23,0,1,4,3,0,0,0,Moderate
2298,S00460,2026-06-08 00:00:00,49.86,44.25,0,1,9,4,0,0,5,Low
2299,S00460,24/08/2026 00:00,50.66,46.32,0,2,13,5,0,0,4,Moderate
2300,S00460,2027-01-18 00:00:00,45.35,41.45,0,2,17,7,1,0,1,Low
2301,S00461,2025-08-25 00:00:00,80.82,72.23,0,0,0,0,0,0,0,High
2302,S00461,2026-01-19 00:00:00,82.73,85.62,0,0,2,1,0,0,0,High
2303,S00461,2026-06-08 00:00:00,69.8,72.0,0,0,3,2,0,0,1,Moderate
2304,S00461,2026-08-24 00:00:00,62.65,57.24,0,1,8,4,1,0,5,Moderate
2305,S00461,2027-01-18 00:00:00,63.24,56.49,0,1,8,4,1,0,0,Moderate
2306,S00462,2025-08-25 00:00:00,87.75,91.39,0,0,0,0,0,0,0,High
2307,S00462,2026-01-19 00:00:00,75.47,70.75,0,0,3,1,1,0,3, High 
2308,S00462,2026-06-08 00:00:00,65.63,56.44,0,1,5,3,1,0,1,Moderate
2309,S00462,2026-08-24 00:00:00,66.3,62.56,0,1,8,4,1,0,3,Moderate
2310,S00462,2027-01-18 00:00:00,62.39,61.99,0,1,8,4,1,0,0,Moderate
2311,S00463,2025-08-25 00:00:00,81.75,83.34,0,0,0,0,0,0,0,High
2312,S00463,2026-01-19 00:00:00,68.75,69.01,1,0,0,0,0,1,0,Moderate
2313,S00463,2026-06-08 00:00:00,77.47,75.67,1,0,0,0,0,1,0,High
2314,S00463,2026-08-24 00:00:00,74.67,68.58,1,0,0,0,0,1,0,Moderate
2315,S00463,2027-01-18 00:00:00,63.64,59.67,1,0,4,3,0,1,3,Moderate
2316,S00464,2025-08-25 00:00:00,83.58,77.04,0,0,0,0,0,0,0,High
2317,S00464,2026-01-19 00:00:00,85.76,88.84,0,0,0,0,0,0,0,High
2318,S00464,2026-06-08 00:00:00,70.55,73.61,0,0,3,2,0,0,2,Moderate
2319,S00464,2026-08-24 00:00:00,83.66,86.83,0,0,3,2,0,0,0,High
2320,S00464,2027-01-18 00:00:00,81.71,74.95,0,0,4,3,0,0,1,High
2321,S00465,2025-08-25 00:00:00,83.63,89.17,0,0,0,0,0,0,0,High
2322,S00465,2026-01-19 00:00:00,82.24,83.55,0,0,0,0,0,0,0,High
2323,S00465,2026-06-08 00:00:00,87.7,88.61,0,0,0,0,0,0,0,High
2324,S00465,2026-08-24 00:00:00,80.6,81.42,0,0,0,0,0,0,0,High
2325,S00465,2027-01-18 00:00:00,82.89,85.76,0,0,4,1,0,0,0,High
2326,S00466,2025-08-25 00:00:00,89.58,86.89,0,0,0,0,0,0,0,High
2327,S00466,2026-01-19 00:00:00,87.09,86.43,0,0,1,0,0,0,1,High
2328,S00466,2026-06-08 00:00:00,85.81,92.78,0,0,1,0,0,0,0,High
2329,S00466,2026-08-24 00:00:00,84.02,89.7,0,0,2,0,1,0,1, High 
2330,S00466,2027-01-18 00:00:00,86.68,86.09,0,0,5,1,1,0,1,High
2331,S00467,2025-08-25 00:00:00,92.36,95.92,0,0,0,0,0,0,0,High
2332,S00467,2026-01-19 00:00:00,79.89,81.64,0,0,2,1,0,0,1,High
2333,S00467,2026-06-08 00:00:00,87.2,84.96,0,0,5,2,0,0,0,High
2334,S00467,2026-08-24 00:00:00,77.11,81.65,0,0,7,2,0,0,2,High
2335,S00467,2027-01-18 00:00:00,74.7,76.27,0,1,13,5,0,0,0, Moderate 
2336,S00468,2025-08-25 00:00:00,81.91,84.49,0,0,0,0,0,0,0,High
2337,S00468,2026-01-19 00:00:00,73.59,71.87,1,0,4,2,0,4,0,Moderate
2338,S00468,2026-06-08 00:00:00,69.62,72.5,1,0,4,2,0,4,0,Moderate
2339,S00468,2026-08-24 00:00:00,62.54,62.69,1,0,5,3,0,4,1,Moderate
2340,S00468,2027-01-18 00:00:00,53.17,53.92,2,0,6,4,0,8,0,Moderate
2341,S00469,2025-08-25 00:00:00,84.94,85.73,0,0,0,0,0,0,0,High
2342,S00469,2026-01-19 00:00:00,79.18,85.05,0,1,1,1,0,0,0,High
2343,S00469,2026-06-08 00:00:00,81.58,84.17,0,1,1,1,0,0,0,High
2344,S00469,2026-08-24 00:00:00,75.18,77.91,0,1,1,1,0,0,0,High
2345,S00469,2027-01-18 00:00:00,71.38,71.81,0,1,2,2,0,0,1,Moderate
2346,S00470,2025-08-25 00:00:00,77.53,74.84,0,0,0,0,0,0,0,High
2347,S00470,2026-01-19 00:00:00,60.0,63.92,1,0,1,0,0,8,1,Moderate
2348,S00470,2026-06-08 00:00:00,52.5,49.86,1,0,6,2,0,8,1,Moderate
2349,S00470,2026-08-24 00:00:00,53.34,,1,0,7,3,0,8,1,Moderate
2350,S00470,2027-01-18 00:00:00,60.26,57.35,1,0,7,3,0,8,0,Moderate
2351,S00471,2025-08-25 00:00:00,81.44,71.62,0,0,0,0,0,0,0,High
2352,S00471,2026-01-19 00:00:00,88.95,91.78,0,0,1,1,0,0,0,High
2353,S00471,2026-06-08 00:00:00,76.75,82.07,0,0,2,1,0,0,1,High
2354,S00471,2026-08-24 00:00:00,77.73,76.93,0,0,2,1,0,0,0,High
2355,S00471,2027/01/18 00:00:00,69.13,65.86,0,1,3,1,0,0,1,Moderate
2356,S00472,2025-08-25 00:00:00,83.15,75.01,0,0,0,0,0,0,0,High
2357,S00472,2026-01-19 00:00:00,76.87,66.94,0,0,0,0,0,0,0,High
2358,S00472,2026-06-08 00:00:00,74.34,67.97,0,0,0,0,0,0,0,Moderate
2359,S00472,2026-08-24 00:00:00,78.97,75.98,0,0,0,0,0,0,0,High
2360,S00472,01/18/2027 00:00,65.19,69.16,0,0,3,2,0,0,2,Moderate
2361,S00473,2025-08-25 00:00:00,78.2,73.95,0,0,0,0,0,0,0,High
2362,S00473,2026-01-19 00:00:00,85.29,84.99,0,0,0,0,0,0,0,High
2363,S00473,2026-06-08 00:00:00,78.87,81.91,0,0,1,1,0,0,1,High
2364,S00473,2026-08-24 00:00:00,63.58,61.65,0,0,3,3,0,0,2,Moderate
2365,S00473,2027-01-18 00:00:00,69.51,66.86,0,0,5,4,1,0,2,Moderate
2366,S00474,2025-08-25 00:00:00,77.01,77.56,0,0,0,0,0,0,0,High
2367,S00474,2026-01-19 00:00:00,75.49,74.41,0,0,3,1,0,0,0,High
2368,S00474,2026-06-08 00:00:00,70.58,69.72,0,0,3,1,0,0,0,Moderate
2369,S00474,2026-08-24 00:00:00,73.74,79.15,0,0,5,2,0,0,2,Moderate
2370,S00474,2027-01-18 00:00:00,72.05,70.41,0,0,5,2,0,0,0,Moderate
2371,S00475,2025-08-25 00:00:00,83.26,83.33,0,0,0,0,0,0,0,High
2372,S00475,2026-01-19 00:00:00,75.85,73.54,0,0,5,3,0,0,1,High
2373,S00475,2026-06-08 00:00:00,71.83,75.03,0,0,6,3,1,0,0,Moderate
2374,S00475,2026-08-24 00:00:00,57.92,58.08,0,0,8,4,2,0,2,Moderate
2375,S00475,2027-01-18 00:00:00,76.32,76.04,0,0,8,4,2,0,0,High
2376,S00476,2025-08-25 00:00:00,87.43,91.41,0,0,0,0,0,0,0,High
2377,S00476,2026-01-19 00:00:00,84.08,85.0,0,0,0,0,0,0,0,High
2378,S00476,2026-06-08 00:00:00,92.65,92.72,0,0,0,0,0,0,0,High
2379,S00476,2026-08-24 00:00:00,95.1,100.0,0,0,0,0,0,0,0,High
2380,S00476,2027-01-18 00:00:00,81.04,86.87,0,0,0,0,0,0,0,High
2381,S00477,2025-08-25 00:00:00,86.34,86.77,0,0,0,0,0,0,0,High
2382,S00477,2026-01-19 00:00:00,78.57,78.31,0,0,0,0,0,0,0,High
2383,S00477,2026-06-08 00:00:00,74.75,77.34,0,0,1,0,0,0,0,Moderate
2384,S00477,24/08/2026 00:00,72.3,76.24,0,0,2,1,0,0,1,Moderate
2385, S00477 ,2027-01-18 00:00:00,72.7,70.28,0,0,3,2,0,0,0,Moderate
2386,S00478,2025-08-25 00:00:00,90.23,89.89,0,0,0,0,0,0,0,High
2387,S00478,2026-01-19 00:00:00,84.87,88.71,0,0,0,0,0,0,0,High
2388,S00478,2026-06-08 00:00:00,78.31,69.84,0,0,0,0,0,0,0,High
2389, S00478 ,2026-08-24 00:00:00,77.79,85.94,0,0,0,0,0,0,0,High
2390,S00478,2027-01-18 00:00:00,89.69,95.55,0,0,3,1,0,0,2,High
2391,S00479,2025-08-25 00:00:00,91.62,87.38,0,0,0,0,0,0,0,High
2392,S00479,2026-01-19 00:00:00,78.98,66.28,0,0,2,1,0,0,1,High
2393,S00479,2026-06-08 00:00:00,78.14,69.82,0,0,3,2,0,0,1,High
2394,S00479,2026-08-24 00:00:00,69.94,64.87,0,0,3,2,0,0,0,Moderate
2395,S00479,2027-01-18 00:00:00,77.06,82.27,0,0,4,3,0,0,0,High
2396,S00480,2025-08-25 00:00:00,83.65,83.92,0,0,0,0,0,0,0,High
2397,S00480,2026-01-19 00:00:00,78.99,79.69,0,0,0,0,0,0,0,High
2398,S00480,2026-06-08 00:00:00,72.65,73.21,0,0,1,1,0,0,1, Moderate 
2399,S00480,2026-08-24 00:00:00,84.42,83.29,0,0,1,1,0,0,0,HIGH
2400,S00480,2027-01-18 00:00:00,68.76,66.83,0,0,8,2,1,0,1,Moderate
2401,S00481,2025-08-25 00:00:00,77.03,73.02,0,0,0,0,0,0,0,High
2402,S00481,2026-01-19 00:00:00,82.45,83.16,0,0,0,0,0,0,0,
2403,S00481,2026-06-08 00:00:00,75.11,78.54,0,0,2,1,0,0,2,High
2404,S00481,2026-08-24 00:00:00,70.1,70.25,0,0,3,1,0,0,1,Moderate
2405,S00481,2027-01-18 00:00:00,76.11,73.11,0,0,6,3,0,0,0,High
2406,S00482,25-08-2025 00:00,86.95,87.61,0,0,0,0,0,0,0,High
2407,S00482,2026-01-19 00:00:00,80.79,79.58,0,1,2,2,0,0,0,High
2408,S00482,2026-06-08 00:00:00,74.81,75.45,0,1,3,2,0,0,1,Moderate
2409,S00482,2026-08-24 00:00:00,74.5,88.33,0,1,4,2,0,0,1,Moderate
2410,S00482,2027-01-18 00:00:00,81.36,84.27,0,1,5,3,0,0,0,High
2411,S00483,2025-08-25 00:00:00,86.97,96.04,0,0,0,0,0,0,0,High
2412,S00483,2026-01-19 00:00:00,75.95,73.77,0,1,3,1,0,0,1,High
2413,S00483,2026-06-08 00:00:00,84.24,89.32,0,1,4,2,0,0,0,High
2414,S00483,2026-08-24 00:00:00,76.95,78.4,0,1,5,3,0,0,1,High
2415,S00483,2027-01-18 00:00:00,69.74,74.08,0,1,6,3,1,0,1,Moderate
2416,S00484,2025-08-25 00:00:00,86.12,80.0,0,0,0,0,0,0,0,High
2417,S00484,19-01-2026 00:00,81.4,89.06,0,0,2,1,0,0,0,High
2418,S00484,2026-06-08 00:00:00,82.88,78.48,0,0,2,1,0,0,0,High
2419,S00484,2026-08-24 00:00:00,61.61,65.35,0,0,7,3,0,0,5,Moderate
2420,S00484,2027-01-18 00:00:00,77.08,74.88,0,0,7,3,0,0,0,High
2421, S00485 ,2025-08-25 00:00:00,75.54,69.96,0,0,0,0,0,0,0,High
2422,S00485,2026-01-19 00:00:00,63.42,52.52,0,0,3,1,2,0,1,Moderate
2423,S00485,2026-06-08 00:00:00,68.14,,0,0,3,1,2,0,0,Moderate
2424,S00485,2026-08-24 00:00:00,64.79,,0,0,3,1,2,0,0, MODERATE 
2425,S00485,2027-01-18 00:00:00,62.14,57.24,0,0,4,2,2,0,0, Moderate 
2426,S00486,2025-08-25 00:00:00,81.16,86.3,0,0,0,0,0,0,0,High
2427,S00486,19-01-2026 00:00,78.22,76.79,0,0,0,0,0,0,0,High
2428,S00486,2026-06-08 00:00:00,79.75,79.24,0,0,1,1,0,0,1,High
2429,S00486,2026-08-24 00:00:00,81.31,75.27,0,1,1,1,0,0,0,High
2430,S00486,2027-01-18 00:00:00,79.62,80.0,0,1,3,1,0,0,1,High
2431,S00487,2025-08-25 00:00:00,82.62,77.34,0,0,0,0,0,0,0,High
2432,S00487,2026-01-19 00:00:00,73.17,71.47,0,0,0,0,0,0,0,Moderate
2433,S00487,2026-06-08 00:00:00,66.37,66.53,0,0,1,1,0,0,1,Moderate
2434,S00487,2026-08-24 00:00:00,67.95,70.01,0,0,3,1,0,0,2,Moderate
2435,S00487,2027-01-18 00:00:00,66.6,66.79,0,0,3,1,0,0,0,Moderate
2436,S00488,2025-08-25 00:00:00,77.53,67.63,0,0,0,0,0,0,0,High
2437,S00488,2026-01-19 00:00:00,68.78,68.97,0,1,2,1,1,0,0,Moderate
2438,S00488,2026-06-08 00:00:00,54.13,50.08,0,1,8,3,3,0,2,Moderate
2439,S00488,2026-08-24 00:00:00,32.45,20.83,1,1,11,5,3,6,3,Low
2440,S00488,2027-01-18 00:00:00,39.07,29.32,1,2,12,6,3,6,0, Low 
2441,S00489,2025-08-25 00:00:00,99.42,98.84,0,0,0,0,0,0,0,High
2442,S00489,2026-01-19 00:00:00,94.5,97.73,0,0,0,0,0,0,0,High
2443,S00489,2026-06-08 00:00:00,94.93,92.67,0,0,0,0,0,0,0,High
2444,S00489,2026-08-24 00:00:00,97.39,100.0,0,0,0,0,0,0,0,High
2445,S00489,2027-01-18 00:00:00,94.11,93.9,0,0,0,0,0,0,0,High
2446,S00490,2025-08-25 00:00:00,79.81,91.83,0,0,0,50,0,0,0,High
2447,S00490,2026-01-19 00:00:00,85.79,94.5,0,0,0,0,0,0,0,High
2448,S00490,2026-06-08 00:00:00,94.47,92.88,0,0,0,0,0,0,0,High
2449,S00490,2026-08-24 00:00:00,81.99,91.12,0,0,0,0,0,0,0,High
2450,S00490,2027-01-18 00:00:00,94.1,92.49,0,0,0,0,0,0,0,High
2451,S00491,2025-08-25 00:00:00,83.9,76.75,0,0,0,0,0,0,0,High
2452,S00491,2026-01-19 00:00:00,82.91,80.28,0,0,3,1,0,0,0,High
2453,S00491,2026-06-08 00:00:00,80.77,75.74,0,0,3,1,0,0,0,High
2454,S00491,2026-08-24 00:00:00,78.7,80.78,0,0,4,2,0,0,1,High
2455,S00491,2027-01-18 00:00:00,72.73,73.12,0,0,5,2,0,0,1,Moderate
2456,S00492,2025-08-25 00:00:00,80.22,79.41,0,0,0,0,0,0,0,High
2457,S00492,2026-01-19 00:00:00,86.37,90.91,0,0,0,0,0,0,0,High
2458,S00492,2026-06-08 00:00:00,73.89,75.84,0,0,0,0,0,0,0,Moderate
2459,S00492,2026-08-24 00:00:00,78.69,80.85,0,0,1,0,1,0,1,High
2460,S00492,2027-01-18 00:00:00,77.77,80.78,0,0,1,0,1,0,0,High
2461,S00493,2025-08-25 00:00:00,92.88,88.89,0,0,0,0,0,0,0, High 
2462,S00493,2026-01-19 00:00:00,86.57,88.02,0,0,0,0,0,0,0,High
2463,S00493,2026-06-08 00:00:00,88.14,80.61,0,0,2,1,0,0,2,High
2464,S00493,2026-08-24 00:00:00,86.99,86.64,0,0,2,1,0,0,0,High
2465,S00493,2027-01-18 00:00:00,72.43,77.26,0,0,5,3,0,0,2,Moderate
2466,S00494,2025-08-25 00:00:00,87.6,92.74,0,0,0,0,0,0,0,High
2467,S00494,2026-01-19 00:00:00,96.89,100.0,0,0,2,0,0,0,1,High
2468,S00494,2026-06-08 00:00:00,100.0,100.0,0,0,2,0,0,0,0,High
2469,S00494,2026-08-24 00:00:00,94.04,93.89,0,0,2,0,0,0,0,High
2470,S00494,2027-01-18 00:00:00,86.26,90.82,0,0,5,2,0,0,0,High
2471,S00495,2025-08-25 00:00:00,89.89,93.0,0,0,0,0,0,0,0,High
2472,S00495,2026-01-19 00:00:00,89.23,93.9,0,0,0,0,0,0,0,High
2473,S00495,2026-06-08 00:00:00,89.49,93.39,0,0,0,0,0,0,0,High
2474,S00495,2026-08-24 00:00:00,77.61,78.94,0,1,1,1,0,0,1,High
2475,S00495,2027-01-18 00:00:00,81.81,84.41,0,1,2,2,0,0,0,High
2476,S00496,2025-08-25 00:00:00,86.56,86.55,0,0,0,0,0,0,0,High
2477,S00496,2026-01-19 00:00:00,87.71,85.86,0,1,0,0,0,0,0,High
2478,S00496,2026-06-08 00:00:00,89.52,90.56,0,1,0,0,0,0,0,High
2479,S00496,2026-08-24 00:00:00,83.02,85.59,0,1,2,0,0,0,2,High
2480,S00496,2027-01-18 00:00:00,82.33,85.34,0,1,3,0,0,0,0,High
2481,S00497,2025-08-25 00:00:00,83.08,88.68,0,0,0,0,0,0,0,High
2482,S00497,2026-01-19 00:00:00,88.38,,0,0,3,1,0,0,0,High
2483,S00497,2026-06-08 00:00:00,85.25,87.13,0,0,3,1,0,0,0,High
2484,S00497,2026-08-24 00:00:00,81.24,90.61,0,0,3,1,0,0,0,High
2485,S00497,2027-01-18 00:00:00,67.97,71.51,0,1,8,4,1,0,4,Moderate
2486,S00498,2025-08-25 00:00:00,88.19,93.73,0,0,0,0,0,0,0,High
2487,S00498,2026-01-19 00:00:00,89.42,94.29,0,0,0,0,0,0,0,High
2488,S00498,2026-06-08 00:00:00,82.84,83.27,0,0,0,0,0,0,0,High
2489,S00498,2026-08-24 00:00:00,92.02,98.4,0,0,0,0,0,0,0,High
2490,S00498,2027-01-18 00:00:00,90.29,89.03,0,0,0,0,0,0,0,High
2491,S00499,2025-08-25 00:00:00,84.84,,0,0,0,0,0,0,0,High
2492,S00499,2026-01-19 00:00:00,82.03,82.68,0,0,0,0,0,0,0,High
2493,S00499,2026-06-08 00:00:00,81.04,84.83,0,0,0,0,0,0,0,High
2494,S00499,2026-08-24 00:00:00,77.08,68.91,0,0,0,0,0,0,0,High
2495,S00499,2027-01-18 00:00:00,76.01,69.81,0,0,3,1,1,0,0,High
2496,S00500,2025-08-25 00:00:00,79.75,78.6,0,0,0,0,0,0,0,High
2497,S00500,2026-01-19 00:00:00,92.91,90.67,0,0,0,0,0,0,0,High
2498,S00500,2026-06-08 00:00:00,90.39,91.94,0,0,0,0,0,0,0,High
2499,S00500,2026-08-24 00:00:00,88.9,93.11,0,0,0,0,0,0,0,High
2500,S00500,01/18/2027 00:00,94.37,91.9,0,0,0,0,0,0,0,High
2501, S00501 ,2025-08-25 00:00:00,83.1,92.41,0,0,0,0,0,0,0,High
2502,S00501,2026/01/19 00:00:00,77.52,84.59,0,0,2,1,1,0,2,High
2503,S00501,2026-06-08 00:00:00,69.63,78.19,0,0,6,4,1,0,3,Moderate
2504,S00501,2026-08-24 00:00:00,44.68,54.66,1,0,11,5,3,4,5,Low
2505,S00501,2027-01-18 00:00:00,53.67,56.9,1,0,12,6,3,4,0,Moderate
2506,S00502,2025-08-25 00:00:00,86.47,87.77,0,0,0,0,0,0,0,High
2507,S00502,2026-01-19 00:00:00,72.43,73.59,0,1,4,1,0,0,2,Moderate
2508,S00502,2026-06-08 00:00:00,86.0,90.92,0,1,4,1,0,0,0,High
2509,S00502,24/08/2026 00:00,78.94,77.98,0,1,5,2,0,0,1,High
2510,S00502,2027-01-18 00:00:00,69.28,72.14,-2,1,8,3,0,0,3,Moderate
2511,S00503,2025-08-25 00:00:00,91.97,89.31,0,0,0,0,0,0,0,High
2512,S00503,2026-01-19 00:00:00,85.57,99.0,0,1,2,1,1,0,0,High
2513,S00503,2026-06-08 00:00:00,82.54,87.49,0,1,2,1,1,0,0,High
2514,S00503,2026-08-24 00:00:00,73.29,73.72,0,1,6,2,2,0,4,Moderate
2515,S00503,2027-01-18 00:00:00,62.6,69.15,0,1,7,3,2,0,1,Moderate
2516,S00504,2025-08-25 00:00:00,80.86,90.35,0,0,0,0,0,0,0,High
2517,S00504,2026-01-19 00:00:00,84.4,94.49,0,0,0,0,0,0,0,High
2518,S00504,2026-06-08 00:00:00,88.52,88.91,0,0,0,0,0,0,0,High
2519,S00504,2026-08-24 00:00:00,81.38,78.64,0,0,2,1,0,0,2, High 
2520,S00504,2027-01-18 00:00:00,82.67,89.29,0,0,2,1,0,0,0,High
2521,S00505,2025-08-25 00:00:00,94.68,90.08,0,0,0,0,0,0,0,High
2522,S00505,2026-01-19 00:00:00,85.52,82.13,0,0,0,0,0,0,0,High
2523,S00505,2026-06-08 00:00:00,88.51,85.08,0,0,1,1,0,0,1,High
2524,S00505,2026-08-24 00:00:00,82.15,83.93,0,0,1,1,0,0,0,High
2525, S00505 ,2027-01-18 00:00:00,56.41,63.15,1,0,4,3,0,6,2,Moderate
2526,S00506,2025-08-25 00:00:00,74.03,70.22,0,0,0,0,0,0,0,Moderate
2527,S00506,2026-01-19 00:00:00,79.15,68.44,0,0,2,1,0,0,1,High
2528,S00506,2026-06-08 00:00:00,68.9,62.05,0,1,7,3,1,0,1,Moderate
2529,S00506,2026-08-24 00:00:00,56.9,42.05,0,3,9,3,1,-5,2,Moderate
2530, S00506 ,2027-01-18 00:00:00,66.63,74.66,0,3,9,3,1,0,0,Moderate
2531,S00507,2025-08-25 00:00:00,82.26,81.17,0,0,0,0,0,0,0,High
2532,S00507,2026/01/19 00:00:00,82.46,76.46,0,0,2,1,0,0,0,High
2533,S00507,2026-06-08 00:00:00,82.35,77.41,0,0,2,1,0,0,0,High
2534,S00507,2026-08-24 00:00:00,76.09,71.42,0,0,2,1,0,0,0,High
2535,S00507,2027-01-18 00:00:00,72.66,66.99,0,0,4,2,0,0,0,Moderate
2536,S00508,2025-08-25 00:00:00,94.21,100.0,0,0,0,0,0,0,0,High
2537,S00508,2026-01-19 00:00:00,72.87,76.87,0,2,4,2,0,0,4,Moderate
2538,S00508,2026-06-08 00:00:00,88.48,88.77,0,2,6,3,0,0,1,High
2539,S00508,2026-08-24 00:00:00,82.52,85.7,0,2,6,3,0,0,0,High
2540,S00508,2027-01-18 00:00:00,81.58,88.66,0,2,6,3,0,0,0,High
2541,S00509,2025-08-25 00:00:00,85.12,81.72,0,0,0,0,0,0,0,High
2542,S00509,2026-01-19 00:00:00,86.88,85.8,0,0,2,1,0,0,0,High
2543,S00509,2026-06-08 00:00:00,85.6,77.19,0,0,2,1,0,0,0,High
2544,S00509,2026-08-24 00:00:00,79.99,77.47,0,0,3,1,0,0,1,High
2545,S00509,2027-01-18 00:00:00,85.94,91.78,0,0,3,1,0,0,0,High
2546,S00510,2025-08-25 00:00:00,90.2,91.53,0,0,0,0,0,0,0,High
2547,S00510,2026-01-19 00:00:00,92.6,95.28,0,0,0,0,0,0,0,High
2548,S00510,2026-06-08 00:00:00,71.1,76.68,0,0,5,3,0,0,4,Moderate
2549,S00510,2026-08-24 00:00:00,70.1,76.43,0,1,8,5,1,0,3,Moderate
2550,S00510,2027-01-18 00:00:00,62.99,64.19,0,3,12,7,2,0,0,Moderate
2551,S00511,2025-08-25 00:00:00,77.36,79.96,0,0,0,0,0,0,0,High
2552,S00511,2026-01-19 00:00:00,76.23,70.6,0,1,4,1,0,0,1,High
2553,S00511,2026-06-08 00:00:00,73.06,67.88,0,1,6,3,0,0,1,Moderate
2554,S00511,2026-08-24 00:00:00,61.04,67.15,0,1,8,3,0,0,2,Moderate
2555,S00511,2027-01-18 00:00:00,68.91,66.48,0,1,8,3,0,0,0,Moderate
2556,S00512,2025-08-25 00:00:00,66.95,62.1,0,0,0,0,0,0,0,Moderate
2557,S00512,2026-01-19 00:00:00,70.05,65.06,0,0,0,0,0,0,0,Moderate
2558,S00512,2026-06-08 00:00:00,56.28,51.74,0,0,6,3,0,0,4,Moderate
2559,S00512,2026-08-24 00:00:00,64.18,67.55,0,0,6,3,0,0,0,Moderate
2560,S00512,2027-01-18 00:00:00,60.12,54.42,0,0,7,3,0,0,1,Moderate
2561,S00513,2025-08-25 00:00:00,89.01,,0,0,0,0,0,0,0,High
2562,S00513,2026-01-19 00:00:00,,80.22,0,0,0,0,0,0,0,
2563,S00513,2026-06-08 00:00:00,80.64,80.51,0,0,1,1,0,0,1,High
2564,S00513,2026-08-24 00:00:00,87.66,85.44,0,0,1,1,0,0,0,High
2565,S00513,2027-01-18 00:00:00,76.61,67.68,0,1,3,1,0,0,0,High
2566,S00514,2025-08-25 00:00:00,85.74,82.57,0,0,0,0,0,0,0,High
2567,S00514,2026-01-19 00:00:00,68.63,64.37,0,2,3,3,0,0,3,Moderate
2568,S00514,2026-06-08 00:00:00,72.4,72.94,0,2,3,3,0,0,0,Moderate
2569,S00514,2026-08-24 00:00:00,79.25,82.02,0,2,3,3,0,0,0,High
2570,S00514,2027-01-18 00:00:00,71.2,74.16,0,2,6,4,0,0,1,Moderate
2571,S00515,2025-08-25 00:00:00,,100.0,0,0,0,0,0,0,0,High
2572,S00515,2026-01-19 00:00:00,,100.0,0,0,0,0,0,0,0,High
2573,S00515,2026-06-08 00:00:00,95.33,,0,0,0,0,0,0,0,High
2574,S00515,2026-08-24 00:00:00,71.73,73.11,0,0,5,3,0,0,5,Moderate
2575,S00515,2027-01-18 00:00:00,80.61,78.36,0,0,5,3,0,0,0,High
2576,S00516,2025-08-25 00:00:00,85.29,79.35,0,0,0,0,0,0,0,High
2577,S00516,2026-01-19 00:00:00,86.95,85.63,0,0,2,0,0,0,0,High
2578,S00516,2026-06-08 00:00:00,79.41,76.24,0,0,4,1,0,0,1,High
2579,S00516,2026-08-24 00:00:00,73.6,69.01,0,0,5,2,0,0,1,Moderate
2580,S00516,2027-01-18 00:00:00,73.55,70.44,0,0,5,2,0,0,0,Moderate
2581,S00517,2025-08-25 00:00:00,88.78,87.59,0,0,0,0,0,0,0,High
2582,S00517,2026-01-19 00:00:00,82.62,87.88,0,0,2,1,0,0,0,High
2583,S00517,2026-06-08 00:00:00,75.72,77.7,0,0,4,2,0,0,2,High
2584,S00517,2026-08-24 00:00:00,71.04,73.14,0,0,8,4,0,0,4,Moderate
2585,S00517,2027-01-18 00:00:00,77.8,81.76,0,0,9,4,0,0,0,High
2586,S00518,2025-08-25 00:00:00,90.95,,0,0,0,0,0,0,0,High
2587,S00518,2026-01-19 00:00:00,,83.53,0,0,1,1,0,0,0,High
2588,S00518,2026-06-08 00:00:00,78.23,76.44,0,0,3,1,0,0,2,High
2589,S00518,2026-08-24 00:00:00,82.31,83.78,0,0,3,1,0,0,0,High
2590,S00518,2027-01-18 00:00:00,73.05,69.12,0,0,4,1,0,0,0,Moderate
2591,S00519,2025-08-25 00:00:00,77.44,66.77,0,0,0,0,0,0,0,High
2592,S00519,2026-01-19 00:00:00,80.66,70.73,0,0,0,0,0,0,0,High
2593,S00519,2026-06-08 00:00:00,71.57,66.77,0,0,2,1,0,0,2,Moderate
2594,S00519,2026-08-24 00:00:00,,70.9,0,0,2,1,0,0,0,High
2595,S00519,2027-01-18 00:00:00,65.19,62.91,0,0,6,3,0,0,1,Moderate
2596,S00520,2025-08-25 00:00:00,82.34,87.07,0,0,0,0,0,0,0,High
2597,S00520,2026-01-19 00:00:00,,75.5,0,0,1,0,0,0,1,High
2598,S00520,2026-06-08 00:00:00,77.45,73.07,0,0,4,1,0,0,0,High
2599,S00520,2026-08-24 00:00:00,72.97,68.35,0,0,6,2,0,0,2,Moderate
2600,S00520,2027-01-18 00:00:00,80.28,77.34,0,0,6,2,0,0,0,High
2601,S00521,2025-08-25 00:00:00,91.24,91.29,0,0,0,0,0,0,0,High
2602,S00521,2026-01-19 00:00:00,84.19,80.06,1,0,1,1,0,6,0,High
2603,S00521,2026-06-08 00:00:00,66.1,,1,0,3,2,0,6,1,Moderate
2604,S00521,2026-08-24 00:00:00,69.56,63.45,1,0,3,2,0,6,0,Moderate
2605,S00521,2027-01-18 00:00:00,73.66,81.07,1,0,4,2,0,6,1,Moderate
2606,S00522,2025-08-25 00:00:00,77.31,77.01,0,0,0,0,0,0,0,High
2607,S00522,2026-01-19 00:00:00,49.59,49.27,1,0,7,2,1,15,6,Low
2608,S00522,2026-06-08 00:00:00,,61.73,1,0,7,2,1,15,0,Moderate
2609,S00522,2026-08-24 00:00:00,46.43,49.58,1,0,10,4,2,15,3,Low
2610,S00522,2027-01-18 00:00:00,33.8,26.85,1,1,12,5,2,15,1,Low
2611,S00523,2025-08-25 00:00:00,76.38,66.81,0,0,0,0,0,0,0,High
2612,S00523,2026-01-19 00:00:00,77.08,66.13,0,0,0,0,0,0,0,High
2613,S00523,2026-06-08 00:00:00,61.44,54.08,0,0,2,2,0,0,2,Moderate
2614,S00523,2026-08-24 00:00:00,58.06,48.18,0,0,3,3,0,0,1,Moderate
2615,S00523,2027-01-18 00:00:00,75.55,67.98,0,0,3,3,0,0,0,High
2616,S00524,2025-08-25 00:00:00,78.58,78.59,0,0,0,0,0,0,0,High
2617,S00524,2026-01-19 00:00:00,76.06,72.92,0,0,0,0,0,0,0,High
2618,S00524,2026-06-08 00:00:00,,60.18,1,0,3,1,0,8,0,Moderate
2619,S00524,2026-08-24 00:00:00,60.69,57.66,1,0,3,1,0,8,0,Moderate
2620,S00524,2027-01-18 00:00:00,62.26,56.85,1,0,5,3,0,8,0,Moderate
2621,S00525,2025-08-25 00:00:00,89.7,96.01,0,0,0,0,0,0,0,High
2622,S00525,19/01/2026 00:00,86.22,90.09,0,0,4,1,1,0,0,High
2623,S00525,2026-06-08 00:00:00,74.34,,0,0,9,3,1,0,0,Moderate
2624,S00525,2026-08-24 00:00:00,65.01,72.31,0,0,13,4,1,0,4,Moderate
2625,S00525,2027-01-18 00:00:00,37.02,41.17,1,0,19,8,1,6,1,Low
2626,S00526,2025-08-25 00:00:00,87.38,92.2,0,0,0,0,0,0,0,High
2627,S00526,2026-01-19 00:00:00,86.52,91.49,0,0,4,2,1,0,0,High
2628,S00526,2026-06-08 00:00:00,86.89,85.19,0,0,5,2,1,0,0,High
2629,S00526,2026-08-24 00:00:00,72.4,74.35,0,1,7,3,1,0,2,Moderate
2630,S00526,2027-01-18 00:00:00,71.19,73.16,0,2,9,4,1,0,1,Moderate
2631,S00527,2025-08-25 00:00:00,82.18,83.31,0,0,0,0,0,0,0,High
2632,S00527,2026-01-19 00:00:00,79.07,82.17,0,0,0,0,0,0,0,High
2633,S00527,2026-06-08 00:00:00,83.18,80.35,0,0,1,1,0,0,0,High
2634,S00527,2026-08-24 00:00:00,64.32,,1,0,2,2,0,1,1,Moderate
2635,S00527,2027-01-18 00:00:00,58.54,60.32,1,0,5,3,0,1,2,Moderate
2636,S00528,2025-08-25 00:00:00,80.36,89.48,0,0,0,0,0,0,0,High
2637,S00528,2026-01-19 00:00:00,84.39,92.9,0,0,2,1,0,0,0,High
2638,S00528,2026-06-08 00:00:00,75.31,79.64,0,0,4,2,0,0,2,High
2639,S00528,2026-08-24 00:00:00,81.52,80.87,0,0,4,2,0,0,0,High
2640,S00528,2027-01-18 00:00:00,85.53,,0,0,4,2,0,0,0,High
2641,S00529,2025-08-25 00:00:00,82.59,89.69,0,0,0,0,0,0,0,High
2642,S00529,2026-01-19 00:00:00,80.45,78.57,0,1,2,1,0,0,2,High
2643,S00529,2026-06-08 00:00:00,84.22,86.13,0,1,3,1,1,0,0,High
2644,S00529,2026-08-24 00:00:00,73.51,79.68,0,1,6,3,1,0,3,Moderate
2645,S00529,2027-01-18 00:00:00,57.8,67.02,1,2,9,5,1,6,0,Moderate
2646,S00530,2025-08-25 00:00:00,83.35,85.28,0,0,0,0,0,0,0,High
2647,S00530,2026-01-19 00:00:00,92.26,100.0,0,0,1,0,0,0,0,
2648,S00530,2026-06-08 00:00:00,82.18,86.59,0,0,3,1,0,0,0,High
2649,S00530,2026-08-24 00:00:00,74.31,75.7,0,0,6,3,0,0,3,Moderate
2650,S00530,2027-01-18 00:00:00,51.2,60.38,1,1,11,6,0,1,4,Moderate
2651,S00531,2025-08-25 00:00:00,84.36,84.99,0,0,0,0,0,0,0,High
2652,S00531,2026-01-19 00:00:00,90.61,90.5,0,0,0,0,0,0,0,High
2653,S00531,2026-06-08 00:00:00,83.16,81.21,0,0,1,1,0,0,1,High
2654,S00531,2026-08-24 00:00:00,86.86,87.02,0,0,1,1,0,0,0,High
2655,S00531,2027-01-18 00:00:00,86.0,80.85,0,0,2,2,0,0,0,High
2656,S00532,2025-08-25 00:00:00,91.86,96.77,0,0,0,0,0,0,0,High
2657,S00532,2026-01-19 00:00:00,70.97,80.75,0,0,7,3,0,0,5,Moderate
2658,S00532,2026-06-08 00:00:00,73.7,,0,0,9,3,0,0,1,Moderate
2659,S00532,2026-08-24 00:00:00,63.17,61.95,0,0,10,4,0,0,1,Moderate
2660,S00532,2027-01-18 00:00:00,78.03,81.07,0,0,11,5,0,0,0,High
2661,S00533,2025-08-25 00:00:00,80.17,84.45,0,0,0,0,0,0,0,High
2662,S00533,2026-01-19 00:00:00,74.39,79.74,0,0,4,0,0,0,2,Moderate
2663,S00533,2026-06-08 00:00:00,78.06,74.44,0,0,4,0,0,0,0,High
2664,S00533,2026-08-24 00:00:00,90.6,86.4,0,0,4,0,0,0,0,High
2665,S00533,2027-01-18 00:00:00,78.75,84.56,0,0,6,1,0,0,2,High
2666,S00534,2025-08-25 00:00:00,78.98,76.24,0,0,0,0,0,0,0,High
2667,S00534,2026-01-19 00:00:00,76.78,77.61,0,0,3,1,1,0,0,High
2668,S00534,2026-06-08 00:00:00,63.18,64.92,0,0,7,1,3,0,3,Moderate
2669,S00534,2026/08/24 00:00:00,63.43,64.61,0,0,7,1,3,0,0,Moderate
2670,S00534,2027-01-18 00:00:00,75.38,75.19,0,0,7,1,3,0,0,High
2671,S00535,2025-08-25 00:00:00,89.3,93.05,0,0,0,0,0,0,0,High
2672,S00535,2026-01-19 00:00:00,85.82,85.47,0,0,5,1,0,0,3,High
2673,S00535,2026-06-08 00:00:00,77.25,80.87,0,1,6,2,0,0,1,High
2674,S00535,2026-08-24 00:00:00,83.64,91.17,0,1,6,2,0,0,0,High
2675,S00535,2027-01-18 00:00:00,76.96,77.78,0,1,6,2,0,0,0,High
2676,S00536,2025-08-25 00:00:00,78.28,81.17,0,0,0,0,0,0,0,High
2677,S00536,2026-01-19 00:00:00,69.7,71.83,0,0,4,1,0,0,3,Moderate
2678,S00536,2026-06-08 00:00:00,70.83,69.84,0,0,5,2,0,0,1,Moderate
2679,S00536,2026-08-24 00:00:00,72.24,70.22,0,0,5,2,0,0,0,Moderate
2680,S00536,2027-01-18 00:00:00,71.73,73.67,0,0,5,2,0,0,0,Moderate
2681,S00537,2025-08-25 00:00:00,71.54,72.82,0,0,0,0,0,0,0,Moderate
2682,S00537,2026-01-19 00:00:00,64.89,61.61,0,1,7,4,0,0,5,Moderate
2683,S00537,2026-06-08 00:00:00,69.56,70.84,0,1,7,4,0,0,0,Moderate
2684,S00537,2026-08-24 00:00:00,65.71,62.97,0,1,7,4,0,0,0,Moderate
2685,S00537,2027-01-18 00:00:00,64.33,62.84,0,1,8,5,0,0,1,Moderate
2686,S00538,2025-08-25 00:00:00,85.36,89.68,0,0,0,0,0,0,0, High 
2687,S00538,2026-01-19 00:00:00,90.32,97.96,0,0,0,0,0,0,0,High
2688,S00538,2026-06-08 00:00:00,84.46,83.18,0,0,0,0,0,0,0,High
2689,S00538,2026-08-24 00:00:00,89.52,89.11,0,0,0,0,0,0,0,High
2690,S00538,2027-01-18 00:00:00,85.35,94.67,0,0,2,0,1,0,0,High
2691,S00539,2025-08-25 00:00:00,82.91,91.73,0,0,0,0,0,0,0,High
2692,S00539,2026-01-19 00:00:00,91.09,91.1,0,0,0,0,0,0,0,High
2693,S00539,2026-06-08 00:00:00,86.13,,0,0,0,0,0,0,0,High
2694,S00539,2026-08-24 00:00:00,60.95,62.95,1,0,3,1,0,1,3,Moderate
2695,S00539,2027-01-18 00:00:00,62.65,67.12,1,0,7,3,0,1,1,Moderate
2696,S00540,2025-08-25 00:00:00,84.63,85.28,0,0,0,0,0,0,0,High
2697,S00540,2026-01-19 00:00:00,84.64,87.09,0,1,1,0,0,0,0,High
2698,S00540,2026-06-08 00:00:00,88.64,92.4,0,1,1,0,0,0,0,High
2699,S00540,2026-08-24 00:00:00,79.58,75.46,0,1,2,1,0,0,1,High
2700,S00540,2027-01-18 00:00:00,84.56,89.35,0,1,3,2,0,0,0,High
2701,S00541,2025-08-25 00:00:00,83.16,89.89,0,0,0,0,0,0,0,High
2702,S00541,2026-01-19 00:00:00,76.59,79.4,0,0,2,2,0,0,1,High
2703,S00541,2026-06-08 00:00:00,76.36,71.53,0,0,3,2,0,0,1,High
2704,S00541,2026-08-24 00:00:00,75.73,71.43,0,1,5,4,0,0,2,High
2705,S00541,2027-01-18 00:00:00,66.58,71.39,0,2,8,5,0,0,0,Moderate
2706,S00542,2025-08-25 00:00:00,80.46,80.04,0,0,0,0,0,0,0,High
2707,S00542,2026-01-19 00:00:00,84.27,85.81,0,0,0,0,0,0,0,High
2708,S00542,2026-06-08 00:00:00,83.07,80.37,0,0,0,0,0,0,0,High
2709,S00542,2026-08-24 00:00:00,82.52,88.02,0,0,0,0,0,0,0, High 
2710,S00542,2027-01-18 00:00:00,69.5,72.45,0,0,4,1,0,0,3,Moderate
2711,S00543,2025-08-25 00:00:00,86.87,86.83,0,0,0,0,0,0,0,High
2712,S00543,2026-01-19 00:00:00,63.88,58.52,1,0,2,1,0,4,0,Moderate
2713,S00543,2026-06-08 00:00:00,66.52,69.01,1,0,3,2,0,4,1,Moderate
2714,S00543,2026-08-24 00:00:00,64.19,58.47,1,0,7,3,1,4,4,Moderate
2715,S00543,2027-01-18 00:00:00,52.97,50.73,1,0,10,5,1,4,2,Moderate
2716,S00544,2025-08-25 00:00:00,88.61,92.53,0,0,0,0,0,0,0,High
2717,S00544,2026-01-19 00:00:00,77.14,79.7,0,1,3,0,1,0,2,High
2718,S00544,2026-06-08 00:00:00,84.78,96.34,0,1,4,0,1,0,1,High
2719,S00544,2026-08-24 00:00:00,76.86,79.2,0,1,5,1,1,0,1,High
2720,S00544,2027-01-18 00:00:00,73.64,79.99,0,2,7,2,1,0,2,Moderate
2721,S00545,2025-08-25 00:00:00,93.56,100.0,0,0,0,0,0,0,0,
2722,S00545,2026-01-19 00:00:00,76.56,72.17,0,0,2,2,0,0,1,High
2723,S00545,2026-06-08 00:00:00,78.88,82.69,0,0,2,2,0,0,0,High
2724,S00545,2026-08-24 00:00:00,78.39,76.44,0,0,4,3,0,0,2,High
2725,S00545,2027-01-18 00:00:00,67.89,63.27,0,0,6,3,1,0,2,Moderate
2726,S00546,2025-08-25 00:00:00,74.95,75.41,0,0,0,0,0,0,0,Moderate
2727,S00546,2026-01-19 00:00:00,74.67,70.85,0,0,2,1,0,0,1,Moderate
2728,S00546,08/06/2026 00:00,69.68,68.99,0,0,5,2,0,0,1,Moderate
2729,S00546,2026-08-24 00:00:00,60.95,58.97,0,0,8,3,0,0,3,Moderate
2730,S00546,2027-01-18 00:00:00,62.91,,0,0,13,5,0,0,2,Moderate
2731,S00547,2025-08-25 00:00:00,86.21,85.09,0,0,0,0,0,0,0,High
2732,S00547,2026-01-19 00:00:00,85.83,89.7,0,0,1,0,0,0,0,High
2733,S00547,2026-06-08 00:00:00,82.01,76.36,0,0,3,1,0,0,2,High
2734,S00547,2026-08-24 00:00:00,68.7,64.33,0,0,6,3,0,0,3,Moderate
2735,S00547,2027-01-18 00:00:00,80.2,76.34,0,0,6,3,0,0,0,High
2736,S00548,2025-08-25 00:00:00,89.52,92.89,0,0,0,0,0,0,0,High
2737,S00548,2026-01-19 00:00:00,76.99,85.98,0,0,3,1,1,0,1,High
2738,S00548,2026-06-08 00:00:00,77.23,88.97,0,1,3,1,1,0,0,High
2739,S00548,2026-08-24 00:00:00,68.67,75.33,0,1,9,3,1,0,6,Moderate
2740,S00548,2027-01-18 00:00:00,64.15,67.79,0,1,14,5,1,0,0,Moderate
2741,S00549,2025-08-25 00:00:00,84.77,90.75,0,0,0,0,0,0,0,HIGH
2742,S00549,2026-01-19 00:00:00,85.65,84.87,0,0,0,0,0,0,0,High
2743,S00549,2026-06-08 00:00:00,81.12,79.13,0,0,2,0,0,0,2,High
2744,S00549,2026-08-24 00:00:00,83.04,85.8,0,0,2,0,0,0,0,High
2745,S00549,2027-01-18 00:00:00,71.57,76.41,0,0,4,0,1,0,1,Moderate
2746,S00550,2025-08-25 00:00:00,78.09,76.53,0,0,0,0,0,0,0,High
2747,S00550,2026-01-19 00:00:00,82.51,86.59,0,0,0,0,0,0,0,High
2748,S00550,2026-06-08 00:00:00,71.42,67.6,0,0,4,2,1,0,1,Moderate
2749,S00550,2026-08-24 00:00:00,62.05,58.22,0,0,6,4,1,0,2,Moderate
2750,S00550,2027-01-18 00:00:00,69.13,70.41,0,0,6,4,1,0,0,Moderate
2751,S00551,2025-08-25 00:00:00,88.89,88.42,0,0,0,0,0,0,0,High
2752,S00551,2026-01-19 00:00:00,82.0,84.49,0,0,1,0,0,0,0,High
2753,S00551,2026-06-08 00:00:00,87.28,90.41,0,0,1,0,0,0,0,High
2754,S00551,2026-08-24 00:00:00,77.69,81.12,0,0,2,1,0,0,1,High
2755,S00551,2027-01-18 00:00:00,81.37,86.37,0,0,3,2,0,0,0,High
2756,S00552,2025-08-25 00:00:00,85.9,91.83,0,0,0,0,0,0,0,High
2757,S00552,2026-01-19 00:00:00,86.8,96.67,0,0,0,0,0,0,0,High
2758,S00552,2026-06-08 00:00:00,96.33,100.0,0,0,0,0,0,0,0,High
2759,S00552,2026-08-24 00:00:00,89.0,100.0,0,0,0,0,0,0,0,High
2760,S00552,2027-01-18 00:00:00,93.17,99.06,0,1,1,0,1,0,0,High
2761,S00553,2025-08-25 00:00:00,85.83,80.74,0,0,0,0,0,0,0,High
2762,S00553,2026-01-19 00:00:00,77.2,82.45,0,0,1,1,0,0,0,High
2763,S00553,2026-06-08 00:00:00,87.4,84.62,0,0,1,1,0,0,0,High
2764,S00553,2026-08-24 00:00:00,67.02,71.2,0,2,2,2,0,0,1,Moderate
2765,S00553,2027-01-18 00:00:00,65.21,70.71,0,2,3,3,0,0,1,Moderate
2766,S00554,2025-08-25 00:00:00,84.84,85.6,0,0,0,0,0,0,0,High
2767, S00554 ,2026-01-19 00:00:00,89.3,82.13,0,0,0,0,0,0,0,High
2768,S00554,2026-06-08 00:00:00,87.56,91.44,0,0,1,1,0,0,0,High
2769,S00554,2026-08-24 00:00:00,84.23,90.74,0,0,2,2,0,0,1,High
2770,S00554,2027-01-18 00:00:00,86.16,,0,0,2,2,0,0,0,High
2771,S00555,2025-08-25 00:00:00,82.92,84.6,0,0,0,0,0,0,0,High
2772,S00555,2026-01-19 00:00:00,74.0,66.16,0,0,1,0,0,0,0,Moderate
2773,S00555,2026-06-08 00:00:00,62.47,-8.0,0,0,5,3,0,0,4,Moderate
2774,S00555,2026-08-24 00:00:00,72.08,73.67,0,0,5,3,0,0,0, Moderate 
2775,S00555,2027-01-18 00:00:00,38.12,41.56,1,1,12,5,0,15,7,Low
2776,S00556,2025-08-25 00:00:00,76.93,77.01,0,0,0,0,0,0,0,High
2777,S00556,2026-01-19 00:00:00,51.55,40.22,1,0,5,3,0,6,2,Moderate
2778,S00556,2026-06-08 00:00:00,53.81,54.59,1,0,5,3,0,6,0,Moderate
2779,S00556,2026-08-24 00:00:00,51.76,43.02,1,0,7,4,0,6,2,Moderate
2780,S00556,2027-01-18 00:00:00,55.33,49.52,1,0,8,4,0,6,0,Moderate
2781,S00557,2025-08-25 00:00:00,100.0,100.0,0,0,0,0,0,0,0,High
2782,S00557,2026-01-19 00:00:00,82.31,81.02,0,0,4,2,0,0,0,High
2783,S00557,2026-06-08 00:00:00,90.09,92.24,0,0,5,2,0,0,1,High
2784,S00557,2026-08-24 00:00:00,84.61,93.2,0,0,6,3,0,0,1,High
2785,S00557,2027-01-18 00:00:00,78.75,84.04,0,0,9,4,0,0,2,High
2786,S00558,2025-08-25 00:00:00,79.7,75.78,0,0,0,0,0,0,0,High
2787,S00558,2026-01-19 00:00:00,85.61,83.43,0,0,0,0,0,0,0,High
2788,S00558,2026-06-08 00:00:00,85.49,85.6,0,0,0,0,0,0,0,High
2789,S00558,2026-08-24 00:00:00,87.95,85.19,0,0,0,0,0,0,0,High
2790,S00558,2027-01-18 00:00:00,71.29,70.44,0,1,4,2,0,0,2,Moderate
2791,S00559,2025-08-25 00:00:00,92.16,93.04,0,0,0,0,0,0,0,High
2792,S00559,2026-01-19 00:00:00,89.38,81.58,0,0,0,0,0,0,0,High
2793,S00559,2026/06/08 00:00:00,87.73,87.88,0,0,0,0,0,0,0,High
2794,S00559,2026-08-24 00:00:00,84.46,86.06,0,1,0,0,0,0,0,High
2795,S00559,2027/01/18 00:00:00,83.31,89.39,0,1,3,1,0,0,1,High
2796,S00560,2025-08-25 00:00:00,80.26,83.8,0,0,0,0,0,0,0,High
2797,S00560,2026-01-19 00:00:00,63.1,69.96,0,1,6,4,1,0,1,Moderate
2798,S00560,2026-06-08 00:00:00,,63.84,0,1,6,4,1,0,0,Moderate
2799,S00560,2026-08-24 00:00:00,34.72,26.25,1,1,11,7,1,8,5,Low
2800,S00560,2027-01-18 00:00:00,35.43,43.89,1,1,15,8,2,8,4,Low
2801,S00561,2025-08-25 00:00:00,91.18,96.25,0,0,0,0,0,0,0,High
2802,S00561,2026-01-19 00:00:00,84.46,,0,0,0,0,0,0,0,High
2803,S00561,2026-06-08 00:00:00,68.72,75.9,1,0,5,1,1,6,4,Moderate
2804,S00561,2026-08-24 00:00:00,64.88,63.4,1,1,6,2,1,6,1,Moderate
2805,S00561,2027-01-18 00:00:00,66.45,64.0,1,1,6,2,1,6,0,Moderate
2806,S00562,2025-08-25 00:00:00,97.14,93.1,0,0,0,0,0,0,0,High
2807,S00562,2026-01-19 00:00:00,90.14,97.08,0,0,2,1,0,0,0,High
2808,S00562,2026-06-08 00:00:00,88.65,85.25,0,0,2,1,0,0,0,High
2809,S00562,2026-08-24 00:00:00,89.97,92.08,0,0,2,1,0,0,0,High
2810,S00562,2027-01-18 00:00:00,89.76,96.68,0,0,2,1,0,0,0,
2811,S00563,2025-08-25 00:00:00,82.74,92.12,0,0,0,0,0,0,0,High
2812,S00563,2026-01-19 00:00:00,83.65,88.58,0,0,2,0,0,0,0,High
2813,S00563,2026-06-08 00:00:00,89.92,88.72,0,0,3,0,0,0,0,High
2814,S00563,2026-08-24 00:00:00,83.13,81.36,0,0,3,0,0,0,0,High
2815,S00563,2027-01-18 00:00:00,84.53,95.19,0,0,3,0,0,0,0,High
2816,S00564,2025-08-25 00:00:00,85.96,90.42,0,0,0,0,0,0,0,High
2817,S00564,2026-01-19 00:00:00,92.19,93.14,0,0,0,0,0,0,0,High
2818,S00564,2026-06-08 00:00:00,78.24,80.94,0,0,3,1,0,0,3,High
2819,S00564,2026-08-24 00:00:00,86.47,86.7,0,0,3,1,0,0,0,High
2820,S00564,2027-01-18 00:00:00,84.02,83.74,0,0,4,2,0,0,0,High
2821,S00565,2025-08-25 00:00:00,91.81,89.57,0,0,0,0,0,0,0,High
2822,S00565,2026-01-19 00:00:00,82.91,87.91,0,0,1,1,0,0,1,High
2823,S00565,2026-06-08 00:00:00,78.41,89.84,0,0,3,2,0,0,1,High
2824,S00565,2026-08-24 00:00:00,89.13,92.98,0,0,3,2,0,0,0,High
2825,S00565,2027-01-18 00:00:00,83.76,88.58,0,0,3,2,0,0,0,High
2826,S00566,2025-08-25 00:00:00,85.5,87.52,0,0,0,0,0,0,0,High
2827,S00566,2026-01-19 00:00:00,78.83,79.39,0,1,1,0,0,0,1,High
2828,S00566,2026-06-08 00:00:00,65.25,73.32,0,1,5,1,1,0,4,
2829,S00566,2026-08-24 00:00:00,72.41,77.03,0,1,6,2,1,0,1,Moderate
2830,S00566,2027-01-18 00:00:00,78.55,79.34,0,1,10,5,1,0,1,High
2831,S00567,2025-08-25 00:00:00,84.41,78.68,0,0,0,0,0,0,0,High
2832,S00567,2026-01-19 00:00:00,73.66,75.61,0,0,3,1,0,0,1,Moderate
2833,S00567,2026-06-08 00:00:00,78.17,78.75,0,0,4,1,0,0,0,High
2834,S00567,2026-08-24 00:00:00,75.23,77.57,0,0,4,1,0,0,0,High
2835,S00567,2027-01-18 00:00:00,80.3,81.46,0,0,4,1,0,0,0,High
2836,S00568,2025-08-25 00:00:00,85.69,84.9,0,0,0,0,0,0,0,High
2837,S00568,2026-01-19 00:00:00,75.95,75.82,0,0,4,1,0,0,2,High
2838,S00568,2026-06-08 00:00:00,63.31,57.34,0,0,9,3,0,0,2,Moderate
2839,S00568,2026-08-24 00:00:00,58.89,61.1,0,0,11,4,0,0,2,Moderate
2840,S00568,2027-01-18 00:00:00,68.36,69.56,0,0,12,5,0,0,0,Moderate
2841,S00569,2025-08-25 00:00:00,78.28,84.09,0,0,0,0,0,0,0,High
2842,S00569,2026-01-19 00:00:00,74.66,71.62,0,0,0,0,0,0,0,Moderate
2843,S00569,2026-06-08 00:00:00,53.14,56.44,1,0,4,0,1,4,2,Moderate
2844,S00569,2026-08-24 00:00:00,35.56,41.36,2,0,7,1,1,5,3,Low
2845,S00569,2027-01-18 00:00:00,45.03,47.28,2,0,8,2,1,5,1,Low
2846,S00570,2025-08-25 00:00:00,80.59,76.05,0,0,0,0,0,0,0,High
2847,S00570,2026-01-19 00:00:00,78.01,75.52,0,0,0,0,0,0,0,High
2848,S00570,2026-06-08 00:00:00,78.95,75.42,0,0,1,0,0,0,0,High
2849,S00570,2026-08-24 00:00:00,74.57,68.74,0,0,3,0,0,0,2,Moderate
2850,S00570,2027-01-18 00:00:00,74.1,84.37,0,0,3,0,0,0,0,Moderate
2851,S00571,2025-08-25 00:00:00,79.19,82.89,0,0,0,0,0,0,0,High
2852,S00571,2026-01-19 00:00:00,62.3,60.98,0,1,3,2,0,0,1,Moderate
2853,S00571,2026-06-08 00:00:00,68.86,72.1,0,1,4,2,0,0,1,Moderate
2854,S00571,2026-08-24 00:00:00,78.34,87.76,0,1,4,2,0,0,0,High
2855,S00571,2027-01-18 00:00:00,67.56,71.98,0,1,6,3,0,0,0,Moderate
2856,S00572,2025-08-25 00:00:00,78.42,78.88,0,0,0,0,0,0,0,High
2857,S00572,2026-01-19 00:00:00,,74.11,0,1,4,2,0,0,4,Moderate
2858,S00572,2026-06-08 00:00:00,52.11,54.99,0,1,10,5,0,0,6,Moderate
2859,S00572,2026-08-24 00:00:00,62.18,58.69,0,1,12,6,0,0,2,Moderate
2860,S00572,2027-01-18 00:00:00,56.05,52.79,0,1,14,6,1,0,0,Moderate
2861,S00573,2025-08-25 00:00:00,84.4,84.54,0,0,0,0,0,0,0,High
2862,S00573,2026-01-19 00:00:00,73.42,73.99,0,0,2,0,0,0,2,Moderate
2863,S00573,2026-06-08 00:00:00,76.19,75.13,0,0,2,0,0,0,0,High
2864,S00573,2026-08-24 00:00:00,76.64,71.0,0,0,2,0,0,0,0,High
2865,S00573,2027-01-18 00:00:00,74.41,70.35,0,1,4,0,0,0,2,Moderate
2866,S00574,2025-08-25 00:00:00,81.19,80.08,0,0,0,0,0,0,0,High
2867,S00574,2026-01-19 00:00:00,74.73,68.6,0,0,2,1,0,0,0,Moderate
2868,S00574,2026-06-08 00:00:00,70.92,65.52,0,0,3,1,0,0,1,Moderate
2869,S00574,2026-08-24 00:00:00,75.74,69.75,0,0,3,1,0,0,0,High
2870,S00574,2027-01-18 00:00:00,70.22,68.44,0,0,4,2,0,0,0, Moderate 
2871,S00575,2025-08-25 00:00:00,89.0,90.65,0,0,0,0,0,0,0,High
2872,S00575,2026-01-19 00:00:00,86.67,90.15,0,0,1,1,0,0,1,High
2873,S00575,2026-06-08 00:00:00,71.18,81.58,0,0,-3,2,1,0,3,Moderate
2874,S00575,2026-08-24 00:00:00,71.14,76.54,0,0,7,3,1,0,3,Moderate
2875,S00575,2027-01-18 00:00:00,72.74,73.01,0,0,7,3,1,0,0,Moderate
2876,S00576,2025-08-25 00:00:00,79.4,72.41,0,0,0,0,0,0,0,High
2877,S00576,2026-01-19 00:00:00,79.64,86.23,0,1,0,0,0,0,0,High
2878,S00576,2026-06-08 00:00:00,76.11,79.93,0,1,2,1,0,0,0,High
2879,S00576,2026-08-24 00:00:00,69.15,70.83,0,1,6,2,0,0,4,Moderate
2880,S00576,2027-01-18 00:00:00,73.22,82.87,0,1,7,3,0,0,0,Moderate
2881,S00577,25-08-2025 00:00,80.84,78.17,0,0,0,0,0,0,0,HIGH
2882,S00577,2026-01-19 00:00:00,84.45,87.71,0,0,0,0,0,0,0,High
2883,S00577,2026-06-08 00:00:00,83.78,88.42,0,0,0,0,0,0,0,High
2884,S00577,2026-08-24 00:00:00,79.28,83.34,0,0,0,0,0,0,0,High
2885, S00577 ,2027-01-18 00:00:00,88.81,86.58,0,0,0,0,0,0,0,High
2886,S00578,2025-08-25 00:00:00,76.5,74.36,0,0,0,0,0,0,0,High
2887,S00578,2026-01-19 00:00:00,68.33,63.13,0,0,4,2,1,0,0,Moderate
2888,S00578,2026-06-08 00:00:00,72.94,69.35,0,0,4,2,1,0,0,Moderate
2889,S00578,2026-08-24 00:00:00,67.8,64.75,0,0,4,2,1,0,0,Moderate
2890,S00578,2027-01-18 00:00:00,75.81,,0,0,4,2,1,0,0,High
2891,S00579,2025-08-25 00:00:00,88.36,89.75,0,0,0,0,0,0,0,High
2892,S00579,2026-01-19 00:00:00,79.89,85.57,0,1,3,1,0,0,0,High
2893,S00579,2026-06-08 00:00:00,89.12,89.82,0,1,3,1,0,0,0,High
2894,S00579,2026-08-24 00:00:00,81.27,85.7,0,1,3,1,0,0,0,High
2895,S00579,2027-01-18 00:00:00,87.43,92.14,0,1,3,1,0,0,0,High
2896,S00580,2025-08-25 00:00:00,86.02,83.33,0,0,0,0,0,0,0,High
2897,S00580,2026-01-19 00:00:00,79.85,75.77,0,0,2,1,0,0,1,High
2898,S00580,2026-06-08 00:00:00,77.08,73.69,0,0,3,2,0,0,1, High 
2899,S00580,2026-08-24 00:00:00,80.01,79.63,0,0,3,2,0,0,0,High
2900,S00580,2027-01-18 00:00:00,73.82,75.21,0,0,5,2,0,0,0,Moderate
2901,S00581,2025-08-25 00:00:00,89.14,93.48,0,0,0,0,0,0,0,High
2902,S00581,2026-01-19 00:00:00,86.32,96.21,0,0,0,0,0,0,0,High
2903,S00581,2026-06-08 00:00:00,84.68,92.33,0,0,1,1,0,0,1,High
2904,S00581,2026-08-24 00:00:00,80.04,80.69,0,0,1,1,0,0,0,High
2905,S00581,2027-01-18 00:00:00,74.59,83.19,0,0,3,2,0,0,0,Moderate
2906,S00582,2025-08-25 00:00:00,90.15,84.44,0,0,0,0,0,0,0,High
2907,S00582,2026-01-19 00:00:00,87.94,91.15,0,0,0,0,0,0,0,High
2908,S00582,2026-06-08 00:00:00,87.35,82.69,0,0,0,0,0,0,0,High
2909,S00582,2026-08-24 00:00:00,85.35,83.44,0,0,2,0,0,0,2,High
2910,S00582,2027-01-18 00:00:00,91.0,93.68,0,0,2,0,0,0,0,High
2911,S00583,2025-08-25 00:00:00,84.82,82.85,0,0,0,0,0,0,0,High
2912,S00583,2026-01-19 00:00:00,79.21,85.85,0,0,2,2,0,0,0,High
2913,S00583,2026-06-08 00:00:00,67.07,70.92,0,0,6,4,0,0,3,Moderate
2914,S00583,2026-08-24 00:00:00,79.19,82.73,0,0,6,4,0,0,0,High
2915,S00583,2027-01-18 00:00:00,78.99,79.53,0,1,6,4,0,0,0,High
2916,S00584,2025-08-25 00:00:00,86.51,84.28,0,0,0,0,0,0,0,High
2917,S00584,2026-01-19 00:00:00,70.25,67.5,1,0,2,1,0,8,0,Moderate
2918,S00584,2026-06-08 00:00:00,59.47,62.63,1,0,5,2,1,8,1,Moderate
2919,S00584,2026-08-24 00:00:00,59.77,56.06,1,0,7,3,1,8,2,Moderate
2920,S00584,2027-01-18 00:00:00,56.81,53.82,1,0,8,4,1,8,1,Moderate
2921,S00585,2025-08-25 00:00:00,96.21,100.0,0,0,0,0,0,0,0,High
2922,S00585,2026-01-19 00:00:00,97.95,100.0,0,0,0,0,0,0,0,High
2923,S00585,2026-06-08 00:00:00,93.92,98.37,0,0,0,0,0,0,0,High
2924,S00585,2026-08-24 00:00:00,90.32,96.41,0,0,2,0,0,0,2,High
2925,S00585,2027-01-18 00:00:00,85.05,92.86,0,0,2,0,0,0,0,High
2926,S00586,2025-08-25 00:00:00,84.95,79.62,0,0,0,0,0,0,0,High
2927,S00586,2026-01-19 00:00:00,89.09,89.03,0,0,0,0,0,0,0,High
2928,S00586,2026-06-08 00:00:00,78.11,80.13,0,0,3,2,0,0,2,High
2929,S00586,2026-08-24 00:00:00,72.86,72.56,0,0,4,3,0,0,1,
2930,S00586,2027-01-18 00:00:00,79.76,82.52,0,0,4,3,0,0,0,High
2931,S00587,25-08-2025 00:00,90.74,94.25,0,0,0,0,0,0,0,High
2932,S00587,2026-01-19 00:00:00,90.72,95.29,0,0,1,0,1,0,0,High
2933,S00587,2026-06-08 00:00:00,87.92,90.48,0,1,3,0,1,0,0,High
2934,S00587,2026-08-24 00:00:00,76.11,82.67,0,1,4,0,1,0,1,High
2935,S00587,2027-01-18 00:00:00,81.34,78.64,0,1,6,0,1,0,0,High
2936,S00588,2025-08-25 00:00:00,92.17,90.79,0,0,0,0,0,0,0,High
2937,S00588,2026-01-19 00:00:00,78.71,79.14,0,0,0,0,0,0,0,High
2938,S00588,2026-06-08 00:00:00,85.73,89.5,0,0,2,0,0,0,0,High
2939,S00588,2026-08-24 00:00:00,79.09,83.24,0,0,3,0,0,0,1,High
2940,S00588,2027-01-18 00:00:00,87.34,87.66,0,0,3,0,0,0,0,High
2941,S00589,2025-08-25 00:00:00,87.41,87.08,0,0,0,0,0,0,0,High
2942,S00589,2026-01-19 00:00:00,87.32,94.7,0,0,0,0,0,0,0,High
2943,S00589,2026-06-08 00:00:00,67.06,65.01,0,1,3,2,0,0,3,Moderate
2944,S00589,2026-08-24 00:00:00,72.85,69.72,0,1,4,2,0,0,1,Moderate
2945,S00589,2027-01-18 00:00:00,,82.79,0,1,4,2,0,0,0,High
2946,S00590,2025-08-25 00:00:00,84.22,79.67,0,0,0,0,0,0,0,High
2947,S00590,2026-01-19 00:00:00,75.19,66.4,0,0,1,0,0,0,1,High
2948,S00590,2026-06-08 00:00:00,78.8,79.58,0,0,1,0,0,0,0,High
2949,S00590,2026-08-24 00:00:00,84.57,84.67,0,0,2,0,0,0,1,High
2950,S00590,2027-01-18 00:00:00,70.58,67.85,0,0,2,0,0,0,0,Moderate
2951,S00591,2025-08-25 00:00:00,98.36,100.0,0,0,0,0,0,0,0,High
2952,S00591,2026-01-19 00:00:00,90.78,98.19,0,0,0,0,0,0,0,High
2953,S00591,2026-06-08 00:00:00,83.54,88.17,0,0,1,1,0,0,1,High
2954,S00591,2026-08-24 00:00:00,95.0,96.23,0,0,2,1,0,0,1,High
2955,S00591,2027-01-18 00:00:00,88.91,95.92,0,0,3,2,0,0,1,High
2956,S00592,2025-08-25 00:00:00,89.72,92.08,0,0,0,0,0,0,0,High
2957,S00592,2026-01-19 00:00:00,82.18,84.9,0,0,1,1,0,0,1,High
2958,S00592,2026-06-08 00:00:00,83.63,83.97,0,0,2,1,0,0,1,High
2959,S00592,08/24/2026 00:00,73.62,78.52,0,0,3,1,0,0,1,Moderate
2960,S00592,2027-01-18 00:00:00,80.89,84.09,0,0,3,1,0,0,0,High
2961,S00593,2025-08-25 00:00:00,91.02,94.47,0,0,0,0,0,0,0,High
2962,S00593,2026-01-19 00:00:00,76.15,78.74,0,1,2,2,0,0,0,High
2963,S00593,2026-06-08 00:00:00,65.6,63.67,0,1,6,3,0,0,1,Moderate
2964,S00593,2026-08-24 00:00:00,68.57,77.84,0,1,6,3,0,0,0,Moderate
2965,S00593,2027-01-18 00:00:00,71.66,68.93,0,1,8,3,0,0,1,Moderate
2966,S00594,2025-08-25 00:00:00,87.67,92.37,0,0,0,0,0,0,0,High
2967,S00594,2026-01-19 00:00:00,82.93,73.44,0,0,0,0,0,0,0,High
2968,S00594,2026-06-08 00:00:00,77.71,78.19,0,0,1,1,0,0,0,High
2969,S00594,2026-08-24 00:00:00,60.65,62.28,0,1,4,2,0,0,3,Moderate
2970,S00594,2027-01-18 00:00:00,74.07,66.65,0,1,5,3,0,0,0,
2971, S00595 ,2025-08-25 00:00:00,95.82,100.0,0,0,0,0,0,0,0,High
2972,S00595,2026-01-19 00:00:00,88.9,96.08,0,0,2,1,0,0,1,High
2973,S00595,2026-06-08 00:00:00,84.97,90.06,1,0,4,2,0,1,2,High
2974,S00595,2026-08-24 00:00:00,83.86,86.23,1,0,5,3,0,1,1,High
2975,S00595,2027-01-18 00:00:00,80.34,90.8,1,0,5,3,0,1,0,High
2976,S00596,2025-08-25 00:00:00,87.29,85.78,0,0,0,0,0,0,0,High
2977,S00596,2026-01-19 00:00:00,82.81,68.69,0,0,0,0,0,0,0,High
2978,S00596,2026-06-08 00:00:00,85.09,80.37,0,0,0,0,0,0,0,High
2979,S00596,2026-08-24 00:00:00,,77.49,0,0,0,0,0,0,0,High
2980,S00596,2027-01-18 00:00:00,84.75,83.19,0,0,0,0,0,0,0,High
2981,S00597,2025-08-25 00:00:00,85.76,81.89,0,0,0,0,0,0,0,High
2982,S00597,2026-01-19 00:00:00,80.13,80.42,0,0,3,2,0,0,2, High 
2983,S00597,2026-06-08 00:00:00,85.11,87.07,0,0,3,2,0,0,0,High
2984,S00597,2026-08-24 00:00:00,71.75,,0,0,6,3,1,0,3,Moderate
2985,S00597,2027-01-18 00:00:00,75.16,76.69,0,0,7,4,1,0,0,High
2986,S00598,2025-08-25 00:00:00,89.78,81.64,0,0,0,0,0,0,0,
2987,S00598,2026-01-19 00:00:00,79.53,74.0,0,1,2,1,0,0,0,High
2988,S00598,2026-06-08 00:00:00,69.62,71.43,0,1,6,3,0,0,1,Moderate
2989,S00598,2026-08-24 00:00:00,63.92,56.89,0,2,10,4,0,0,4,Moderate
2990,S00598,2027/01/18 00:00:00,62.98,60.07,0,2,14,5,1,0,0,Moderate
2991,S00599,2025-08-25 00:00:00,86.17,94.09,0,0,0,0,0,0,0,High
2992,S00599,2026-01-19 00:00:00,82.26,85.9,0,0,1,1,0,0,0,High
2993,S00599,2026-06-08 00:00:00,76.04,87.51,0,0,2,2,0,0,1,High
2994,S00599,2026-08-24 00:00:00,80.73,82.39,0,0,2,2,0,0,0,High
2995,S00599,2027-01-18 00:00:00,76.36,81.3,0,0,3,2,0,0,0,High
2996,S00600,2025-08-25 00:00:00,74.32,67.44,0,0,0,0,0,0,0,Moderate
2997,S00600,2026-01-19 00:00:00,73.21,72.18,0,0,2,0,0,0,1,Moderate
2998,S00600,2026-06-08 00:00:00,81.74,79.82,0,0,2,0,0,0,0,High
2999,S00600,2026-08-24 00:00:00,64.7,65.25,0,0,4,2,0,0,2,Moderate
3000,S00600,2027-01-18 00:00:00,66.6,67.38,0,0,6,3,0,0,0,Moderate
3001,S00601,2025-08-25 00:00:00,94.07,100.0,0,0,0,0,0,0,0,High
3002,S00601,2026-01-19 00:00:00,89.57,96.34,0,0,0,0,0,0,0,High
3003,S00601,2026-06-08 00:00:00,76.39,87.23,0,0,3,1,0,0,1,High
3004,S00601,2026-08-24 00:00:00,84.6,92.57,0,0,4,1,0,0,1,High
3005,S00601,2027-01-18 00:00:00,75.45,83.0,0,0,6,2,0,0,2,High
3006,S00602,2025-08-25 00:00:00,76.32,75.37,0,0,0,0,0,0,0,High
3007,S00602,2026-01-19 00:00:00,83.06,86.97,0,0,0,0,0,0,0,High
3008,S00602,2026-06-08 00:00:00,84.07,88.97,0,0,0,0,0,0,0,High
3009,S00602,2026-08-24 00:00:00,76.37,81.21,0,1,2,1,0,0,2,High
3010,S00602,2027-01-18 00:00:00,69.98,69.69,0,1,3,2,0,0,1,Moderate
3011,S00603,2025-08-25 00:00:00,81.94,82.13,0,0,0,0,0,0,0,High
3012,S00603,2026-01-19 00:00:00,90.76,98.32,0,0,1,0,0,0,0,High
3013,S00603,2026-06-08 00:00:00,83.49,87.53,0,0,1,0,0,0,0,High
3014,S00603,2026-08-24 00:00:00,61.53,64.89,1,0,3,1,0,6,2,Moderate
3015,S00603,2027-01-18 00:00:00,61.04,58.32,1,0,6,2,0,6,2,Moderate
3016,S00604,2025-08-25 00:00:00,77.95,75.22,0,0,0,0,0,0,0,High
3017,S00604,2026-01-19 00:00:00,88.52,83.73,0,0,0,0,0,0,0,High
3018,S00604,2026-06-08 00:00:00,80.95,81.05,0,0,1,0,0,0,0,High
3019,S00604,2026-08-24 00:00:00,70.92,76.02,0,0,4,2,0,0,3,Moderate
3020,S00604,2027-01-18 00:00:00,72.33,63.7,0,0,4,2,0,0,0,moderate
3021,S00605,2025-08-25 00:00:00,82.6,85.52,0,0,0,0,0,0,0,High
3022,S00605,2026-01-19 00:00:00,68.73,68.15,0,0,1,1,0,0,0,Moderate
3023,S00605,2026-06-08 00:00:00,75.75,77.01,0,0,3,1,0,0,1,High
3024,S00605,2026-08-24 00:00:00,71.27,70.05,0,0,3,1,0,0,0,Moderate
3025,S00605,2027-01-18 00:00:00,63.28,61.09,0,0,8,5,0,0,2,Moderate
3026,S00606,2025-08-25 00:00:00,84.4,76.94,0,0,0,0,0,0,0,High
3027,S00606,2026-01-19 00:00:00,83.92,86.55,0,0,0,0,0,0,0,High
3028,S00606,2026-06-08 00:00:00,82.79,85.08,0,0,0,0,0,0,0,High
3029,S00606,2026-08-24 00:00:00,84.47,88.32,0,0,0,0,0,0,0,High
3030,S00606,2027-01-18 00:00:00,,80.11,0,0,0,0,0,0,0,High
3031,S00607,2025-08-25 00:00:00,94.36,100.0,0,0,0,0,0,0,0,High
3032,S00607,2026-01-19 00:00:00,87.52,98.65,0,0,0,0,0,0,0,High
3033,S00607,2026-06-08 00:00:00,84.23,92.33,0,0,1,1,0,0,1,High
3034,S00607,2026-08-24 00:00:00,75.91,76.77,0,0,3,2,0,0,2,High
3035,S00607,2027-01-18 00:00:00,90.48,91.08,0,0,3,2,0,0,0,High
3036, S00608 ,2025-08-25 00:00:00,94.84,92.69,0,0,0,0,0,0,0,High
3037, S00608 ,2026-01-19 00:00:00,87.16,81.88,0,0,2,1,0,0,2,High
3038,S00608,2026-06-08 00:00:00,70.65,69.68,0,0,5,2,0,0,2,Moderate
3039,S00608,2026-08-24 00:00:00,77.25,69.2,0,0,7,3,0,0,2,High
3040,S00608,2027-01-18 00:00:00,86.05,78.77,0,0,7,3,0,0,0,High
3041,S00609,2025-08-25 00:00:00,91.8,92.11,0,0,0,0,0,0,0,
3042,S00609,2026-01-19 00:00:00,73.59,78.94,0,0,4,2,0,0,1,Moderate
3043,S00609,2026-06-08 00:00:00,83.41,79.71,0,0,4,2,0,0,0,High
3044,S00609,2026-08-24 00:00:00,80.07,82.33,0,0,4,2,0,0,0,High
3045,S00609,2027-01-18 00:00:00,79.96,81.61,0,0,4,2,0,0,0,High
3046,S00610,2025-08-25 00:00:00,82.18,78.73,0,0,0,0,0,0,0,High
3047,S00610,2026-01-19 00:00:00,79.89,71.5,0,0,0,0,0,0,0,High
3048,S00610,2026-06-08 00:00:00,73.53,75.04,0,0,2,1,0,0,2,Moderate
3049,S00610,2026-08-24 00:00:00,58.54,57.76,1,0,3,2,0,8,1,
3050,S00610,2027-01-18 00:00:00,42.98,40.82,1,0,8,6,1,8,2,Low
3051,S00611,2025-08-25 00:00:00,89.99,90.31,0,0,0,0,0,0,0,High
3052,S00611,2026-01-19 00:00:00,78.32,84.82,0,0,2,2,0,0,1,High
3053,S00611,2026-06-08 00:00:00,83.3,84.73,0,0,2,2,0,0,0,High
3054,S00611,2026-08-24 00:00:00,71.87,65.16,0,0,2,2,0,0,0,Moderate
3055,S00611,2027-01-18 00:00:00,77.07,76.6,0,0,3,3,0,0,1,High
3056,S00612,2025-08-25 00:00:00,90.45,88.85,0,0,0,0,0,0,0,High
3057,S00612,2026-01-19 00:00:00,85.01,80.06,0,0,1,0,0,0,0,High
3058,S00612,2026-06-08 00:00:00,85.03,81.13,0,0,2,1,0,0,1,High
3059,S00612,2026-08-24 00:00:00,80.23,81.88,0,1,3,2,0,0,1,High
3060,S00612,2027-01-18 00:00:00,79.42,81.85,0,1,4,3,0,0,1,High
3061,S00613,2025-08-25 00:00:00,89.8,95.14,0,0,0,0,0,0,0,High
3062,S00613,2026-01-19 00:00:00,91.67,96.27,0,0,1,0,0,0,0,High
3063,S00613,2026-06-08 00:00:00,73.34,81.54,0,0,4,1,0,0,3,Moderate
3064,S00613,2026-08-24 00:00:00,80.98,84.53,0,0,6,2,0,0,2,High
3065,S00613,2027-01-18 00:00:00,69.23,77.48,0,0,9,4,0,0,1,Moderate
3066,S00614,2025-08-25 00:00:00,86.57,95.28,0,0,0,0,0,0,0,HIGH
3067,S00614,2026-01-19 00:00:00,74.01,80.04,1,0,1,1,0,1,1,Moderate
3068,S00614,2026-06-08 00:00:00,75.2,81.85,1,0,3,3,0,1,1,High
3069,S00614,2026-08-24 00:00:00,78.37,80.64,1,0,3,3,0,1,0,High
3070,S00614,2027-01-18 00:00:00,70.31,69.7,1,0,4,4,0,1,1,Moderate
3071,S00615,2025-08-25 00:00:00,84.29,80.24,0,0,0,0,0,0,0,High
3072,S00615,2026-01-19 00:00:00,,57.69,0,1,3,2,0,0,1,Moderate
3073,S00615,2026-06-08 00:00:00,62.45,59.43,0,2,5,4,0,0,2,Moderate
3074,S00615,2026-08-24 00:00:00,57.45,53.82,0,2,7,4,0,0,2,Moderate
3075,S00615,2027-01-18 00:00:00,48.82,120.0,1,2,9,5,0,1,2,Low
3076,S00616,2025-08-25 00:00:00,89.79,80.94,0,0,0,0,0,0,0,High
3077,S00616,2026-01-19 00:00:00,75.51,73.47,0,0,1,0,0,0,1,High
3078,S00616,2026-06-08 00:00:00,78.82,79.91,0,0,1,0,0,0,0,High
3079,S00616,2026-08-24 00:00:00,76.7,77.36,0,0,3,1,0,0,2, High 
3080,S00616,2027-01-18 00:00:00,56.96,60.36,1,1,8,3,1,1,2,Moderate
3081,S00617,2025-08-25 00:00:00,92.62,100.0,0,0,0,0,0,0,0,High
3082,S00617,2026-01-19 00:00:00,93.36,100.0,0,0,0,0,0,0,0,High
3083,S00617,2026-06-08 00:00:00,84.36,85.15,0,0,0,0,0,0,0,High
3084,S00617,2026-08-24 00:00:00,89.57,92.75,0,0,0,0,0,0,0,High
3085,S00617,2027-01-18 00:00:00,83.27,87.13,0,0,2,0,0,0,2,High
3086,S00618,08/25/2025 00:00,87.12,93.18,0,0,0,0,0,0,0,High
3087,S00618,2026-01-19 00:00:00,85.45,86.43,0,0,0,0,0,0,0,High
3088,S00618,2026-06-08 00:00:00,78.74,81.61,0,1,1,1,0,0,0,High
3089,S00618,2026-08-24 00:00:00,65.5,65.12,1,1,3,3,0,6,2,Moderate
3090,S00618,18-01-2027 00:00,59.18,55.78,1,2,4,3,0,6,1,Moderate
3091,S00619,2025-08-25 00:00:00,95.19,96.96,0,0,0,0,0,0,0,High
3092,S00619,2026-01-19 00:00:00,90.24,88.66,0,0,0,0,0,0,0,High
3093,S00619,2026-06-08 00:00:00,84.44,89.85,0,0,1,1,0,0,0,High
3094,S00619,2026-08-24 00:00:00,78.54,81.32,0,0,3,2,0,0,2,High
3095,S00619,2027-01-18 00:00:00,78.8,77.19,0,0,5,3,0,0,2,High
3096,S00620,2025-08-25 00:00:00,95.06,99.75,0,0,0,0,0,0,0,High
3097,S00620,2026-01-19 00:00:00,70.6,66.16,0,0,4,2,0,0,2,Moderate
3098,S00620,2026-06-08 00:00:00,76.56,75.12,0,1,5,2,0,0,0,High
3099,S00620,2026-08-24 00:00:00,,62.57,0,1,7,3,0,0,2,Moderate
3100,S00620,2027-01-18 00:00:00,66.43,67.81,0,1,8,4,0,0,1,Moderate
3101,S00621,2025-08-25 00:00:00,88.54,96.03,0,0,0,0,0,0,0,High
3102,S00621,2026-01-19 00:00:00,94.8,100.0,0,0,0,0,0,0,0,High
3103,S00621,2026-06-08 00:00:00,81.41,83.51,0,1,3,1,0,0,0,High
3104,S00621,2026-08-24 00:00:00,84.1,88.99,0,1,3,1,0,0,0,High
3105,S00621,2027-01-18 00:00:00,75.73,76.2,0,1,3,1,0,0,0,High
3106,S00622,2025-08-25 00:00:00,85.02,84.55,0,0,0,0,0,0,0,High
3107,S00622,2026-01-19 00:00:00,71.43,73.75,0,0,3,2,1,0,2,Moderate
3108,S00622,2026-06-08 00:00:00,,65.06,0,0,3,2,1,0,0,Moderate
3109,S00622,2026-08-24 00:00:00,68.99,62.34,0,0,4,3,1,0,1,Moderate
3110,S00622,2027-01-18 00:00:00,64.58,60.08,0,0,6,3,1,0,1,Moderate
3111,S00623,2025-08-25 00:00:00,78.32,75.54,0,0,0,0,0,0,0,High
3112,S00623,2026-01-19 00:00:00,81.31,78.16,0,0,0,0,0,0,0,High
3113,S00623,2026-06-08 00:00:00,76.67,69.15,0,0,1,1,0,0,0,High
3114,S00623,2026-08-24 00:00:00,61.05,53.7,1,0,5,3,0,4,4,Moderate
3115,S00623,2027-01-18 00:00:00,48.44,45.05,1,0,6,4,0,4,0,Low
3116,S00624,2025-08-25 00:00:00,79.49,80.58,0,0,0,0,0,0,0,High
3117,S00624,2026-01-19 00:00:00,77.4,74.44,0,0,2,1,0,0,0,High
3118,S00624,2026-06-08 00:00:00,85.26,81.33,0,0,2,1,0,0,0,High
3119,S00624,2026-08-24 00:00:00,72.19,77.11,0,0,4,2,0,0,2,Moderate
3120,S00624,2027-01-18 00:00:00,83.98,87.35,0,0,4,2,0,0,0,High
3121,S00625,2025-08-25 00:00:00,91.54,95.37,0,0,0,0,0,0,0,High
3122,S00625,2026-01-19 00:00:00,84.17,94.15,0,0,2,1,0,0,2,High
3123,S00625,2026-06-08 00:00:00,89.35,98.43,0,0,2,1,0,0,0,High
3124,S00625,2026-08-24 00:00:00,,81.18,0,0,4,3,0,0,2,Moderate
3125,S00625,2027-01-18 00:00:00,81.53,88.79,0,0,5,3,0,0,1,High
3126,S00626,2025-08-25 00:00:00,77.54,77.53,0,0,0,50,0,0,0, High 
3127,S00626,2026-01-19 00:00:00,80.72,84.47,0,0,1,1,0,0,1,High
3128,S00626,2026-06-08 00:00:00,74.31,74.36,0,0,1,1,0,0,0,Moderate
3129,S00626,2026-08-24 00:00:00,77.14,75.71,0,0,1,1,0,0,0,High
3130,S00626,2027-01-18 00:00:00,78.05,73.84,0,0,1,1,0,0,0,High
3131,S00627,2025-08-25 00:00:00,87.56,93.31,0,0,0,0,0,0,0,High
3132,S00627,2026-01-19 00:00:00,94.54,98.65,0,0,0,0,0,0,0,High
3133,S00627,2026-06-08 00:00:00,89.79,90.68,0,0,0,0,0,0,0,High
3134,S00627,2026-08-24 00:00:00,81.09,81.54,0,0,3,0,0,0,3,High
3135,S00627,2027-01-18 00:00:00,74.17,74.88,0,1,5,1,1,0,1,Moderate
3136,S00628,2025-08-25 00:00:00,85.21,91.01,0,0,0,0,0,0,0,High
3137,S00628,2026-01-19 00:00:00,68.5,79.75,1,0,7,2,0,1,0,Moderate
3138,S00628,2026-06-08 00:00:00,57.33,62.47,1,0,8,3,0,1,1,Moderate
3139,S00628,2026-08-24 00:00:00,59.36,66.61,1,0,12,4,0,1,4,Moderate
3140,S00628,2027-01-18 00:00:00,56.3,59.57,1,0,12,4,0,1,0,Moderate
3141,S00629,2025-08-25 00:00:00,76.65,72.28,0,0,0,0,0,0,0,High
3142,S00629,2026-01-19 00:00:00,65.18,67.66,0,0,5,2,0,0,3,
3143,S00629,2026-06-08 00:00:00,66.76,61.64,0,0,6,3,0,0,1,Moderate
3144,S00629,2026-08-24 00:00:00,71.93,,0,0,6,3,0,0,0,Moderate
3145,S00629,2027-01-18 00:00:00,68.4,61.99,0,0,6,3,0,0,0,Moderate
3146,S00630,2025-08-25 00:00:00,86.22,87.35,0,0,0,0,0,0,0,High
3147,S00630,2026-01-19 00:00:00,78.39,84.04,0,0,4,3,0,0,2,High
3148,S00630,2026-06-08 00:00:00,86.55,87.1,0,0,4,3,0,0,0,High
3149,S00630,2026-08-24 00:00:00,77.42,85.44,0,0,5,4,0,0,1,High
3150,S00630,2027-01-18 00:00:00,71.13,73.29,0,0,5,4,0,0,0,Moderate
3151,S00631,2025-08-25 00:00:00,85.67,,0,0,0,0,0,0,0,High
3152,S00631,2026-01-19 00:00:00,90.04,88.86,0,0,3,2,0,0,0,High
3153,S00631,2026-06-08 00:00:00,67.78,76.38,0,0,7,4,0,0,2,Moderate
3154,S00631,2026-08-24 00:00:00,80.65,84.81,0,0,7,4,0,0,0,High
3155,S00631,2027-01-18 00:00:00,64.7,64.18,0,0,8,5,0,0,1,Moderate
3156,S00632,2025-08-25 00:00:00,80.26,79.06,0,0,0,0,0,0,0,High
3157,S00632,2026-01-19 00:00:00,73.72,79.36,0,1,3,1,1,0,3,Moderate
3158,S00632,2026-06-08 00:00:00,84.54,85.45,0,1,6,2,1,0,0,High
3159,S00632,2026-08-24 00:00:00,70.24,61.28,0,2,6,2,1,0,0,Moderate
3160,S00632,2027-01-18 00:00:00,53.98,49.84,0,2,10,4,2,0,1,Moderate
3161,S00633,2025-08-25 00:00:00,77.54,69.24,0,0,0,0,0,0,0,High
3162,S00633,2026-01-19 00:00:00,76.94,66.71,0,0,2,0,1,0,1,High
3163,S00633,2026-06-08 00:00:00,84.49,83.13,0,0,2,0,1,0,0,High
3164,S00633,2026-08-24 00:00:00,76.99,87.43,0,0,2,0,1,0,0,High
3165,S00633,2027-01-18 00:00:00,69.38,70.94,0,0,6,1,2,0,0,Moderate
3166,S00634,2025-08-25 00:00:00,79.72,80.73,0,0,0,0,0,0,0,High
3167,S00634,2026-01-19 00:00:00,69.67,60.6,0,0,3,0,1,0,2,Moderate
3168,S00634,2026-06-08 00:00:00,64.63,61.27,0,0,5,2,1,0,1,Moderate
3169,S00634,2026-08-24 00:00:00,74.48,76.44,0,0,6,2,1,0,1,Moderate
3170,S00634,2027-01-18 00:00:00,72.31,71.98,0,0,7,3,1,0,0,Moderate
3171,S00635,2025-08-25 00:00:00,76.7,77.74,0,0,0,0,0,0,0,High
3172,S00635,2026-01-19 00:00:00,78.93,75.6,0,1,0,0,0,0,0,High
3173,S00635,2026-06-08 00:00:00,83.92,77.51,0,1,0,0,0,0,0,High
3174,S00635,2026-08-24 00:00:00,74.29,69.96,0,1,2,0,0,0,2,Moderate
3175,S00635,2027-01-18 00:00:00,74.16,67.35,0,1,2,0,0,0,0,Moderate
3176,S00636,2025-08-25 00:00:00,84.39,79.74,0,0,0,0,0,0,0,High
3177,S00636,2026-01-19 00:00:00,69.65,76.18,0,0,4,4,0,0,1,Moderate
3178,S00636,2026-06-08 00:00:00,64.56,64.6,0,0,7,5,0,0,1,Moderate
3179,S00636,2026-08-24 00:00:00,57.02,48.61,1,0,8,6,0,1,1,Moderate
3180,S00636,2027-01-18 00:00:00,51.0,47.99,1,0,9,7,0,1,0,Moderate
3181,S00637,2025-08-25 00:00:00,95.67,98.96,0,0,0,0,0,0,0, High 
3182,S00637,2026-01-19 00:00:00,90.29,98.55,0,0,0,0,0,0,0,High
3183,S00637,2026-06-08 00:00:00,90.01,96.95,0,0,0,0,0,0,0,High
3184,S00637,2026-08-24 00:00:00,88.71,90.31,0,0,0,0,0,0,0,High
3185,S00637,2027-01-18 00:00:00,88.69,90.94,0,0,0,0,0,0,0,High
3186,S00638,2025-08-25 00:00:00,86.7,88.89,0,0,0,0,0,0,0,High
3187,S00638,2026-01-19 00:00:00,78.88,77.3,0,0,0,0,0,0,0,High
3188,S00638,2026-06-08 00:00:00,115.0,73.95,0,1,4,2,0,0,4,Moderate
3189,S00638,2026-08-24 00:00:00,62.87,72.86,0,1,5,3,0,0,1,Moderate
3190,S00638,2027-01-18 00:00:00,67.07,66.05,0,1,6,3,0,0,0,Moderate
3191,S00639,2025-08-25 00:00:00,79.22,77.07,0,0,0,0,0,0,0,High
3192,S00639,2026-01-19 00:00:00,56.71,57.95,0,1,3,2,0,0,2,Moderate
3193,S00639,2026-06-08 00:00:00,80.15,80.59,0,1,3,2,0,0,0,High
3194,S00639,2026-08-24 00:00:00,66.06,72.26,0,1,5,3,0,0,2,Moderate
3195,S00639,2027-01-18 00:00:00,62.39,60.65,0,2,8,4,0,0,2, Moderate 
3196,S00640,2025-08-25 00:00:00,95.06,93.76,0,0,0,0,0,0,0,High
3197,S00640,2026-01-19 00:00:00,85.48,84.69,0,0,2,0,1,0,0,High
3198,S00640,2026-06-08 00:00:00,72.04,65.67,0,0,3,1,1,0,1,Moderate
3199,S00640,2026-08-24 00:00:00,77.71,75.8,0,1,3,1,1,0,0,High
3200,S00640,2027-01-18 00:00:00,72.44,73.6,0,1,6,3,1,0,2,Moderate
3201,S00641,2025-08-25 00:00:00,79.92,84.93,0,30,0,0,0,0,0,High
3202,S00641,2026-01-19 00:00:00,74.94,71.76,0,1,3,1,0,0,0,Moderate
3203,S00641,2026-06-08 00:00:00,71.09,67.6,0,1,4,1,0,0,1,Moderate
3204,S00641,2026-08-24 00:00:00,76.39,71.74,0,1,4,1,0,0,0,High
3205,S00641,2027-01-18 00:00:00,69.67,78.34,0,2,6,3,0,0,1,Moderate
3206,S00642,2025-08-25 00:00:00,84.69,92.87,0,0,0,0,0,0,0,High
3207,S00642,2026-01-19 00:00:00,80.59,73.97,0,0,0,0,0,0,0,High
3208,S00642,2026-06-08 00:00:00,83.63,80.42,0,0,2,1,0,0,0,High
3209,S00642,2026-08-24 00:00:00,56.77,58.45,0,0,9,3,1,0,7,Moderate
3210,S00642,2027-01-18 00:00:00,60.74,60.51,0,0,11,4,1,0,1,Moderate
3211,S00643,2025-08-25 00:00:00,86.05,89.34,0,0,0,0,0,0,0,High
3212,S00643,2026-01-19 00:00:00,87.61,93.7,0,0,1,0,0,0,1,High
3213,S00643,2026-06-08 00:00:00,90.11,88.8,0,0,1,0,0,0,0,High
3214,S00643,2026-08-24 00:00:00,64.13,66.72,1,0,2,1,0,6,1,Moderate
3215,S00643,2027-01-18 00:00:00,60.18,71.74,1,0,3,2,0,6,0,Moderate
3216,S00644,2025-08-25 00:00:00,90.05,97.61,0,0,0,0,0,0,0,High
3217,S00644,2026-01-19 00:00:00,76.47,71.4,0,0,6,2,1,0,4,High
3218,S00644,2026-06-08 00:00:00,57.82,61.39,1,0,8,3,2,6,2,Moderate
3219,S00644,2026-08-24 00:00:00,64.9,66.36,1,0,8,3,2,6,0,moderate
3220,S00644,2027-01-18 00:00:00,58.94,60.85,1,0,9,4,2,6,0, Moderate 
3221,S00645,2025-08-25 00:00:00,81.41,74.41,0,0,0,0,0,0,0,High
3222,S00645,2026-01-19 00:00:00,85.17,78.52,0,0,0,0,0,0,0,High
3223,S00645,2026-06-08 00:00:00,49.5,45.4,2,1,6,3,1,7,3,Low
3224,S00645,2026-08-24 00:00:00,39.53,35.32,2,1,9,4,1,7,3,Low
3225,S00645,2027-01-18 00:00:00,48.14,44.88,2,1,10,5,1,7,0,Low
3226,S00646,2025-08-25 00:00:00,96.89,,0,0,0,0,0,0,0,High
3227,S00646,2026-01-19 00:00:00,88.99,96.15,0,0,3,2,0,0,0,High
3228,S00646,2026-06-08 00:00:00,82.56,85.61,0,0,6,3,0,0,2,High
3229,S00646,2026-08-24 00:00:00,74.7,86.21,0,0,6,3,0,0,0,Moderate
3230,S00646,2027-01-18 00:00:00,82.52,85.65,0,0,8,4,0,0,0,High
3231,S00647,2025-08-25 00:00:00,86.1,94.97,0,0,0,0,0,0,0,High
3232,S00647,2026-01-19 00:00:00,89.34,89.96,0,0,0,0,0,0,0,High
3233, S00647 ,2026-06-08 00:00:00,81.85,86.67,0,0,2,0,1,0,2,high
3234,S00647,2026-08-24 00:00:00,75.47,81.45,0,0,3,0,1,0,1,High
3235,S00647,2027-01-18 00:00:00,64.16,68.68,0,1,6,2,1,0,2,Moderate
3236,S00648,2025-08-25 00:00:00,82.51,75.21,0,0,0,0,0,0,0,High
3237,S00648,2026-01-19 00:00:00,80.69,85.8,0,0,1,0,0,0,0,High
3238,S00648,2026-06-08 00:00:00,74.65,70.28,0,0,2,1,0,0,1,Moderate
3239,S00648,2026-08-24 00:00:00,69.06,66.13,0,0,4,3,0,0,2,Moderate
3240,S00648,2027-01-18 00:00:00,73.36,73.37,0,0,4,3,0,0,0,Moderate
3241,S00649,2025-08-25 00:00:00,87.47,88.35,0,0,0,0,0,0,0,High
3242,S00649,2026-01-19 00:00:00,82.89,76.51,0,0,1,0,0,0,1,High
3243,S00649,2026-06-08 00:00:00,74.46,78.29,0,0,7,3,0,0,1,Moderate
3244,S00649,2026-08-24 00:00:00,67.58,67.17,0,0,11,6,0,0,4,Moderate
3245,S00649,2027-01-18 00:00:00,65.48,66.86,0,0,13,7,0,0,0,Moderate
3246,S00650,2025-08-25 00:00:00,84.2,80.86,0,0,0,0,0,0,0,High
3247, S00650 ,2026-01-19 00:00:00,83.54,75.42,0,1,0,0,0,0,0,High
3248,S00650,2026-06-08 00:00:00,,82.54,0,1,1,0,0,0,1,High
3249,S00650,2026-08-24 00:00:00,75.56,73.82,0,1,2,0,1,0,1,High
3250,S00650,2027-01-18 00:00:00,74.92,75.87,0,2,3,1,1,0,1,Moderate
3251,S00651,2025-08-25 00:00:00,83.51,83.68,0,0,0,0,0,0,0,High
3252,S00651,2026-01-19 00:00:00,76.93,71.11,0,0,4,2,0,0,1,High
3253,S00651,2026-06-08 00:00:00,72.0,72.89,0,0,6,3,0,0,2,
3254,S00651,2026-08-24 00:00:00,60.93,58.48,1,0,7,4,0,1,1,Moderate
3255,S00651,2027-01-18 00:00:00,60.17,64.66,1,1,8,4,0,1,0,Moderate
3256,S00652,2025-08-25 00:00:00,84.88,85.78,0,0,0,0,0,0,0,High
3257,S00652,2026-01-19 00:00:00,86.3,84.59,0,0,1,0,0,0,0,High
3258,S00652,2026-06-08 00:00:00,71.65,75.35,0,3,9,3,0,0,7,Moderate
3259,S00652,2026-08-24 00:00:00,62.52,52.55,0,3,12,4,0,0,3,Moderate
3260,S00652,01/18/2027 00:00,61.98,57.89,0,3,12,4,0,0,0,
3261,S00653,2025-08-25 00:00:00,91.5,91.94,0,0,0,0,0,0,0,High
3262,S00653,2026-01-19 00:00:00,67.32,61.5,1,0,2,0,2,1,2,Moderate
3263,S00653,2026-06-08 00:00:00,71.91,74.33,1,0,4,1,2,1,2,Moderate
3264,S00653,2026-08-24 00:00:00,69.92,71.73,1,0,6,2,2,1,2,Moderate
3265,S00653,2027-01-18 00:00:00,60.93,67.62,1,0,8,4,2,1,1,Moderate
3266,S00654,2025-08-25 00:00:00,89.12,93.16,0,0,0,0,0,0,0,High
3267,S00654,2026-01-19 00:00:00,82.69,95.87,0,0,2,1,0,0,1,High
3268,S00654,2026-06-08 00:00:00,91.11,98.91,0,0,2,1,0,0,0,High
3269,S00654,2026-08-24 00:00:00,70.4,76.2,0,0,4,3,0,0,2,Moderate
3270,S00654,2027-01-18 00:00:00,73.59,83.96,0,0,6,4,0,0,2,Moderate
3271,S00655,2025-08-25 00:00:00,90.27,91.78,0,0,0,0,0,0,0,High
3272,S00655,2026-01-19 00:00:00,90.94,94.45,0,0,0,0,0,0,0,High
3273,S00655,2026-06-08 00:00:00,91.15,88.76,0,0,0,0,0,0,0,High
3274, S00655 ,2026-08-24 00:00:00,81.59,81.26,0,1,2,1,0,0,2,High
3275,S00655,2027-01-18 00:00:00,86.62,86.46,0,1,2,1,0,0,0,High
3276,S00656,2025-08-25 00:00:00,89.52,90.21,0,0,0,0,0,0,0,High
3277,S00656,2026-01-19 00:00:00,68.97,69.37,1,0,3,2,0,6,1,Moderate
3278,S00656,2026-06-08 00:00:00,52.74,55.9,1,0,9,4,0,6,6,Moderate
3279,S00656,2026-08-24 00:00:00,58.4,68.02,1,0,9,4,0,6,0,Moderate
3280,S00656,2027-01-18 00:00:00,49.7,52.57,1,1,12,5,0,6,1,Low
3281,S00657,2025-08-25 00:00:00,90.01,98.27,0,0,0,0,0,0,0,High
3282,S00657,2026-01-19 00:00:00,82.13,84.14,0,0,0,0,0,0,0,High
3283,S00657,2026-06-08 00:00:00,73.62,77.93,0,0,3,2,0,0,3,Moderate
3284,S00657,2026-08-24 00:00:00,54.87,59.09,1,0,4,3,0,15,1,Moderate
3285,S00657,2027-01-18 00:00:00,62.36,62.25,1,1,4,3,0,15,0,Moderate
3286,S00658,2025-08-25 00:00:00,81.88,87.12,0,0,0,0,0,0,0,High
3287,S00658,2026-01-19 00:00:00,80.6,75.86,0,1,0,0,0,0,0,High
3288, S00658 ,2026-06-08 00:00:00,76.56,80.1,0,1,1,0,0,0,1,High
3289,S00658,2026-08-24 00:00:00,79.17,81.27,0,1,3,1,0,0,2,High
3290,S00658,2027-01-18 00:00:00,80.55,80.34,0,1,4,2,0,0,0,High
3291,S00659,2025-08-25 00:00:00,82.31,83.37,0,0,0,0,0,0,0,High
3292,S00659,2026-01-19 00:00:00,79.78,81.78,0,0,0,0,0,0,0,High
3293,S00659,2026-06-08 00:00:00,79.8,84.82,0,0,2,1,0,0,0,High
3294,S00659,2026-08-24 00:00:00,74.95,78.48,0,0,3,2,0,0,1,Moderate
3295,S00659,2027-01-18 00:00:00,77.91,74.25,0,0,4,2,0,0,0,High
3296,S00660,2025-08-25 00:00:00,84.73,86.63,0,0,0,0,0,0,0,High
3297,S00660,2026-01-19 00:00:00,84.52,84.06,0,1,3,1,0,0,0,High
3298,S00660,2026-06-08 00:00:00,76.42,80.18,0,1,6,2,0,0,0,High
3299,S00660,2026-08-24 00:00:00,70.2,70.94,0,1,7,3,0,0,1,Moderate
3300,S00660,2027-01-18 00:00:00,72.94,62.51,0,1,10,5,0,0,0,Moderate
3301,S00661,2025-08-25 00:00:00,88.2,84.0,0,0,0,0,0,0,0,High
3302,S00661,2026-01-19 00:00:00,85.3,88.75,0,0,0,0,0,0,0,High
3303,S00661,2026-06-08 00:00:00,83.77,84.19,0,0,0,0,0,0,0,High
3304,S00661,2026-08-24 00:00:00,77.57,80.76,0,0,3,1,0,0,3,High
3305,S00661,2027-01-18 00:00:00,70.88,80.92,0,1,4,1,-2,0,1,Moderate
3306,S00662,2025-08-25 00:00:00,91.16,93.5,0,0,0,0,0,0,0,High
3307,S00662,2026-01-19 00:00:00,88.94,85.73,0,0,1,1,0,0,0,High
3308,S00662,2026-06-08 00:00:00,68.44,68.16,0,0,4,2,0,0,3,Moderate
3309,S00662,2026-08-24 00:00:00,81.08,82.83,0,0,4,2,0,0,0,High
3310,S00662,2027-01-18 00:00:00,70.72,74.56,0,0,7,3,0,0,3,Moderate
3311,S00663,2025-08-25 00:00:00,87.58,89.66,0,0,0,0,0,0,0,High
3312,S00663,2026-01-19 00:00:00,84.18,81.92,0,0,0,0,0,0,0,High
3313,S00663,2026-06-08 00:00:00,89.87,93.55,0,0,0,0,0,0,0,High
3314,S00663,2026-08-24 00:00:00,78.09,,0,0,2,1,0,0,2,High
3315,S00663,2027-01-18 00:00:00,90.55,94.88,0,1,3,2,0,0,0,High
3316,S00664,2025-08-25 00:00:00,81.52,80.54,0,0,0,0,0,0,0,High
3317,S00664,2026-01-19 00:00:00,75.77,71.05,0,0,1,1,0,0,1,High
3318,S00664,2026-06-08 00:00:00,82.15,80.33,0,0,2,2,0,0,0,High
3319,S00664,2026-08-24 00:00:00,78.16,73.33,0,0,4,3,0,0,2,High
3320,S00664,2027-01-18 00:00:00,73.24,67.85,0,1,5,4,0,0,0,Moderate
3321,S00665,2025-08-25 00:00:00,79.12,78.22,0,0,0,0,0,0,0,High
3322,S00665,2026-01-19 00:00:00,79.38,76.43,0,0,2,1,0,0,1,High
3323,S00665,2026-06-08 00:00:00,74.2,76.31,0,0,3,2,0,0,1,Moderate
3324,S00665,2026-08-24 00:00:00,63.25,59.61,0,0,5,3,0,0,2,Moderate
3325,S00665,2027-01-18 00:00:00,55.28,52.34,0,0,9,5,2,0,3,Moderate
3326,S00666,2025-08-25 00:00:00,76.62,76.29,0,0,0,0,0,0,0,High
3327,S00666,2026-01-19 00:00:00,77.2,77.06,0,0,1,0,1,0,0,
3328,S00666,2026-06-08 00:00:00,81.29,82.17,0,0,1,0,1,0,0, High 
3329,S00666,2026-08-24 00:00:00,74.55,70.39,0,0,3,1,1,0,2,Moderate
3330,S00666,2027-01-18 00:00:00,68.35,70.18,0,0,4,1,1,0,1,Moderate
3331,S00667,2025-08-25 00:00:00,84.17,79.55,0,0,0,0,0,0,0,High
3332,S00667,2026-01-19 00:00:00,91.63,94.8,0,0,0,0,0,0,0,High
3333,S00667,2026-06-08 00:00:00,80.91,82.1,0,1,1,1,0,0,1,High
3334,S00667,2026-08-24 00:00:00,82.49,87.57,0,1,2,1,0,0,1,High
3335,S00667,2027-01-18 00:00:00,87.0,78.68,0,1,2,1,0,0,0,High
3336,S00668,2025-08-25 00:00:00,87.33,87.78,0,0,0,0,0,0,0,High
3337,S00668,2026-01-19 00:00:00,74.4,72.51,0,1,5,3,0,0,1,Moderate
3338,S00668,06/08/2026 00:00,82.78,86.11,0,1,5,3,0,0,0,High
3339,S00668,2026-08-24 00:00:00,69.54,71.6,0,1,5,3,0,0,0,Moderate
3340,S00668,2027-01-18 00:00:00,78.27,84.42,0,1,5,3,0,0,0,High
3341,S00669,2025-08-25 00:00:00,86.24,90.44,0,0,0,0,0,0,0,High
3342,S00669,2026-01-19 00:00:00,80.56,82.19,0,0,1,0,0,0,0,High
3343,S00669,2026-06-08 00:00:00,78.41,84.46,0,0,1,0,0,0,0,High
3344,S00669,2026-08-24 00:00:00,77.93,81.76,0,0,1,0,0,0,0,High
3345,S00669,2027-01-18 00:00:00,80.19,82.84,0,0,1,0,0,0,0,High
3346,S00670,2025-08-25 00:00:00,94.19,95.13,0,0,0,0,0,0,0, High 
3347,S00670,2026-01-19 00:00:00,81.62,84.34,0,0,1,1,0,0,1,High
3348,S00670,2026-06-08 00:00:00,79.37,89.53,0,0,2,1,0,0,1,High
3349,S00670,2026-08-24 00:00:00,71.34,76.84,0,0,4,1,0,0,2,Moderate
3350,S00670,2027-01-18 00:00:00,74.66,77.0,0,0,5,2,0,0,1,Moderate
3351,S00671,2025-08-25 00:00:00,92.94,97.29,0,0,0,0,0,0,0,High
3352,S00671,2026-01-19 00:00:00,89.31,92.63,0,0,0,0,0,0,0,High
3353,S00671,2026-06-08 00:00:00,85.01,90.96,0,0,1,0,0,0,1,High
3354,S00671,2026-08-24 00:00:00,88.57,98.26,0,0,1,0,0,0,0,High
3355,S00671,2027-01-18 00:00:00,83.84,83.73,0,0,3,1,0,0,0,High
3356,S00672,08/25/2025 00:00,83.6,81.79,0,0,0,0,0,0,0,High
3357, S00672 ,2026-01-19 00:00:00,81.63,82.06,0,0,0,0,0,0,0,High
3358, S00672 ,2026-06-08 00:00:00,,79.33,0,0,1,0,0,0,0,High
3359,S00672,2026-08-24 00:00:00,58.85,60.5,0,1,6,2,1,0,5,Moderate
3360,S00672,2027-01-18 00:00:00,32.13,39.03,2,2,10,4,1,16,3,Low
3361,S00673,2025-08-25 00:00:00,83.58,79.72,0,0,0,0,0,0,0,High
3362,S00673,2026-01-19 00:00:00,81.75,77.42,0,0,1,1,0,0,1,High
3363,S00673,2026-06-08 00:00:00,81.2,80.21,0,0,1,1,0,0,0,High
3364,S00673,2026-08-24 00:00:00,70.41,73.3,0,0,3,2,0,0,2,Moderate
3365,S00673,2027-01-18 00:00:00,69.47,63.02,0,0,4,2,0,0,0,Moderate
3366,S00674,2025-08-25 00:00:00,77.34,74.39,0,0,0,0,0,0,0,High
3367,S00674,2026-01-19 00:00:00,74.96,77.11,0,0,1,0,0,0,0,Moderate
3368,S00674,2026-06-08 00:00:00,69.99,62.05,0,0,4,1,0,0,3,Moderate
3369,S00674,2026-08-24 00:00:00,66.44,71.76,0,1,7,2,1,0,3,moderate
3370,S00674,2027-01-18 00:00:00,62.52,62.92,0,1,8,2,1,0,0,Moderate
3371,S00675,2025-08-25 00:00:00,88.8,96.99,0,0,0,0,0,0,0,High
3372,S00675,2026-01-19 00:00:00,64.45,68.24,0,1,8,4,1,0,7,Moderate
3373,S00675,2026-06-08 00:00:00,74.98,76.3,0,1,11,5,1,0,0,Moderate
3374,S00675,2026-08-24 00:00:00,55.79,61.04,0,1,14,7,1,0,3,Moderate
3375,S00675,2027-01-18 00:00:00,65.32,61.03,0,1,14,7,1,0,0,Moderate
3376,S00676,2025-08-25 00:00:00,89.0,87.52,0,0,0,0,0,0,0,High
3377,S00676,2026-01-19 00:00:00,74.49,72.72,0,0,1,1,0,0,1,Moderate
3378,S00676,2026-06-08 00:00:00,79.6,80.75,0,0,3,3,0,0,0,High
3379,S00676,2026-08-24 00:00:00,82.22,88.21,0,0,3,3,0,0,0,High
3380,S00676,2027-01-18 00:00:00,75.16,59.52,0,1,4,4,0,0,0,High
3381,S00677,2025-08-25 00:00:00,91.66,91.15,0,0,0,0,0,0,0,High
3382,S00677,2026-01-19 00:00:00,86.51,88.19,0,0,2,0,0,0,1,High
3383,S00677,2026-06-08 00:00:00,84.04,87.19,0,0,50,0,0,0,2,High
3384,S00677,2026-08-24 00:00:00,77.28,82.75,0,0,5,0,0,0,1, High 
3385,S00677,2027-01-18 00:00:00,79.38,72.7,0,0,5,0,0,0,0,High
3386,S00678,2025-08-25 00:00:00,89.77,90.7,0,0,0,0,0,0,0,
3387,S00678,2026-01-19 00:00:00,85.0,87.37,0,0,0,0,0,0,0,High
3388,S00678,2026-06-08 00:00:00,84.67,91.94,0,0,1,1,0,0,0,High
3389,S00678,2026-08-24 00:00:00,89.09,90.34,0,0,1,1,0,0,0,High
3390,S00678,2027-01-18 00:00:00,84.04,84.82,0,0,1,1,0,0,0,High
3391,S00679,2025-08-25 00:00:00,90.47,84.92,0,0,0,0,0,0,0,High
3392,S00679,2026-01-19 00:00:00,76.56,74.52,0,0,5,3,0,0,2,High
3393,S00679,2026-06-08 00:00:00,70.5,73.0,0,0,7,3,0,0,0,Moderate
3394,S00679,2026-08-24 00:00:00,77.74,71.77,0,0,7,3,0,0,0,High
3395,S00679,2027-01-18 00:00:00,81.48,82.95,0,0,7,3,0,0,0,High
3396,S00680,2025-08-25 00:00:00,71.85,67.62,0,0,0,0,0,0,0,Moderate
3397,S00680,2026-01-19 00:00:00,69.16,69.03,0,0,4,4,0,0,2,Moderate
3398,S00680,2026-06-08 00:00:00,57.72,53.23,0,0,4,4,0,0,0,Moderate
3399,S00680,2026-08-24 00:00:00,57.22,60.88,0,0,7,5,1,0,3,Moderate
3400,S00680,2027-01-18 00:00:00,60.16,59.01,0,0,9,6,1,0,2,Moderate
3401,S00681,2025-08-25 00:00:00,90.84,94.63,0,0,0,0,0,0,0,High
3402,S00681,2026-01-19 00:00:00,82.89,83.74,0,0,0,0,0,0,0,High
3403,S00681,2026-06-08 00:00:00,90.21,93.9,0,0,0,0,0,0,0,High
3404,S00681,2026-08-24 00:00:00,77.86,68.34,0,0,3,0,0,0,3,High
3405,S00681,2027-01-18 00:00:00,77.46,88.8,0,0,4,1,0,0,0,High
3406,S00682,2025-08-25 00:00:00,94.62,90.79,0,0,0,0,0,0,0,High
3407,S00682,2026-01-19 00:00:00,87.32,97.64,0,0,1,0,0,0,0,High
3408,S00682,2026-06-08 00:00:00,90.69,96.7,0,0,1,0,0,0,0,High
3409,S00682,2026-08-24 00:00:00,75.45,82.16,0,0,2,0,0,0,1,High
3410,S00682,2027-01-18 00:00:00,86.08,94.21,0,0,3,1,0,0,0,High
3411,S00683,2025-08-25 00:00:00,76.73,88.5,0,0,0,0,0,0,0,High
3412,S00683,2026-01-19 00:00:00,82.24,86.07,0,0,2,1,0,0,2,High
3413,S00683,2026-06-08 00:00:00,72.66,80.77,0,0,3,1,0,0,1,Moderate
3414,S00683,2026-08-24 00:00:00,76.4,84.91,0,0,4,1,0,0,1,High
3415,S00683,18-01-2027 00:00,66.73,72.16,0,0,9,3,1,0,4,Moderate
3416,S00684,2025-08-25 00:00:00,88.75,,0,0,0,0,0,0,0,High
3417,S00684,2026-01-19 00:00:00,83.09,88.64,0,0,0,0,0,0,0,High
3418,S00684,2026-06-08 00:00:00,78.89,79.81,0,1,2,1,0,0,2,High
3419,S00684,2026-08-24 00:00:00,80.52,81.35,0,1,2,1,0,0,0,High
3420,S00684,2027-01-18 00:00:00,89.11,88.38,0,1,2,1,0,0,0,High
3421,S00685,2025-08-25 00:00:00,81.11,75.82,0,0,0,0,0,0,0,High
3422,S00685,2026-01-19 00:00:00,83.45,81.18,0,0,0,0,0,0,0,High
3423,S00685,2026-06-08 00:00:00,77.68,78.34,0,0,2,1,0,0,0,High
3424,S00685,2026-08-24 00:00:00,78.83,76.31,0,1,2,1,0,0,0,High
3425,S00685,2027-01-18 00:00:00,79.39,76.87,0,1,3,2,0,0,0,High
3426,S00686,2025-08-25 00:00:00,78.1,84.05,0,0,0,0,0,0,0,High
3427,S00686,2026-01-19 00:00:00,85.15,89.72,0,0,0,0,0,0,0,High
3428,S00686,2026-06-08 00:00:00,87.9,90.3,0,0,0,0,0,0,0,High
3429,S00686,2026-08-24 00:00:00,90.61,92.3,0,0,0,0,0,0,0,
3430,S00686,2027-01-18 00:00:00,88.6,87.47,0,0,0,0,0,0,0,High
3431,S00687,2025-08-25 00:00:00,78.18,73.28,0,0,0,0,0,0,0,High
3432,S00687,2026-01-19 00:00:00,86.48,75.99,0,0,2,1,0,0,0,High
3433,S00687,2026-06-08 00:00:00,77.47,74.85,0,0,5,3,0,0,1,High
3434,S00687,2026-08-24 00:00:00,73.42,74.67,0,0,6,4,0,0,1,Moderate
3435,S00687,2027-01-18 00:00:00,66.8,75.71,0,0,8,5,1,0,1,Moderate
3436,S00688,2025-08-25 00:00:00,81.87,76.74,0,0,0,0,0,0,0,High
3437,S00688,2026-01-19 00:00:00,70.36,66.69,0,0,2,0,1,0,1,Moderate
3438,S00688,2026-06-08 00:00:00,63.2,60.91,1,0,4,2,1,8,2,Moderate
3439,S00688,2026-08-24 00:00:00,53.03,55.22,1,0,7,3,1,8,3,Moderate
3440, S00688 ,2027-01-18 00:00:00,58.42,54.94,1,0,7,3,1,8,0,
3441,S00689,2025-08-25 00:00:00,87.41,89.32,0,0,0,0,0,0,0,High
3442,S00689,2026-01-19 00:00:00,83.3,86.11,0,0,2,1,0,0,0,High
3443,S00689,2026-06-08 00:00:00,71.3,77.9,0,0,4,3,0,0,1,Moderate
3444,S00689,2026-08-24 00:00:00,60.05,54.33,0,0,6,4,1,0,2,Moderate
3445,S00689,2027-01-18 00:00:00,68.25,68.95,0,0,6,4,1,0,0,Moderate
3446, S00690 ,2025-08-25 00:00:00,79.67,80.27,0,0,0,0,0,0,0, High 
3447,S00690,2026-01-19 00:00:00,75.1,75.48,0,0,1,1,0,0,0,High
3448,S00690,2026-06-08 00:00:00,74.88,77.14,0,0,5,4,0,0,4,Moderate
3449,S00690,2026-08-24 00:00:00,64.85,64.53,0,0,7,5,0,0,2,Moderate
3450,S00690,2027-01-18 00:00:00,,81.3,0,0,10,6,0,0,0,Moderate
3451,S00691,2025-08-25 00:00:00,84.92,85.35,0,0,0,0,0,0,0,High
3452,S00691,2026-01-19 00:00:00,89.14,88.72,0,0,0,0,0,0,0,HIGH
3453,S00691,2026-06-08 00:00:00,88.19,84.52,0,0,0,0,0,0,0,High
3454,S00691,2026-08-24 00:00:00,72.7,70.71,1,0,1,0,0,1,1,Moderate
3455,S00691,2027-01-18 00:00:00,76.36,73.0,1,0,3,1,0,1,0,High
3456,S00692,2025-08-25 00:00:00,92.3,95.93,0,0,0,0,0,0,0,High
3457,S00692,2026-01-19 00:00:00,67.18,69.54,1,0,5,1,0,4,3,Moderate
3458,S00692,2026-06-08 00:00:00,62.32,64.97,1,0,8,2,0,4,3,Moderate
3459,S00692,2026-08-24 00:00:00,66.66,72.41,1,0,8,2,0,4,0,Moderate
3460,S00692,2027-01-18 00:00:00,69.4,72.3,1,0,9,3,0,4,0,Moderate
3461,S00693,2025-08-25 00:00:00,84.59,80.21,0,0,0,0,0,0,0,High
3462,S00693,2026-01-19 00:00:00,80.15,88.05,0,1,7,2,0,0,2,High
3463,S00693,2026-06-08 00:00:00,70.03,69.56,0,1,9,3,0,0,2,Moderate
3464,S00693,2026-08-24 00:00:00,61.3,64.36,0,1,13,6,0,0,4,Moderate
3465,S00693,2027-01-18 00:00:00,59.93,57.41,0,1,16,7,0,0,1,Moderate
3466,S00694,2025-08-25 00:00:00,93.88,88.32,0,0,0,0,0,0,0,High
3467,S00694,2026-01-19 00:00:00,68.22,69.26,1,0,1,1,0,15,1,Moderate
3468,S00694,2026-06-08 00:00:00,77.55,75.45,1,0,1,1,0,15,0,High
3469,S00694,2026-08-24 00:00:00,63.91,68.28,1,0,3,1,1,15,2,Moderate
3470,S00694,2027-01-18 00:00:00,68.13,,1,0,3,1,1,15,0,Moderate
3471,S00695,2025-08-25 00:00:00,88.14,88.03,0,0,0,0,0,0,0,High
3472,S00695,2026-01-19 00:00:00,89.2,93.76,0,0,0,0,0,0,0,High
3473,S00695,2026-06-08 00:00:00,84.99,81.57,0,0,0,0,0,0,0,High
3474,S00695,2026-08-24 00:00:00,87.4,86.84,0,0,0,0,0,0,0,High
3475,S00695,18/01/2027 00:00,89.15,87.19,0,0,0,0,0,0,0,High
3476,S00696,2025-08-25 00:00:00,82.61,79.57,0,0,0,0,0,0,0,High
3477,S00696,2026-01-19 00:00:00,70.19,63.72,0,0,2,1,0,0,2,Moderate
3478,S00696,2026-06-08 00:00:00,73.28,73.87,0,0,3,1,0,0,1,Moderate
3479,S00696,2026-08-24 00:00:00,77.96,84.39,0,0,3,1,0,0,0,High
3480,S00696,2027-01-18 00:00:00,71.46,77.35,0,0,5,2,0,0,1,Moderate
3481,S00697,2025-08-25 00:00:00,68.0,70.12,0,0,0,0,0,0,0,Moderate
3482,S00697,2026-01-19 00:00:00,75.1,70.89,0,0,0,0,0,0,0,High
3483,S00697,2026-06-08 00:00:00,69.48,69.3,0,0,2,1,0,0,2,Moderate
3484,S00697,2026-08-24 00:00:00,66.95,68.45,0,0,3,1,0,0,1,Moderate
3485,S00697,2027-01-18 00:00:00,74.08,71.83,0,0,3,1,0,0,0,Moderate
3486,S00698,2025-08-25 00:00:00,98.57,100.0,0,0,0,0,0,0,0,High
3487,S00698,2026-01-19 00:00:00,89.36,93.99,0,0,2,0,0,0,2,High
3488,S00698,2026-06-08 00:00:00,79.79,76.28,0,0,4,50,0,0,2,High
3489,S00698,2026-08-24 00:00:00,85.16,95.38,0,0,4,2,0,0,0,High
3490,S00698,2027-01-18 00:00:00,85.13,89.48,0,0,5,2,1,0,0, High 
3491,S00699,2025-08-25 00:00:00,87.18,85.71,0,0,0,0,0,0,0,High
3492,S00699,2026-01-19 00:00:00,92.7,97.34,0,0,2,0,0,0,2,High
3493,S00699,2026-06-08 00:00:00,81.41,88.4,0,0,5,1,0,0,1,High
3494,S00699,2026-08-24 00:00:00,85.17,94.26,0,0,6,2,0,0,1,High
3495,S00699,2027-01-18 00:00:00,63.42,65.9,0,1,13,2,1,0,5,Moderate
3496,S00700,2025-08-25 00:00:00,88.15,88.64,0,0,0,0,0,0,0,High
3497,S00700,2026-01-19 00:00:00,69.87,70.72,0,0,6,3,0,0,1,Moderate
3498,S00700,2026-06-08 00:00:00,74.97,71.49,0,0,6,3,0,0,0,Moderate
3499,S00700,2026-08-24 00:00:00,80.41,81.46,0,0,6,3,0,0,0,High
3500,S00700,2027-01-18 00:00:00,75.56,72.55,0,0,8,4,0,0,2,High
3501,S00701,2025-08-25 00:00:00,82.28,85.7,0,0,0,0,0,0,0,High
3502,S00701,2026-01-19 00:00:00,80.9,87.92,0,0,1,0,0,0,1,High
3503,S00701,2026-06-08 00:00:00,76.27,80.93,0,0,4,1,1,0,3,High
3504,S00701,2026-08-24 00:00:00,69.47,73.09,0,0,5,1,1,0,1,Moderate
3505,S00701,2027-01-18 00:00:00,75.88,72.05,0,0,5,1,1,0,0,High
3506,S00702,2025-08-25 00:00:00,,76.71,0,0,0,0,0,0,0,High
3507,S00702,2026-01-19 00:00:00,58.97,53.98,1,0,4,3,0,1,1,Moderate
3508,S00702,2026-06-08 00:00:00,62.65,,1,0,-3,3,0,1,0,Moderate
3509,S00702,2026-08-24 00:00:00,43.95,40.78,1,0,6,4,1,1,2,Low
3510,S00702,2027-01-18 00:00:00,54.41,54.09,1,0,6,4,1,1,0,Moderate
3511,S00703,2025-08-25 00:00:00,88.39,87.09,0,0,0,0,0,0,0,High
3512,S00703,2026-01-19 00:00:00,73.28,68.76,0,0,4,2,0,0,2,Moderate
3513,S00703,2026-06-08 00:00:00,69.7,64.07,0,0,6,3,0,0,1,Moderate
3514,S00703,24/08/2026 00:00,68.9,68.08,0,0,8,3,0,0,2,Moderate
3515,S00703,2027-01-18 00:00:00,69.54,61.56,0,1,10,5,0,0,2,Moderate
3516,S00704,2025-08-25 00:00:00,84.04,86.88,0,0,0,0,0,0,0,High
3517,S00704,2026-01-19 00:00:00,74.93,74.86,0,0,6,2,1,0,0,Moderate
3518,S00704,2026-06-08 00:00:00,71.01,63.8,0,1,8,3,1,0,1,Moderate
3519,S00704,2026-08-24 00:00:00,64.13,61.48,0,1,10,3,1,0,2,Moderate
3520, S00704 ,2027-01-18 00:00:00,69.33,68.23,0,1,12,3,1,0,1,Moderate
3521,S00705,2025-08-25 00:00:00,80.11,75.17,0,0,0,0,0,0,0,High
3522,S00705,2026-01-19 00:00:00,70.35,75.22,1,0,1,1,0,6,1,Moderate
3523,S00705,2026-06-08 00:00:00,61.49,62.53,1,0,5,3,0,6,3,Moderate
3524,S00705,2026-08-24 00:00:00,59.16,59.07,1,0,6,3,0,6,1,Moderate
3525,S00705,2027-01-18 00:00:00,56.88,57.23,1,1,7,4,0,6,1,Moderate
3526,S00706,2025-08-25 00:00:00,93.63,97.85,0,0,0,0,0,0,0,High
3527,S00706,2026-01-19 00:00:00,81.98,79.51,0,0,1,0,0,0,1,High
3528,S00706,2026-06-08 00:00:00,74.88,68.4,0,1,5,3,0,0,3,MODERATE
3529,S00706,2026-08-24 00:00:00,74.56,76.73,0,1,5,3,0,0,0,Moderate
3530,S00706,2027-01-18 00:00:00,71.39,65.65,0,1,8,4,0,0,0,Moderate
3531,S00707,2025/08/25 00:00:00,77.17,78.89,0,0,0,0,0,0,0,High
3532,S00707,2026-01-19 00:00:00,65.82,,0,1,2,1,1,-5,0,Moderate
3533,S00707,2026-06-08 00:00:00,64.18,63.33,0,1,3,2,1,0,1,Moderate
3534,S00707,2026-08-24 00:00:00,66.48,60.0,0,1,3,2,1,0,0,Moderate
3535,S00707,2027-01-18 00:00:00,65.61,61.68,0,1,3,2,1,0,0,Moderate
3536,S00708,2025-08-25 00:00:00,88.43,91.74,0,0,0,0,0,0,0,High
3537,S00708,2026-01-19 00:00:00,81.02,82.11,0,0,0,0,0,0,0,High
3538,S00708,2026-06-08 00:00:00,81.82,85.64,0,0,0,0,0,0,0,High
3539,S00708,2026-08-24 00:00:00,77.41,78.84,0,0,2,1,0,0,2,High
3540,S00708,2027-01-18 00:00:00,87.16,78.1,0,0,3,2,0,0,0,High
3541,S00709,2025-08-25 00:00:00,82.69,83.69,0,0,0,0,0,0,0,High
3542,S00709,2026-01-19 00:00:00,74.45,72.54,0,0,2,1,0,0,2,Moderate
3543,S00709,2026-06-08 00:00:00,66.31,66.32,0,1,4,2,0,0,2,Moderate
3544,S00709,2026-08-24 00:00:00,68.27,70.34,0,1,7,3,0,0,3,Moderate
3545,S00709,2027-01-18 00:00:00,66.98,56.6,0,1,10,5,0,0,0,Moderate
3546,S00710,2025-08-25 00:00:00,80.65,77.06,0,0,0,0,0,0,0,High
3547,S00710,2026-01-19 00:00:00,83.94,78.35,0,0,1,1,0,0,0,High
3548,S00710,2026-06-08 00:00:00,78.31,87.1,0,0,2,2,0,0,1,High
3549, S00710 ,2026-08-24 00:00:00,55.7,44.46,1,0,6,3,0,8,4,Moderate
3550,S00710,2027-01-18 00:00:00,42.19,32.56,2,0,11,6,0,12,3,Low
3551,S00711,2025-08-25 00:00:00,93.18,92.68,0,0,0,0,0,0,0,High
3552,S00711,2026-01-19 00:00:00,86.67,93.26,0,0,1,0,0,0,0,High
3553,S00711,2026-06-08 00:00:00,94.38,88.34,0,0,1,0,0,0,0, High 
3554,S00711,2026-08-24 00:00:00,86.13,83.15,0,0,1,0,0,0,0,High
3555,S00711,2027-01-18 00:00:00,89.05,87.79,0,0,4,1,0,0,1,High
3556,S00712,2025-08-25 00:00:00,86.44,76.02,0,0,0,0,0,0,0,High
3557,S00712,2026-01-19 00:00:00,84.84,78.62,0,0,2,1,0,0,0,High
3558,S00712,2026-06-08 00:00:00,76.05,69.99,0,0,5,3,0,0,1,High
3559,S00712,2026-08-24 00:00:00,71.74,72.72,0,1,9,4,1,0,4,Moderate
3560,S00712,2027-01-18 00:00:00,74.31,73.89,0,1,9,4,1,0,0,Moderate
3561,S00713,2025-08-25 00:00:00,86.49,84.06,0,0,0,0,0,0,0,High
3562,S00713,2026-01-19 00:00:00,83.38,74.59,0,1,1,1,0,0,0,High
3563,S00713,2026-06-08 00:00:00,84.25,92.16,0,1,2,2,0,0,0,High
3564,S00713,2026-08-24 00:00:00,78.04,73.03,0,1,3,2,0,0,1,High
3565,S00713,2027-01-18 00:00:00,69.24,65.52,0,1,5,2,1,0,2,Moderate
3566,S00714,2025-08-25 00:00:00,80.77,79.86,0,0,0,0,0,0,0,High
3567,S00714,2026-01-19 00:00:00,80.51,87.35,0,0,0,0,0,0,0,High
3568,S00714,2026-06-08 00:00:00,82.64,90.78,0,0,1,1,0,0,0,High
3569,S00714,2026-08-24 00:00:00,70.62,69.85,0,0,2,2,0,0,1,Moderate
3570,S00714,2027-01-18 00:00:00,79.68,88.92,0,0,2,2,0,0,0,High
3571,S00715,2025-08-25 00:00:00,82.31,81.42,0,0,0,0,0,0,0,High
3572,S00715,2026-01-19 00:00:00,83.16,82.63,0,0,0,0,0,0,0,High
3573,S00715,2026-06-08 00:00:00,83.78,85.52,0,1,4,2,0,0,0,High
3574,S00715,2026-08-24 00:00:00,67.67,65.71,0,1,5,3,0,0,1,Moderate
3575,S00715,2027-01-18 00:00:00,64.19,67.2,0,1,7,5,0,0,1,Moderate
3576,S00716,2025-08-25 00:00:00,93.67,100.0,0,0,0,0,0,0,0,High
3577,S00716,2026-01-19 00:00:00,85.61,84.26,0,0,0,0,0,0,0,High
3578,S00716,2026-06-08 00:00:00,85.46,85.09,0,0,0,0,0,0,0,High
3579,S00716,2026-08-24 00:00:00,64.33,59.01,1,0,3,1,0,4,3,Moderate
3580,S00716,2027-01-18 00:00:00,68.77,71.73,1,1,4,2,0,4,0,Moderate
3581,S00717,2025-08-25 00:00:00,87.46,90.54,0,0,0,0,0,0,0,High
3582,S00717,2026-01-19 00:00:00,78.12,74.15,0,0,4,1,0,0,4,High
3583,S00717,2026-06-08 00:00:00,75.52,75.48,0,0,-3,3,0,0,0,High
3584,S00717,2026-08-24 00:00:00,72.09,80.82,0,0,8,4,0,0,1,Moderate
3585,S00717,2027-01-18 00:00:00,72.1,81.22,0,1,10,6,0,0,1,Moderate
3586,S00718,2025-08-25 00:00:00,92.29,90.38,0,0,0,0,0,0,0,High
3587,S00718,2026-01-19 00:00:00,81.03,75.32,0,0,3,3,0,0,2,High
3588,S00718,2026-06-08 00:00:00,72.18,68.48,0,0,6,4,0,0,3,Moderate
3589,S00718,2026-08-24 00:00:00,73.75,72.87,0,1,6,4,0,0,0,Moderate
3590,S00718,2027-01-18 00:00:00,72.78,70.53,0,1,7,5,0,0,1,Moderate
3591,S00719,2025-08-25 00:00:00,90.65,96.34,0,0,0,0,0,0,0,High
3592,S00719,2026-01-19 00:00:00,82.69,97.31,0,0,1,0,0,0,1,High
3593,S00719,2026-06-08 00:00:00,86.76,86.63,0,0,1,0,0,0,0,High
3594,S00719,2026-08-24 00:00:00,92.4,98.53,0,0,1,0,0,0,0,High
3595,S00719,2027-01-18 00:00:00,79.47,88.2,0,0,3,2,0,0,1,High
3596,S00720,2025-08-25 00:00:00,87.4,83.86,0,0,0,0,0,0,0,High
3597,S00720,2026-01-19 00:00:00,84.92,86.47,0,0,0,0,0,0,0,High
3598,S00720,2026-06-08 00:00:00,60.22,56.55,0,2,7,3,1,0,5,Moderate
3599,S00720,2026-08-24 00:00:00,72.44,76.81,0,2,9,3,1,0,2,Moderate
3600,S00720,2027-01-18 00:00:00,69.57,67.84,0,2,9,3,1,0,0,Moderate
3601,S00721,2025-08-25 00:00:00,85.11,88.3,0,0,0,0,0,0,0,High
3602,S00721,2026-01-19 00:00:00,88.07,88.68,0,0,0,0,0,0,0,High
3603,S00721,2026-06-08 00:00:00,86.11,94.36,0,0,1,0,0,0,0,High
3604,S00721,2026-08-24 00:00:00,81.28,81.0,0,0,2,0,0,0,1,High
3605,S00721,2027-01-18 00:00:00,71.68,70.59,0,0,3,1,0,0,1,Moderate
3606,S00722,2025-08-25 00:00:00,84.02,81.68,0,0,0,0,0,0,0,High
3607,S00722,2026-01-19 00:00:00,74.54,71.74,0,0,1,0,0,0,1,Moderate
3608,S00722,2026-06-08 00:00:00,76.95,71.39,0,0,3,0,0,0,2,High
3609, S00722 ,2026-08-24 00:00:00,90.28,89.38,0,0,3,0,0,0,0,High
3610,S00722,2027-01-18 00:00:00,67.92,63.3,0,1,7,3,0,0,3,Moderate
3611,S00723,2025-08-25 00:00:00,87.66,88.79,0,0,0,0,0,0,0,High
3612,S00723,2026-01-19 00:00:00,83.35,88.15,0,0,0,0,0,0,0,High
3613,S00723,2026-06-08 00:00:00,89.41,95.17,0,0,1,0,0,0,0,high
3614,S00723,2026-08-24 00:00:00,76.2,81.01,0,0,1,0,0,0,0,High
3615,S00723,2027-01-18 00:00:00,80.22,85.94,0,1,4,1,0,0,1,High
3616,S00724,2025-08-25 00:00:00,97.92,99.06,0,0,0,0,0,0,0,high
3617,S00724,2026-01-19 00:00:00,92.36,100.0,0,0,3,1,0,0,0,
3618,S00724,2026-06-08 00:00:00,76.39,82.01,0,0,6,3,1,0,1,High
3619,S00724,2026-08-24 00:00:00,83.24,90.99,0,0,7,3,1,0,1,High
3620,S00724,2027-01-18 00:00:00,56.57,62.21,1,0,10,4,1,6,2,Moderate
3621,S00725,2025-08-25 00:00:00,92.55,89.95,0,0,0,0,0,0,0,High
3622,S00725,2026-01-19 00:00:00,80.54,85.62,0,0,5,3,1,0,4,High
3623,S00725,2026-06-08 00:00:00,73.6,76.01,0,0,5,3,1,0,0,Moderate
3624,S00725,2026-08-24 00:00:00,81.48,84.28,0,0,5,3,1,0,0,High
3625,S00725,2027-01-18 00:00:00,73.89,79.07,0,1,7,5,1,0,1,Moderate
3626,S00726,2025-08-25 00:00:00,79.88,78.96,0,0,0,0,0,0,0,High
3627,S00726,2026-01-19 00:00:00,75.75,74.37,0,0,0,0,0,0,0, High 
3628,S00726,2026-06-08 00:00:00,69.99,69.37,0,0,3,1,0,0,1,Moderate
3629,S00726,2026-08-24 00:00:00,66.65,64.25,0,0,6,1,0,0,3,Moderate
3630,S00726,01/18/2027 00:00,73.27,68.74,0,0,6,1,0,0,0,Moderate
3631,S00727,2025-08-25 00:00:00,86.86,83.82,0,0,0,0,0,0,0,High
3632,S00727,2026-01-19 00:00:00,77.81,75.38,0,0,1,0,0,0,1,High
3633,S00727,2026-06-08 00:00:00,81.28,84.53,0,0,2,1,0,0,1,High
3634,S00727,2026-08-24 00:00:00,71.57,73.7,0,0,3,1,0,0,1,Moderate
3635,S00727,2027-01-18 00:00:00,,80.45,0,0,4,1,0,0,0,High
3636,S00728,2025-08-25 00:00:00,87.76,82.63,0,0,0,0,0,0,0,High
3637,S00728,2026-01-19 00:00:00,75.43,77.07,0,0,1,1,0,0,1,High
3638,S00728,2026-06-08 00:00:00,69.12,70.64,1,0,2,2,0,8,1,Moderate
3639,S00728,2026-08-24 00:00:00,61.26,65.64,1,1,3,2,0,8,1,Moderate
3640,S00728,2027-01-18 00:00:00,39.56,41.33,2,1,7,4,0,16,4,Low
3641,S00729,2025-08-25 00:00:00,83.51,77.72,0,0,0,0,0,0,0,High
3642,S00729,2026-01-19 00:00:00,56.51,62.4,1,0,2,2,0,6,0,Moderate
3643,S00729,2026-06-08 00:00:00,57.71,52.36,1,0,2,2,0,6,0,Moderate
3644,S00729,2026-08-24 00:00:00,52.12,51.0,1,0,5,3,0,6,3,Moderate
3645,S00729,2027-01-18 00:00:00,59.49,59.38,1,0,6,3,0,6,0,Moderate
3646,S00730,2025-08-25 00:00:00,84.4,89.65,0,0,0,0,0,0,0,High
3647,S00730,2026-01-19 00:00:00,74.0,81.75,0,0,3,2,0,0,0,Moderate
3648,S00730,2026-06-08 00:00:00,80.09,78.01,0,0,3,2,0,0,0,High
3649,S00730,2026-08-24 00:00:00,71.24,70.73,0,0,4,3,0,0,1,Moderate
3650,S00730,2027-01-18 00:00:00,53.65,53.02,0,0,8,7,0,0,2,Moderate
3651,S00731,2025-08-25 00:00:00,86.84,93.1,0,0,0,0,0,0,0,High
3652,S00731,2026-01-19 00:00:00,81.18,83.95,0,0,1,1,0,0,1,High
3653,S00731,2026-06-08 00:00:00,80.24,83.26,0,0,2,2,0,0,0,High
3654,S00731,2026-08-24 00:00:00,73.54,72.74,0,0,4,3,0,0,2,Moderate
3655, S00731 ,2027-01-18 00:00:00,80.78,86.25,0,0,4,3,0,0,0,High
3656,S00732,2025-08-25 00:00:00,79.11,,0,0,0,0,0,0,0,High
3657,S00732,2026-01-19 00:00:00,56.78,54.95,1,0,5,1,0,4,5,Moderate
3658,S00732,2026-06-08 00:00:00,65.0,65.38,1,0,5,1,0,4,0,Moderate
3659,S00732,2026-08-24 00:00:00,,44.14,1,0,6,1,0,4,1,Moderate
3660,S00732,2027-01-18 00:00:00,62.2,56.33,1,0,6,1,0,4,0, Moderate 
3661,S00733,2025-08-25 00:00:00,74.2,70.24,0,0,0,0,0,0,0,Moderate
3662,S00733,2026-01-19 00:00:00,66.11,67.78,1,1,2,1,0,4,1,Moderate
3663,S00733,2026-06-08 00:00:00,66.23,68.25,1,1,2,1,0,4,0,Moderate
3664,S00733,2026-08-24 00:00:00,67.02,71.29,1,1,2,1,0,4,0,Moderate
3665,S00733,2027-01-18 00:00:00,64.5,63.2,1,2,3,2,0,4,0,Moderate
3666,S00734,2025-08-25 00:00:00,89.79,90.94,0,0,0,0,0,0,0,High
3667,S00734,2026-01-19 00:00:00,85.33,82.49,0,0,0,0,0,0,0,High
3668,S00734,2026-06-08 00:00:00,73.17,74.3,0,0,1,1,0,0,1,Moderate
3669,S00734,2026-08-24 00:00:00,68.9,65.44,0,0,3,1,0,0,2,Moderate
3670,S00734,2027-01-18 00:00:00,75.67,72.73,0,0,4,2,0,0,0,High
3671,S00735,2025-08-25 00:00:00,83.04,76.66,0,0,0,0,0,0,0,High
3672,S00735,2026-01-19 00:00:00,75.81,78.59,0,0,2,1,0,0,0,High
3673,S00735,2026-06-08 00:00:00,73.89,76.4,0,0,2,1,0,0,0,Moderate
3674,S00735,2026-08-24 00:00:00,76.94,76.69,0,0,3,2,0,0,1,High
3675,S00735,2027-01-18 00:00:00,78.34,80.11,0,0,3,2,0,0,0,High
3676,S00736,2025-08-25 00:00:00,89.18,98.17,0,0,0,0,0,0,0,High
3677,S00736,2026-01-19 00:00:00,78.85,76.36,0,0,0,0,0,0,0,High
3678,S00736,2026-06-08 00:00:00,85.79,92.73,0,0,0,0,0,0,0,High
3679,S00736,2026-08-24 00:00:00,74.59,73.17,0,0,2,1,0,0,2,Moderate
3680,S00736,2027-01-18 00:00:00,80.07,77.91,0,1,2,1,0,0,0,High
3681,S00737,2025-08-25 00:00:00,84.42,78.13,0,0,0,0,0,0,0,High
3682,S00737,2026-01-19 00:00:00,75.14,77.77,0,0,2,2,0,0,0,High
3683,S00737,2026-06-08 00:00:00,79.96,81.56,0,0,2,2,0,0,0,High
3684,S00737,2026-08-24 00:00:00,66.88,68.08,0,1,4,3,0,0,2,Moderate
3685,S00737,2027-01-18 00:00:00,72.23,75.84,0,2,7,4,0,0,0,Moderate
3686,S00738,2025-08-25 00:00:00,88.49,85.84,0,0,0,0,0,0,0,High
3687,S00738,2026-01-19 00:00:00,74.7,73.81,0,0,2,2,0,0,1,Moderate
3688,S00738,2026-06-08 00:00:00,,65.23,0,0,4,3,1,0,2,Moderate
3689,S00738,2026-08-24 00:00:00,56.46,53.92,0,0,7,5,1,0,3,Moderate
3690,S00738,2027-01-18 00:00:00,64.81,66.71,0,0,8,6,1,0,1,Moderate
3691,S00739,2025-08-25 00:00:00,85.55,84.41,0,0,0,0,0,0,0,High
3692,S00739,2026-01-19 00:00:00,71.61,73.93,0,0,0,0,0,0,0,Moderate
3693,S00739,2026-06-08 00:00:00,79.67,81.15,0,0,1,0,0,0,1,High
3694,S00739,2026-08-24 00:00:00,69.29,67.29,0,0,3,1,0,0,2,Moderate
3695,S00739,2027-01-18 00:00:00,73.24,76.33,0,0,3,1,0,0,0,Moderate
3696,S00740,2025-08-25 00:00:00,98.77,99.82,0,0,0,0,0,0,0,High
3697,S00740,2026-01-19 00:00:00,82.76,82.69,0,0,0,0,0,0,0,HIGH
3698,S00740,2026-06-08 00:00:00,93.82,94.28,0,0,0,0,0,0,0,High
3699,S00740,2026-08-24 00:00:00,94.4,100.0,0,0,0,0,0,0,0,High
3700,S00740,2027-01-18 00:00:00,81.83,87.56,0,0,0,0,0,0,0,High
3701,S00741,2025-08-25 00:00:00,91.26,93.98,0,0,0,0,0,0,0,High
3702,S00741,2026-01-19 00:00:00,84.43,87.31,0,0,0,0,0,0,0,High
3703,S00741,2026-06-08 00:00:00,72.27,74.25,0,0,3,2,0,0,3,Moderate
3704,S00741,2026-08-24 00:00:00,70.26,67.92,0,0,6,4,0,0,3,Moderate
3705,S00741,2027-01-18 00:00:00,74.57,72.56,0,0,6,4,0,0,0,Moderate
3706,S00742,2025-08-25 00:00:00,96.02,,0,0,0,0,0,0,0,High
3707,S00742,2026-01-19 00:00:00,83.4,85.71,0,0,2,0,0,0,1,High
3708,S00742,2026-06-08 00:00:00,89.87,86.87,0,0,2,0,0,0,0,High
3709,S00742,2026-08-24 00:00:00,75.79,75.75,0,0,5,1,0,0,3,High
3710,S00742,2027-01-18 00:00:00,67.24,67.26,0,0,7,1,1,0,2,Moderate
3711,S00743,2025-08-25 00:00:00,85.42,,0,0,0,0,0,0,0,High
3712,S00743,2026-01-19 00:00:00,72.12,73.28,0,1,4,2,0,0,2,Moderate
3713,S00743,2026-06-08 00:00:00,64.68,64.93,0,1,8,4,1,0,4,Moderate
3714,S00743,2026-08-24 00:00:00,66.7,62.67,0,1,8,4,1,0,0,Moderate
3715,S00743,2027-01-18 00:00:00,67.62,65.86,0,1,8,4,1,0,0,Moderate
3716,S00744,2025-08-25 00:00:00,82.47,72.42,0,0,0,0,0,0,0,High
3717,S00744,2026-01-19 00:00:00,73.55,77.24,0,0,3,1,0,0,1, Moderate 
3718,S00744,2026-06-08 00:00:00,81.94,80.57,0,0,3,1,0,0,0,High
3719,S00744,2026-08-24 00:00:00,81.42,85.66,0,0,3,1,0,0,0,High
3720,S00744,2027-01-18 00:00:00,73.95,73.98,0,0,5,3,0,0,0,Moderate
3721,S00745,2025-08-25 00:00:00,85.96,95.19,0,0,0,0,0,0,0,High
3722,S00745,2026-01-19 00:00:00,79.26,80.28,0,1,4,2,0,0,3,High
3723,S00745,2026-06-08 00:00:00,77.11,83.31,0,1,6,4,0,0,2,High
3724,S00745,2026-08-24 00:00:00,58.72,64.08,0,1,10,6,0,0,4,Moderate
3725,S00745,2027-01-18 00:00:00,54.5,60.48,0,1,15,8,0,0,4,Moderate
3726,S00746,2025-08-25 00:00:00,92.58,88.99,0,0,0,0,0,0,0,High
3727,S00746,2026-01-19 00:00:00,93.93,92.71,0,0,0,0,0,0,0,High
3728,S00746,2026-06-08 00:00:00,46.93,47.71,1,0,7,4,0,15,4,Low
3729,S00746,2026-08-24 00:00:00,49.86,57.64,1,0,9,5,0,15,2,Low
3730,S00746,2027-01-18 00:00:00,56.31,58.28,1,0,9,5,0,15,0,Moderate
3731,S00747,2025-08-25 00:00:00,89.25,82.91,0,0,0,0,0,0,0,High
3732,S00747,2026-01-19 00:00:00,97.23,100.0,0,0,0,0,0,0,0,High
3733,S00747,2026-06-08 00:00:00,81.98,82.71,0,1,0,0,0,0,0,High
3734,S00747,2026-08-24 00:00:00,89.86,90.27,0,1,0,0,0,0,0,High
3735,S00747,2027-01-18 00:00:00,90.85,83.89,0,1,0,0,0,0,0,High
3736,S00748,2025-08-25 00:00:00,95.57,91.39,0,0,0,0,0,0,0,High
3737,S00748,2026-01-19 00:00:00,83.95,83.33,0,0,3,1,0,0,3,High
3738,S00748,2026-06-08 00:00:00,82.31,86.86,0,0,5,2,0,0,2,High
3739,S00748,2026-08-24 00:00:00,82.41,82.82,0,0,6,3,0,0,1,High
3740,S00748,2027-01-18 00:00:00,82.3,81.22,0,0,7,3,0,0,1,High
3741,S00749,2025-08-25 00:00:00,87.59,92.18,0,0,0,0,0,0,0,High
3742,S00749,2026-01-19 00:00:00,89.18,90.53,0,0,1,0,0,0,1,High
3743,S00749,2026-06-08 00:00:00,81.71,86.38,0,0,3,1,0,0,1,High
3744,S00749,2026-08-24 00:00:00,91.73,95.97,0,0,3,1,0,0,0,High
3745,S00749,2027-01-18 00:00:00,91.64,90.86,0,0,3,1,0,0,0,High
3746,S00750,2025-08-25 00:00:00,89.92,90.44,0,0,0,0,0,0,0,High
3747,S00750,2026-01-19 00:00:00,87.85,89.31,0,0,0,0,0,0,0,High
3748,S00750,2026-06-08 00:00:00,91.77,83.89,0,0,0,0,0,0,0,High
3749,S00750,2026-08-24 00:00:00,87.44,84.67,0,0,0,0,0,0,0,High
3750,S00750,2027-01-18 00:00:00,81.36,83.31,0,0,0,0,0,0,0,High
3751,S00751,2025-08-25 00:00:00,81.33,89.56,0,0,0,0,0,0,0,High
3752,S00751,2026-01-19 00:00:00,84.53,87.95,0,0,0,0,0,0,0,High
3753,S00751,2026-06-08 00:00:00,81.79,84.28,0,0,1,1,0,0,1,high
3754,S00751,2026-08-24 00:00:00,77.39,78.67,0,0,3,2,0,0,2,High
3755,S00751,2027-01-18 00:00:00,80.76,90.76,0,0,3,2,0,0,0,High
3756,S00752,2025-08-25 00:00:00,92.17,91.79,0,0,0,0,0,0,0,High
3757,S00752,2026-01-19 00:00:00,80.79,74.35,0,0,1,1,0,0,1, High 
3758,S00752,2026-06-08 00:00:00,68.64,76.49,1,0,3,2,0,1,2,Moderate
3759,S00752,2026-08-24 00:00:00,64.36,65.55,1,0,3,2,0,1,0,Moderate
3760,S00752,2027-01-18 00:00:00,69.09,74.42,1,0,4,3,0,1,0,Moderate
3761,S00753,2025-08-25 00:00:00,85.33,86.3,0,0,0,0,0,0,0,High
3762,S00753,2026-01-19 00:00:00,61.25,56.2,1,0,3,1,0,15,3,Moderate
3763,S00753,2026-06-08 00:00:00,53.32,55.18,2,0,4,1,0,23,1,Moderate
3764,S00753,2026-08-24 00:00:00,55.39,60.5,2,0,5,2,0,23,1,Moderate
3765,S00753,2027-01-18 00:00:00,45.7,46.51,2,0,5,2,0,23,0,Low
3766,S00754,2025-08-25 00:00:00,76.53,76.74,0,0,0,0,0,0,0,High
3767,S00754,2026-01-19 00:00:00,53.09,51.45,1,0,7,3,0,8,1,Moderate
3768,S00754,2026-06-08 00:00:00,50.57,61.07,1,0,10,4,1,8,1,Moderate
3769,S00754,2026-08-24 00:00:00,56.02,55.04,1,0,11,4,1,8,1,Moderate
3770,S00754,2027-01-18 00:00:00,57.88,67.63,1,0,11,4,1,8,0,Moderate
3771,S00755,2025-08-25 00:00:00,80.6,71.77,0,0,0,0,0,0,0,High
3772,S00755,2026-01-19 00:00:00,68.43,67.42,0,0,5,2,0,0,1,Moderate
3773,S00755,2026-06-08 00:00:00,62.62,66.56,0,0,7,3,1,0,0,Moderate
3774,S00755,2026-08-24 00:00:00,62.44,61.4,0,0,9,5,1,0,2,Moderate
3775,S00755,2027-01-18 00:00:00,67.54,67.76,0,0,10,5,1,0,0,Moderate
3776,S00756,2025-08-25 00:00:00,80.65,77.88,0,0,0,0,0,0,0,High
3777,S00756,2026-01-19 00:00:00,82.19,81.46,0,0,0,0,0,0,0,High
3778,S00756,2026-06-08 00:00:00,86.52,,0,0,0,0,0,0,0,High
3779,S00756,2026-08-24 00:00:00,87.53,90.75,0,1,0,0,0,0,0,High
3780,S00756,2027-01-18 00:00:00,72.98,72.48,1,1,3,1,0,1,0,Moderate
3781,S00757,2025-08-25 00:00:00,97.55,98.12,0,0,0,0,0,0,0,High
3782, S00757 ,2026-01-19 00:00:00,85.79,96.11,0,0,2,2,0,0,1,High
3783,S00757,2026-06-08 00:00:00,78.11,77.29,0,0,3,2,0,0,1,High
3784,S00757,2026-08-24 00:00:00,84.37,84.15,0,0,4,3,0,0,1,High
3785,S00757,2027-01-18 00:00:00,78.58,85.47,0,0,6,50,0,0,0,
3786,S00758,2025-08-25 00:00:00,83.49,77.4,0,0,0,0,0,0,0,
3787,S00758,2026-01-19 00:00:00,91.3,85.83,0,0,0,0,0,0,0,High
3788,S00758,2026-06-08 00:00:00,82.31,84.54,0,0,4,3,0,0,1,High
3789,S00758,2026-08-24 00:00:00,68.89,70.18,0,0,7,4,1,0,3,Moderate
3790,S00758,2027-01-18 00:00:00,77.53,79.43,0,0,9,5,1,0,1,High
3791,S00759,2025-08-25 00:00:00,88.85,86.2,0,0,0,0,0,0,0,High
3792,S00759,2026-01-19 00:00:00,71.79,74.21,0,0,3,2,0,0,2,Moderate
3793,S00759,2026-06-08 00:00:00,72.87,69.27,0,0,5,4,0,0,2,Moderate
3794,S00759,2026-08-24 00:00:00,62.22,60.36,0,0,8,7,0,0,3,Moderate
3795,S00759,2027-01-18 00:00:00,62.77,60.01,0,0,9,8,0,0,0,Moderate
3796,S00760,2025-08-25 00:00:00,80.43,72.57,0,0,0,0,0,0,0,High
3797,S00760,2026-01-19 00:00:00,86.08,90.2,0,0,0,0,0,0,0,High
3798,S00760,2026-06-08 00:00:00,77.76,80.46,0,1,0,0,0,0,0,High
3799,S00760,2026-08-24 00:00:00,77.34,73.75,0,2,2,0,0,0,2,High
3800,S00760,2027-01-18 00:00:00,82.44,80.26,0,2,2,0,0,0,0,High
3801,S00761,2025-08-25 00:00:00,81.09,81.17,0,0,0,0,0,0,0,High
3802,S00761,2026-01-19 00:00:00,59.36,60.5,0,0,5,2,0,0,4,Moderate
3803,S00761,2026-06-08 00:00:00,71.52,75.15,0,0,5,2,0,0,0,Moderate
3804,S00761,2026-08-24 00:00:00,72.9,75.98,0,0,6,2,0,0,1, Moderate 
3805,S00761,2027-01-18 00:00:00,69.25,67.07,0,1,9,4,0,0,1,Moderate
3806,S00762,2025-08-25 00:00:00,91.43,92.69,0,0,0,0,0,0,0,
3807,S00762,2026-01-19 00:00:00,97.07,100.0,0,1,1,1,0,0,0,High
3808,S00762,2026-06-08 00:00:00,70.48,78.53,0,2,5,2,0,0,2,Moderate
3809,S00762,2026-08-24 00:00:00,75.95,80.91,0,2,6,3,0,0,1,High
3810,S00762,2027-01-18 00:00:00,81.82,91.32,0,2,6,3,0,0,0,High
3811,S00763,2025-08-25 00:00:00,85.62,79.98,0,0,0,0,0,0,0,High
3812,S00763,2026-01-19 00:00:00,86.99,84.98,0,0,0,0,0,0,0,High
3813,S00763,2026-06-08 00:00:00,67.44,67.73,0,0,3,1,1,0,1,Moderate
3814,S00763,2026-08-24 00:00:00,70.73,72.37,0,0,3,1,1,0,0,Moderate
3815,S00763,2027-01-18 00:00:00,81.11,77.55,0,0,5,1,1,0,0,High
3816,S00764,2025-08-25 00:00:00,85.24,,0,0,0,0,0,0,0,High
3817,S00764,2026-01-19 00:00:00,83.91,89.43,0,0,0,0,0,0,0,High
3818,S00764,2026-06-08 00:00:00,84.63,84.58,0,0,1,1,0,0,0,High
3819,S00764,2026-08-24 00:00:00,82.05,81.09,0,0,1,1,0,0,0,High
3820,S00764,2027-01-18 00:00:00,84.61,80.72,0,0,1,1,0,0,0,High
3821,S00765,2025-08-25 00:00:00,70.8,56.6,0,0,0,0,0,0,0,Moderate
3822,S00765,2026-01-19 00:00:00,70.75,65.02,0,0,0,0,0,0,0,Moderate
3823,S00765,2026-06-08 00:00:00,65.89,59.74,0,0,2,1,0,0,2,Moderate
3824,S00765,2026-08-24 00:00:00,64.05,61.69,0,0,5,3,0,0,3,Moderate
3825,S00765,2027-01-18 00:00:00,69.29,67.41,0,0,5,3,0,0,0,Moderate
3826,S00766,2025-08-25 00:00:00,76.41,76.18,0,0,0,0,0,0,0,High
3827,S00766,2026-01-19 00:00:00,62.14,61.22,0,0,6,3,1,0,3,Moderate
3828,S00766,2026-06-08 00:00:00,66.03,62.49,0,1,8,4,1,0,0,Moderate
3829,S00766,2026-08-24 00:00:00,54.63,46.36,0,1,11,5,1,0,3,Moderate
3830,S00766,2027-01-18 00:00:00,60.87,61.92,0,1,11,5,1,0,0,Moderate
3831,S00767,2025-08-25 00:00:00,78.04,82.7,0,0,0,0,0,0,0,High
3832,S00767,2026-01-19 00:00:00,72.97,73.69,0,0,2,2,0,0,0,Moderate
3833,S00767,2026-06-08 00:00:00,65.44,73.92,0,1,6,4,0,0,3,Moderate
3834,S00767,2026-08-24 00:00:00,67.92,68.54,0,1,7,5,0,0,1,Moderate
3835,S00767,2027/01/18 00:00:00,62.78,63.02,0,1,8,5,0,0,1,Moderate
3836,S00768,2025-08-25 00:00:00,83.16,77.07,0,0,0,0,0,0,0,High
3837,S00768,2026-01-19 00:00:00,77.61,84.79,0,0,2,0,0,0,2,High
3838,S00768,2026-06-08 00:00:00,72.45,76.49,0,0,6,3,0,0,4,Moderate
3839,S00768,2026-08-24 00:00:00,69.81,76.85,0,0,7,4,0,0,1,Moderate
3840,S00768,2027-01-18 00:00:00,73.23,73.65,0,0,7,4,0,0,0,Moderate
3841,S00769,2025-08-25 00:00:00,90.45,91.99,0,0,0,0,0,0,0,High
3842,S00769,2026-01-19 00:00:00,83.66,85.47,0,0,0,0,0,0,0,High
3843,S00769,2026-06-08 00:00:00,82.66,76.26,0,0,1,0,0,0,0,High
3844,S00769,08/24/2026 00:00,79.47,82.48,0,0,4,1,0,0,3,high
3845,S00769,2027-01-18 00:00:00,82.28,81.0,0,0,4,1,0,0,0,High
3846,S00770,2025-08-25 00:00:00,85.01,84.28,0,0,0,0,0,0,0,High
3847,S00770,2026-01-19 00:00:00,93.43,87.76,0,0,0,0,0,0,0,High
3848,S00770,2026-06-08 00:00:00,71.82,76.75,0,0,4,2,1,0,4,Moderate
3849,S00770,2026-08-24 00:00:00,76.71,77.38,0,0,4,2,1,0,0,High
3850,S00770,2027-01-18 00:00:00,65.38,68.47,1,0,5,2,1,1,0,Moderate
3851,S00771,2025-08-25 00:00:00,77.56,83.63,0,0,0,0,0,0,0,high
3852,S00771,2026-01-19 00:00:00,78.38,80.81,0,0,0,0,0,0,0,High
3853,S00771,2026-06-08 00:00:00,64.82,63.22,0,0,3,1,0,0,3,Moderate
3854,S00771,2026-08-24 00:00:00,75.5,77.1,0,0,3,1,0,0,0,High
3855,S00771,2027-01-18 00:00:00,83.86,91.05,0,0,3,1,0,0,0,High
3856,S00772,2025-08-25 00:00:00,79.4,84.48,0,0,0,0,0,0,0,High
3857,S00772,2026-01-19 00:00:00,82.2,80.24,0,0,0,0,0,0,0,High
3858,S00772,2026-06-08 00:00:00,,80.1,0,0,1,0,0,0,1,High
3859,S00772,2026-08-24 00:00:00,68.13,,0,1,4,2,0,0,3,Moderate
3860,S00772,2027-01-18 00:00:00,69.55,69.06,0,1,5,2,1,0,0,Moderate
3861,S00773,2025-08-25 00:00:00,83.4,75.8,0,0,0,0,0,0,0,High
3862,S00773,2026-01-19 00:00:00,84.69,89.63,0,0,0,0,0,0,0,High
3863,S00773,2026-06-08 00:00:00,77.44,84.53,0,0,1,0,0,0,1,High
3864,S00773,2026-08-24 00:00:00,86.07,88.68,0,0,1,0,0,0,0,High
3865,S00773,2027-01-18 00:00:00,74.52,78.72,0,0,3,1,1,0,2,Moderate
3866,S00774,2025-08-25 00:00:00,80.31,71.64,0,0,0,0,0,0,0,High
3867,S00774,2026-01-19 00:00:00,73.62,68.73,0,0,1,1,0,0,1,Moderate
3868,S00774,2026-06-08 00:00:00,65.45,61.73,0,1,4,1,0,0,3,Moderate
3869,S00774,2026-08-24 00:00:00,67.73,58.13,0,1,7,2,0,0,3,Moderate
3870,S00774,2027-01-18 00:00:00,77.09,74.79,0,1,8,2,0,0,1,High
3871,S00775,2025-08-25 00:00:00,87.74,88.83,0,0,0,0,0,0,0,High
3872,S00775,2026-01-19 00:00:00,88.3,93.27,0,0,0,0,0,0,0,High
3873,S00775,2026-06-08 00:00:00,81.81,88.66,0,0,1,1,0,0,1,High
3874,S00775,2026-08-24 00:00:00,78.31,80.16,0,0,2,1,0,0,1,High
3875,S00775,2027-01-18 00:00:00,83.17,86.31,0,0,5,2,0,0,3,
3876,S00776,2025-08-25 00:00:00,83.8,83.35,0,0,0,0,0,0,0,High
3877,S00776,2026-01-19 00:00:00,60.08,61.71,1,0,6,2,1,6,4,Moderate
3878,S00776,2026-06-08 00:00:00,52.74,56.21,1,0,7,3,1,6,1,Moderate
3879,S00776,2026-08-24 00:00:00,58.73,66.32,1,0,8,4,1,6,1,Moderate
3880,S00776,2027-01-18 00:00:00,52.09,51.43,2,0,8,4,1,10,0,Moderate
3881,S00777,2025-08-25 00:00:00,100.0,100.0,0,0,0,0,0,0,0,High
3882,S00777,2026-01-19 00:00:00,92.55,97.61,0,0,0,0,0,0,0,High
3883, S00777 ,2026-06-08 00:00:00,89.09,96.27,0,0,3,1,0,0,1,High
3884,S00777,2026-08-24 00:00:00,78.66,74.21,0,0,7,3,1,0,4,High
3885,S00777,2027-01-18 00:00:00,76.44,77.32,0,0,8,3,1,0,1,High
3886,S00778,2025-08-25 00:00:00,92.31,92.43,0,0,0,0,0,0,0,High
3887,S00778,2026-01-19 00:00:00,90.62,91.95,0,0,0,0,0,0,0,High
3888,S00778,2026-06-08 00:00:00,86.14,93.32,0,0,2,0,0,0,1,High
3889,S00778,2026-08-24 00:00:00,79.19,,0,1,3,1,0,0,1,High
3890,S00778,2027-01-18 00:00:00,90.31,100.0,0,1,3,1,0,0,0,High
3891,S00779,2025-08-25 00:00:00,92.0,96.39,0,0,0,0,0,0,0,High
3892,S00779,2026-01-19 00:00:00,93.36,100.0,0,0,1,1,0,0,0,High
3893,S00779,2026-06-08 00:00:00,90.34,97.41,0,0,1,1,0,0,0,High
3894,S00779,2026-08-24 00:00:00,96.03,99.07,0,0,1,1,0,0,0,High
3895,S00779,2027-01-18 00:00:00,86.73,90.84,0,0,2,1,1,0,0,High
3896,S00780,2025-08-25 00:00:00,91.74,,0,0,0,0,0,0,0,High
3897,S00780,2026-01-19 00:00:00,85.68,89.11,0,0,1,1,0,0,0,High
3898,S00780,2026-06-08 00:00:00,82.61,86.7,0,0,1,1,0,0,0,High
3899, S00780 ,2026-08-24 00:00:00,80.89,84.49,0,0,2,2,0,0,1,High
3900,S00780,2027-01-18 00:00:00,69.82,70.61,0,1,4,4,0,0,0,Moderate
3901,S00781,2025-08-25 00:00:00,83.33,86.36,0,0,0,0,0,0,0,High
3902,S00781,2026-01-19 00:00:00,85.69,89.14,0,0,0,0,0,0,0,High
3903,S00781,08/06/2026 00:00,70.61,67.01,0,1,3,2,0,0,3,Moderate
3904,S00781,2026-08-24 00:00:00,63.8,62.38,0,1,8,3,0,0,5,Moderate
3905,S00781,2027-01-18 00:00:00,62.51,71.43,0,1,11,5,0,0,3,Moderate
3906,S00782,2025-08-25 00:00:00,88.36,88.03,0,0,0,0,0,0,0,High
3907,S00782,2026-01-19 00:00:00,83.19,82.77,0,0,0,0,0,0,0,High
3908,S00782,2026-06-08 00:00:00,77.0,80.73,0,0,2,1,0,0,2,High
3909,S00782,2026-08-24 00:00:00,71.19,68.14,0,0,5,3,0,0,3,Moderate
3910,S00782,2027-01-18 00:00:00,62.57,63.7,0,0,7,3,1,0,2,Moderate
3911,S00783,2025-08-25 00:00:00,82.08,83.25,0,0,0,0,0,0,0,High
3912,S00783,2026-01-19 00:00:00,85.06,89.1,0,0,3,1,0,0,0,High
3913,S00783,2026-06-08 00:00:00,76.41,78.6,0,1,5,2,0,0,2,High
3914,S00783,2026-08-24 00:00:00,54.03,52.81,1,1,8,2,0,15,3,Moderate
3915,S00783,2027-01-18 00:00:00,54.48,49.85,1,1,8,2,0,15,0,Moderate
3916,S00784,2025-08-25 00:00:00,81.05,84.35,0,0,0,0,0,0,0,High
3917,S00784,2026-01-19 00:00:00,82.88,82.83,0,0,3,1,0,0,0,High
3918,S00784,2026-06-08 00:00:00,79.48,84.9,0,0,3,1,0,0,0,High
3919,S00784,2026-08-24 00:00:00,68.3,67.02,0,0,5,2,0,0,2,Moderate
3920,S00784,2027-01-18 00:00:00,65.45,67.94,0,0,8,4,0,0,1,Moderate
3921, S00785 ,2025-08-25 00:00:00,79.49,85.85,0,0,0,0,0,0,0,High
3922,S00785,2026-01-19 00:00:00,88.43,96.06,0,0,0,0,0,0,0,High
3923,S00785,2026-06-08 00:00:00,88.12,95.01,0,0,1,0,0,0,0,High
3924,S00785,2026-08-24 00:00:00,79.29,85.09,0,0,1,0,0,0,0,High
3925,S00785,2027-01-18 00:00:00,71.23,64.67,0,0,2,1,0,0,1,Moderate
3926,S00786,2025-08-25 00:00:00,79.02,74.41,0,0,0,0,0,0,0,High
3927,S00786,2026-01-19 00:00:00,58.74,43.44,1,0,1,1,0,1,1,Moderate
3928,S00786,08/06/2026 00:00,64.07,66.51,1,0,3,3,0,1,0, Moderate 
3929,S00786,2026-08-24 00:00:00,34.71,31.73,2,1,6,5,0,2,3,Low
3930,S00786,2027-01-18 00:00:00,,45.57,2,1,7,5,0,2,0,Low
3931,S00787,2025-08-25 00:00:00,77.27,72.89,0,0,0,0,0,0,0,High
3932,S00787,2026-01-19 00:00:00,65.11,63.67,0,1,3,1,0,0,1,Moderate
3933,S00787,2026-06-08 00:00:00,72.88,78.05,0,1,5,2,0,0,2,Moderate
3934,S00787,2026-08-24 00:00:00,69.11,57.52,0,1,5,2,0,0,0,Moderate
3935,S00787,2027-01-18 00:00:00,66.93,62.71,0,1,6,2,0,0,1,Moderate
3936,S00788,2025-08-25 00:00:00,97.21,93.73,0,0,0,0,0,0,0,High
3937,S00788,2026-01-19 00:00:00,80.51,81.23,0,0,2,1,0,0,0,High
3938,S00788,2026-06-08 00:00:00,89.07,91.23,0,0,3,1,0,0,0,High
3939,S00788,2026-08-24 00:00:00,76.36,77.18,0,0,5,2,0,0,2,high
3940,S00788,2027-01-18 00:00:00,77.21,79.83,0,1,7,3,0,0,2,High
3941,S00789,2025-08-25 00:00:00,90.57,97.1,0,0,0,0,0,0,0,High
3942,S00789,2026-01-19 00:00:00,87.29,91.11,0,0,1,1,0,0,0,High
3943,S00789,2026-06-08 00:00:00,84.66,86.18,0,0,1,1,0,0,0,High
3944,S00789,2026-08-24 00:00:00,88.22,94.29,0,0,1,1,0,0,0,High
3945,S00789,01/18/2027 00:00,77.67,81.57,0,0,3,2,1,0,2,High
3946,S00790,2025-08-25 00:00:00,89.69,88.13,0,0,0,0,0,0,0,High
3947,S00790,2026-01-19 00:00:00,65.89,71.25,0,1,3,1,0,0,0,Moderate
3948,S00790,2026-06-08 00:00:00,70.74,71.6,0,1,4,1,0,0,1,Moderate
3949,S00790,2026-08-24 00:00:00,81.84,85.46,0,1,4,1,0,0,0,High
3950,S00790,2027-01-18 00:00:00,79.3,85.19,0,1,5,2,0,0,0,High
3951,S00791,2025-08-25 00:00:00,93.98,99.21,0,0,0,0,0,0,0,High
3952,S00791,2026-01-19 00:00:00,86.57,88.22,0,0,2,1,0,0,2,High
3953,S00791,2026-06-08 00:00:00,90.33,88.51,0,0,3,1,0,0,0,High
3954,S00791,2026-08-24 00:00:00,89.72,97.05,0,0,4,1,0,0,1,High
3955,S00791,2027-01-18 00:00:00,75.3,78.91,0,0,7,2,0,0,2,High
3956,S00792,2025-08-25 00:00:00,81.2,88.67,0,0,0,0,0,0,0,High
3957, S00792 ,2026-01-19 00:00:00,,80.57,0,0,3,1,0,0,3,High
3958,S00792,2026-06-08 00:00:00,65.11,63.81,0,0,8,3,1,0,5,Moderate
3959,S00792,2026-08-24 00:00:00,58.82,57.07,0,0,10,4,2,0,2,Moderate
3960,S00792,2027-01-18 00:00:00,57.04,55.7,0,0,12,4,3,0,0,Moderate
3961,S00793,2025-08-25 00:00:00,71.21,74.74,0,0,0,0,0,0,0,Moderate
3962,S00793,2026-01-19 00:00:00,72.49,74.01,0,0,4,2,0,0,0,Moderate
3963,S00793,2026-06-08 00:00:00,53.4,51.42,0,1,10,6,0,0,6,Moderate
3964,S00793,2026-08-24 00:00:00,67.2,69.92,0,1,10,6,0,0,0,Moderate
3965,S00793,2027-01-18 00:00:00,,29.72,1,1,14,9,0,8,2,Low
3966,S00794,2025-08-25 00:00:00,81.71,82.15,0,0,0,0,0,0,0,High
3967,S00794,2026-01-19 00:00:00,73.84,65.41,0,1,2,2,0,0,1,Moderate
3968,S00794,2026-06-08 00:00:00,72.65,73.25,0,1,2,2,0,0,0,Moderate
3969,S00794,2026-08-24 00:00:00,65.83,65.64,0,2,3,3,0,0,1,Moderate
3970,S00794,2027-01-18 00:00:00,70.08,69.43,0,2,5,4,0,0,2,Moderate
3971,S00795,2025-08-25 00:00:00,86.95,92.01,0,0,0,0,0,0,0,High
3972,S00795,2026-01-19 00:00:00,88.6,86.58,0,0,0,0,0,0,0,High
3973,S00795,2026-06-08 00:00:00,79.02,77.26,0,0,2,0,1,0,2,High
3974,S00795,2026-08-24 00:00:00,91.73,93.9,0,0,2,0,1,0,0,High
3975,S00795,2027-01-18 00:00:00,87.3,86.01,0,0,2,0,1,0,0,High
3976,S00796,2025-08-25 00:00:00,88.85,,0,0,0,0,0,0,0,High
3977,S00796,2026-01-19 00:00:00,82.91,86.16,0,0,1,1,0,0,1,High
3978,S00796,2026-06-08 00:00:00,79.46,85.92,0,0,2,1,0,0,1,High
3979,S00796,2026-08-24 00:00:00,80.57,82.32,0,0,4,2,0,0,2,High
3980,S00796,2027-01-18 00:00:00,74.31,78.64,0,1,5,3,0,0,1,Moderate
3981,S00797,2025-08-25 00:00:00,90.51,88.76,0,0,0,0,0,0,0,High
3982,S00797,2026-01-19 00:00:00,83.71,,0,0,3,1,0,0,0,High
3983,S00797,2026-06-08 00:00:00,82.3,86.58,0,0,3,1,0,0,0,High
3984,S00797,2026-08-24 00:00:00,81.5,87.26,0,0,4,2,0,0,1,High
3985,S00797,2027-01-18 00:00:00,68.16,64.75,0,1,6,4,0,0,1,Moderate
3986,S00798,2025-08-25 00:00:00,83.9,83.1,0,0,0,0,0,0,0,High
3987,S00798,2026-01-19 00:00:00,77.68,77.67,0,0,0,0,0,0,0,high
3988,S00798,2026-06-08 00:00:00,80.1,,0,0,0,0,0,0,0,High
3989,S00798,2026-08-24 00:00:00,67.75,64.69,0,0,2,1,0,0,2,Moderate
3990,S00798,2027-01-18 00:00:00,78.53,74.63,0,0,2,1,0,0,0,High
3991,S00799,2025-08-25 00:00:00,94.74,99.97,0,0,0,0,0,0,0,High
3992,S00799,2026-01-19 00:00:00,73.21,71.78,0,0,5,1,1,0,5,Moderate
3993,S00799,2026-06-08 00:00:00,84.26,91.16,0,0,5,1,1,0,0,High
3994,S00799,2026-08-24 00:00:00,82.1,82.26,0,0,7,2,2,0,2,High
3995,S00799,2027-01-18 00:00:00,69.09,71.5,0,0,9,3,2,0,0,Moderate
3996,S00800,2025-08-25 00:00:00,87.55,84.5,0,0,0,0,0,0,0,High
3997,S00800,2026-01-19 00:00:00,80.12,76.22,0,0,0,0,0,0,0,High
3998,S00800,2026-06-08 00:00:00,84.4,86.67,0,0,1,1,0,0,0,High
3999,S00800,2026-08-24 00:00:00,89.03,89.15,0,0,1,1,0,0,0,High
4000,S00800,2027-01-18 00:00:00,87.19,90.15,0,0,1,1,0,0,0,High
4001,S00801,2025-08-25 00:00:00,94.83,97.22,0,0,0,0,0,0,0,High
4002,S00801,2026-01-19 00:00:00,84.08,86.65,0,0,4,3,0,0,2,High
4003, S00801 ,2026-06-08 00:00:00,87.77,88.62,0,0,4,3,0,0,0,High
4004,S00801,2026-08-24 00:00:00,85.27,86.75,0,0,4,3,0,0,0,High
4005,S00801,18/01/2027 00:00,82.33,87.73,0,0,4,3,0,0,0, High 
4006,S00802,2025-08-25 00:00:00,89.17,92.25,0,0,0,0,0,0,0,High
4007,S00802,2026-01-19 00:00:00,83.96,89.77,0,0,1,0,0,0,0,High
4008,S00802,2026-06-08 00:00:00,83.56,87.89,0,1,2,1,0,0,1,High
4009,S00802,2026-08-24 00:00:00,88.22,82.64,0,1,2,1,0,0,0,High
4010,S00802,2027-01-18 00:00:00,83.37,91.66,0,1,4,2,0,0,0,High
4011,S00803,2025-08-25 00:00:00,91.78,93.75,0,0,0,0,0,0,0,High
4012,S00803,2026-01-19 00:00:00,88.68,93.42,0,0,0,0,0,0,0,
4013,S00803,2026-06-08 00:00:00,87.37,94.49,0,0,1,1,0,0,0,High
4014,S00803,2026-08-24 00:00:00,78.08,76.61,0,0,2,2,0,0,1,High
4015,S00803,2027-01-18 00:00:00,74.01,80.84,0,0,3,2,0,0,1,Moderate
4016,S00804,2025-08-25 00:00:00,87.24,94.97,0,0,0,0,0,0,0,High
4017,S00804,2026-01-19 00:00:00,82.14,81.76,0,0,1,1,0,0,0,High
4018,S00804,2026-06-08 00:00:00,81.74,85.82,0,0,2,2,0,0,1,High
4019,S00804,2026-08-24 00:00:00,79.66,84.46,0,0,2,2,0,0,0,High
4020,S00804,2027-01-18 00:00:00,74.45,74.73,0,0,4,2,0,0,2,Moderate
4021,S00805,2025-08-25 00:00:00,96.86,94.97,-2,0,0,0,0,0,0,High
4022,S00805,2026-01-19 00:00:00,81.19,78.56,0,0,3,3,0,0,1,High
4023,S00805,2026-06-08 00:00:00,76.8,81.27,0,0,5,3,0,0,2,High
4024,S00805,2026-08-24 00:00:00,73.91,68.27,0,0,7,5,0,0,2,Moderate
4025,S00805,2027-01-18 00:00:00,86.57,86.38,0,0,7,5,0,0,0,High
4026,S00806,2025-08-25 00:00:00,90.63,94.22,0,0,0,0,0,0,0,High
4027,S00806,2026-01-19 00:00:00,100.0,100.0,0,0,0,0,0,0,0,High
4028,S00806,2026-06-08 00:00:00,94.45,96.9,0,0,0,0,0,0,0,High
4029,S00806,2026-08-24 00:00:00,90.2,94.35,0,0,0,0,0,0,0,High
4030,S00806,2027-01-18 00:00:00,100.0,98.11,0,0,1,1,0,0,0,High
4031,S00807,2025-08-25 00:00:00,76.55,71.91,0,0,0,0,0,0,0,High
4032,S00807,2026-01-19 00:00:00,84.86,81.29,0,0,3,1,0,0,0,High
4033,S00807,2026-06-08 00:00:00,76.93,74.59,0,0,3,1,0,0,0,High
4034,S00807,2026-08-24 00:00:00,71.67,67.51,0,0,5,3,0,0,2,Moderate
4035,S00807,2027-01-18 00:00:00,79.61,75.96,0,0,5,3,50,0,0,High
4036,S00808,2025-08-25 00:00:00,81.42,82.04,0,0,0,0,0,0,0,High
4037,S00808,2026-01-19 00:00:00,83.14,85.95,0,0,2,1,0,0,0,High
4038,S00808,08/06/2026 00:00,82.46,73.06,0,0,2,1,0,0,0,High
4039,S00808,2026-08-24 00:00:00,77.87,77.61,0,0,2,1,0,0,0,High
4040,S00808,2027-01-18 00:00:00,85.86,85.32,0,0,2,1,0,0,0,High
4041,S00809,2025-08-25 00:00:00,81.46,75.7,0,0,0,0,0,0,0,High
4042,S00809,2026-01-19 00:00:00,,84.95,0,0,0,0,0,0,0,High
4043,S00809,2026-06-08 00:00:00,82.96,84.32,0,0,1,0,0,0,0,High
4044,S00809,2026-08-24 00:00:00,83.56,85.15,0,0,1,0,0,0,0,High
4045,S00809,2027-01-18 00:00:00,74.89,70.57,0,0,5,3,0,0,3,Moderate
4046,S00810,2025-08-25 00:00:00,85.72,90.43,0,0,0,0,0,0,0,High
4047,S00810,2026-01-19 00:00:00,82.56,86.42,0,0,1,0,0,0,0, High 
4048,S00810,2026-06-08 00:00:00,69.63,74.76,0,0,2,1,0,0,1,Moderate
4049,S00810,2026-08-24 00:00:00,85.37,86.74,0,0,2,1,0,0,0,High
4050,S00810,2027-01-18 00:00:00,68.27,73.9,0,0,5,3,1,0,3,Moderate
4051,S00811,2025-08-25 00:00:00,82.09,80.7,0,0,0,0,0,0,0,High
4052,S00811,2026-01-19 00:00:00,66.36,56.49,0,0,2,1,0,0,0,Moderate
4053,S00811,2026-06-08 00:00:00,71.03,73.73,0,1,4,3,0,0,1,Moderate
4054,S00811,2026-08-24 00:00:00,62.76,61.77,0,1,5,3,0,0,1,Moderate
4055,S00811,2027-01-18 00:00:00,60.98,51.87,0,2,8,4,0,0,1,Moderate
4056,S00812,2025-08-25 00:00:00,82.27,84.09,0,0,0,0,0,0,0,High
4057,S00812,2026-01-19 00:00:00,75.52,72.95,0,0,2,0,0,0,1,High
4058,S00812,2026-06-08 00:00:00,82.26,86.48,0,0,3,0,1,0,1,High
4059,S00812,2026-08-24 00:00:00,69.13,68.8,1,0,3,0,1,6,0,Moderate
4060,S00812,2027-01-18 00:00:00,66.1,66.54,1,0,3,0,1,6,0,Moderate
4061,S00813,2025-08-25 00:00:00,87.18,83.23,0,0,0,0,0,0,0,High
4062,S00813,2026-01-19 00:00:00,85.42,80.98,0,0,0,0,0,0,0,High
4063,S00813,2026-06-08 00:00:00,81.11,77.47,0,0,1,1,0,0,1,High
4064,S00813,2026-08-24 00:00:00,83.85,80.8,0,0,1,1,0,0,0,High
4065,S00813,2027-01-18 00:00:00,77.0,81.77,0,0,2,2,0,0,1,High
4066,S00814,2025-08-25 00:00:00,82.85,76.09,0,0,0,0,0,0,0,High
4067,S00814,2026-01-19 00:00:00,66.41,73.37,1,1,1,0,0,15,1,Moderate
4068,S00814,2026-06-08 00:00:00,59.78,65.52,1,1,3,1,0,15,1,Moderate
4069,S00814,2026-08-24 00:00:00,62.51,65.7,1,1,3,1,0,15,0,Moderate
4070,S00814,2027-01-18 00:00:00,65.66,65.68,1,1,5,2,0,15,0,Moderate
4071,S00815,2025-08-25 00:00:00,69.56,67.37,0,0,0,0,0,0,0,Moderate
4072,S00815,2026-01-19 00:00:00,62.73,51.88,0,1,2,2,0,0,1,Moderate
4073,S00815,2026-06-08 00:00:00,73.79,67.37,0,1,2,2,0,0,0,Moderate
4074,S00815,2026-08-24 00:00:00,72.62,64.32,0,1,2,2,0,0,0,Moderate
4075,S00815,2027-01-18 00:00:00,63.46,60.17,0,1,3,2,0,0,1,Moderate
4076,S00816,2025-08-25 00:00:00,84.14,98.83,0,0,0,0,0,0,0,High
4077,S00816,2026-01-19 00:00:00,86.58,87.07,0,0,1,1,0,0,1,High
4078,S00816,2026-06-08 00:00:00,82.01,78.73,0,0,1,1,0,0,0,High
4079,S00816,2026-08-24 00:00:00,82.19,,0,0,1,1,0,0,0,High
4080,S00816,2027-01-18 00:00:00,73.49,77.71,0,0,3,2,0,0,1,Moderate
4081,S00817,2025-08-25 00:00:00,97.66,100.0,0,0,0,0,0,0,0,High
4082,S00817,2026-01-19 00:00:00,85.69,91.56,0,0,0,0,0,0,0,High
4083,S00817,2026-06-08 00:00:00,79.05,84.78,0,0,2,1,0,0,2,High
4084,S00817,2026-08-24 00:00:00,76.0,78.3,0,0,2,1,0,0,0,High
4085,S00817,2027-01-18 00:00:00,86.33,84.6,0,0,2,1,0,0,0,High
4086,S00818,2025-08-25 00:00:00,90.77,89.02,0,0,0,0,0,0,0,High
4087,S00818,2026-01-19 00:00:00,71.67,83.43,0,0,6,0,2,0,3,Moderate
4088,S00818,2026-06-08 00:00:00,75.64,80.68,0,0,6,0,-2,0,0,High
4089,S00818,2026-08-24 00:00:00,72.13,70.44,0,1,9,1,3,0,3,Moderate
4090,S00818,2027-01-18 00:00:00,72.86,73.0,0,1,9,1,3,0,0,Moderate
4091,S00819,2025-08-25 00:00:00,76.24,78.41,0,0,0,0,0,0,0,High
4092,S00819,2026-01-19 00:00:00,79.21,88.06,0,0,0,0,0,0,0,High
4093,S00819,2026-06-08 00:00:00,86.4,91.82,0,0,0,0,0,0,0,High
4094,S00819,2026-08-24 00:00:00,76.56,74.01,0,0,0,0,0,0,0,High
4095,S00819,2027/01/18 00:00:00,73.21,76.81,0,0,2,0,0,0,2,Moderate
4096,S00820,2025-08-25 00:00:00,95.67,98.27,0,0,0,0,0,0,0,High
4097,S00820,2026-01-19 00:00:00,,99.85,0,0,0,0,0,0,0,High
4098,S00820,2026-06-08 00:00:00,74.64,74.59,0,0,2,2,0,0,2,Moderate
4099,S00820,2026-08-24 00:00:00,74.47,75.66,0,0,3,2,0,0,1,Moderate
4100,S00820,2027-01-18 00:00:00,74.22,77.75,0,0,5,2,0,0,2,Moderate
4101,S00821,2025-08-25 00:00:00,84.3,83.79,0,0,0,0,0,0,0,High
4102,S00821,2026-01-19 00:00:00,77.03,70.37,0,0,6,1,1,0,4,High
4103,S00821,2026-06-08 00:00:00,67.53,74.43,0,0,6,1,1,0,0,Moderate
4104,S00821,2026-08-24 00:00:00,81.51,73.04,0,0,6,1,1,0,0,High
4105,S00821,2027-01-18 00:00:00,64.44,63.28,0,1,9,4,1,0,2,Moderate
4106,S00822,2025-08-25 00:00:00,84.49,82.25,0,0,0,0,0,0,0,High
4107,S00822,2026-01-19 00:00:00,91.37,94.59,0,0,0,0,-2,0,0,High
4108,S00822,2026-06-08 00:00:00,86.08,82.17,0,0,1,0,0,0,1,High
4109,S00822,2026-08-24 00:00:00,87.99,82.25,0,0,1,0,0,0,0,High
4110,S00822,2027-01-18 00:00:00,87.1,85.89,0,0,1,0,0,0,0,High
4111,S00823,2025-08-25 00:00:00,89.99,93.98,0,0,0,0,0,0,0,High
4112, S00823 ,2026-01-19 00:00:00,100.0,100.0,0,0,0,0,0,0,0,High
4113,S00823,2026-06-08 00:00:00,77.3,84.91,1,0,1,1,0,1,1,High
4114,S00823,2026-08-24 00:00:00,77.43,77.33,1,0,1,1,0,1,0,High
4115,S00823,2027-01-18 00:00:00,88.76,90.15,1,0,3,2,0,1,0,High
4116,S00824,2025-08-25 00:00:00,92.74,94.59,0,0,0,0,0,0,0,High
4117,S00824,2026-01-19 00:00:00,85.68,89.06,0,0,0,0,0,0,0,High
4118,S00824,2026-06-08 00:00:00,80.3,,0,0,2,1,0,0,2,High
4119,S00824,2026-08-24 00:00:00,79.26,83.81,0,0,3,1,0,0,1,High
4120,S00824,2027-01-18 00:00:00,79.72,77.0,0,0,5,50,0,0,0,High
4121,S00825,2025-08-25 00:00:00,89.29,96.15,0,0,0,0,0,0,0,High
4122,S00825,2026-01-19 00:00:00,84.19,94.82,0,0,4,2,0,0,2,High
4123,S00825,2026-06-08 00:00:00,80.63,81.28,0,0,4,2,0,0,0,
4124,S00825,2026-08-24 00:00:00,84.11,78.49,0,0,5,2,0,0,1,High
4125,S00825,2027-01-18 00:00:00,65.93,70.69,0,0,9,4,1,0,1,Moderate
4126,S00826,2025-08-25 00:00:00,,67.5,0,0,0,0,0,0,0,High
4127,S00826,2026-01-19 00:00:00,74.89,73.53,0,0,3,2,0,0,2,Moderate
4128,S00826,2026-06-08 00:00:00,74.41,80.95,0,0,4,3,0,0,1,Moderate
4129,S00826,2026-08-24 00:00:00,68.89,62.25,0,0,4,3,0,0,0,Moderate
4130,S00826,2027-01-18 00:00:00,71.8,78.28,0,0,4,3,0,0,0,Moderate
4131,S00827,2025-08-25 00:00:00,91.38,,0,0,0,0,0,0,0,High
4132,S00827,2026-01-19 00:00:00,83.09,81.5,0,0,3,1,0,0,2,High
4133,S00827,2026-06-08 00:00:00,76.55,83.7,0,0,3,1,0,0,0,High
4134,S00827,2026-08-24 00:00:00,71.94,73.82,0,1,6,2,0,0,3,Moderate
4135,S00827,2027-01-18 00:00:00,76.59,82.17,0,1,6,2,0,0,0,High
4136,S00828,2025-08-25 00:00:00,79.81,79.65,0,0,0,0,0,0,0,High
4137,S00828,2026-01-19 00:00:00,74.84,70.6,0,0,0,0,0,0,0,Moderate
4138,S00828,2026-06-08 00:00:00,73.42,73.09,0,1,0,0,0,0,0,Moderate
4139,S00828,2026-08-24 00:00:00,77.17,75.3,0,1,0,0,0,0,0,High
4140,S00828,2027-01-18 00:00:00,64.28,68.24,0,1,2,1,0,0,1,Moderate
4141,S00829,2025-08-25 00:00:00,86.66,87.14,0,0,0,0,0,0,0,High
4142,S00829,2026-01-19 00:00:00,86.2,89.78,0,0,0,0,0,0,0,High
4143,S00829,2026-06-08 00:00:00,71.25,63.44,0,1,5,-2,2,0,0,Moderate
4144,S00829,2026-08-24 00:00:00,66.69,68.28,0,1,6,3,2,0,1,Moderate
4145,S00829,2027-01-18 00:00:00,51.84,46.46,0,1,9,5,2,0,1,Moderate
4146,S00830,2025-08-25 00:00:00,89.54,90.44,0,0,0,0,0,0,0,High
4147,S00830,2026-01-19 00:00:00,61.67,62.99,1,0,2,1,1,8,2,Moderate
4148,S00830,2026-06-08 00:00:00,34.98,29.67,2,0,7,4,1,16,5,Low
4149,S00830,2026-08-24 00:00:00,43.33,37.97,2,0,7,4,1,16,0,Low
4150,S00830,2027-01-18 00:00:00,36.57,33.61,2,1,8,5,1,16,1,Low
4151,S00831,2025-08-25 00:00:00,93.83,96.33,0,0,0,0,0,0,0,High
4152,S00831,2026-01-19 00:00:00,90.1,83.98,0,0,1,1,0,0,0,High
4153,S00831,2026-06-08 00:00:00,81.58,87.13,0,0,2,1,0,0,1,High
4154,S00831,2026-08-24 00:00:00,85.53,82.2,0,0,2,1,0,0,0,High
4155,S00831,2027-01-18 00:00:00,84.58,88.01,0,0,3,2,0,0,1,High
4156,S00832,2025-08-25 00:00:00,77.06,70.04,0,0,0,0,0,0,0,High
4157,S00832,2026-01-19 00:00:00,71.05,57.08,0,0,2,1,0,0,0,Moderate
4158,S00832,2026-06-08 00:00:00,81.8,78.79,0,0,2,1,0,0,0,High
4159,S00832,08/24/2026 00:00,56.62,54.85,0,1,8,5,1,0,6,Moderate
4160,S00832,2027-01-18 00:00:00,57.74,52.48,0,1,8,5,1,0,0,Moderate
4161,S00833,2025-08-25 00:00:00,89.35,89.58,0,0,0,0,0,0,0,High
4162,S00833,2026-01-19 00:00:00,80.17,76.79,0,0,1,1,0,0,1,High
4163,S00833,2026-06-08 00:00:00,75.89,74.8,0,0,2,1,0,0,1,High
4164,S00833,2026-08-24 00:00:00,68.93,64.92,0,0,5,2,1,0,3,Moderate
4165,S00833,2027-01-18 00:00:00,58.94,58.28,0,0,10,3,1,0,2,Moderate
4166,S00834,2025-08-25 00:00:00,85.13,93.18,0,0,0,0,0,0,0,High
4167,S00834,2026-01-19 00:00:00,70.92,82.97,0,1,2,1,0,0,2,Moderate
4168,S00834,2026-06-08 00:00:00,77.74,86.03,0,1,2,1,0,0,0,High
4169,S00834,2026-08-24 00:00:00,89.34,92.06,0,1,2,1,0,0,0,High
4170,S00834,2027-01-18 00:00:00,80.44,79.8,0,1,3,2,0,0,0,High
4171,S00835,2025-08-25 00:00:00,87.67,92.99,0,0,0,0,0,0,0,High
4172,S00835,2026-01-19 00:00:00,76.72,80.89,0,0,4,3,0,0,2,High
4173,S00835,2026-06-08 00:00:00,80.62,77.05,0,0,6,4,0,0,0,High
4174,S00835,2026-08-24 00:00:00,59.39,60.19,0,0,9,5,0,0,3,Moderate
4175,S00835,2027-01-18 00:00:00,56.81,54.63,1,0,11,6,0,6,0,Moderate
4176,S00836,2025-08-25 00:00:00,77.86,75.54,0,0,0,0,0,0,0,High
4177,S00836,2026-01-19 00:00:00,78.28,85.11,0,0,2,1,0,0,0,High
4178,S00836,2026-06-08 00:00:00,74.81,66.4,0,0,3,1,0,0,1,Moderate
4179,S00836,2026-08-24 00:00:00,70.96,70.55,0,0,3,1,0,0,0,Moderate
4180,S00836,2027-01-18 00:00:00,77.36,70.57,0,0,3,1,0,0,0,High
4181,S00837,2025-08-25 00:00:00,96.99,99.6,0,0,0,0,0,0,0,High
4182,S00837,2026-01-19 00:00:00,95.47,100.0,0,0,1,0,0,0,0, High 
4183,S00837,2026-06-08 00:00:00,87.65,86.1,0,0,5,2,0,0,4,High
4184,S00837,2026-08-24 00:00:00,83.85,91.69,0,0,6,2,0,0,1,High
4185,S00837,2027-01-18 00:00:00,84.6,81.34,0,0,9,3,0,0,2,High
4186,S00838,2025-08-25 00:00:00,79.78,72.29,0,0,0,0,0,0,0,High
4187,S00838,2026-01-19 00:00:00,75.19,77.05,0,0,0,0,0,0,0,High
4188,S00838,2026-06-08 00:00:00,70.01,69.29,0,1,3,1,1,0,3,Moderate
4189,S00838,2026-08-24 00:00:00,55.93,55.79,0,1,5,2,1,0,2,Moderate
4190,S00838,2027-01-18 00:00:00,64.08,62.04,0,1,8,3,1,0,3,Moderate
4191,S00839,2025-08-25 00:00:00,71.15,66.77,0,0,0,0,0,0,0,Moderate
4192,S00839,2026-01-19 00:00:00,80.05,75.31,0,0,0,0,0,0,0,High
4193,S00839,2026-06-08 00:00:00,79.78,78.04,0,0,0,0,0,0,0,High
4194,S00839,2026-08-24 00:00:00,84.38,83.73,0,0,0,0,0,0,0,High
4195,S00839,2027-01-18 00:00:00,80.4,81.75,0,0,0,0,0,0,0,High
4196,S00840,2025-08-25 00:00:00,79.89,79.63,0,0,0,0,0,0,0,High
4197,S00840,2026-01-19 00:00:00,62.94,66.77,1,0,1,1,0,15,1,Moderate
4198,S00840,2026-06-08 00:00:00,49.47,58.42,1,0,6,3,2,15,3,Low
4199,S00840,2026-08-24 00:00:00,45.69,38.73,1,1,8,3,2,15,2,low
4200,S00840,2027-01-18 00:00:00,51.89,56.98,1,1,9,4,2,15,1,Moderate
4201,S00841,2025-08-25 00:00:00,78.49,83.51,0,0,0,0,0,0,0,High
4202,S00841,2026-01-19 00:00:00,77.86,86.89,0,0,3,2,0,0,3,High
4203,S00841,2026-06-08 00:00:00,77.96,79.82,0,0,5,2,0,0,2,High
4204, S00841 ,2026-08-24 00:00:00,77.5,74.0,0,0,6,3,0,0,1, High 
4205,S00841,2027-01-18 00:00:00,78.36,85.29,0,0,7,4,0,0,1,High
4206,S00842,2025-08-25 00:00:00,87.18,84.32,0,0,0,0,0,0,0,High
4207,S00842,2026-01-19 00:00:00,86.66,87.61,0,0,0,0,0,0,0,High
4208,S00842,2026-06-08 00:00:00,88.43,86.45,0,0,1,0,0,0,0,High
4209,S00842,2026-08-24 00:00:00,74.93,79.73,0,0,6,3,0,0,5,Moderate
4210,S00842,2027-01-18 00:00:00,76.12,72.84,0,0,6,3,0,0,0,High
4211,S00843,2025-08-25 00:00:00,95.15,99.22,0,0,0,0,0,0,0,High
4212,S00843,2026-01-19 00:00:00,82.68,89.47,0,0,1,1,0,0,0,High
4213,S00843,2026-06-08 00:00:00,85.53,99.56,0,0,2,2,0,0,0,High
4214,S00843,2026-08-24 00:00:00,77.9,81.68,0,0,4,4,0,0,2,High
4215,S00843,2027-01-18 00:00:00,75.87,76.14,0,0,5,5,0,0,1,High
4216,S00844,2025-08-25 00:00:00,77.32,73.38,0,0,0,0,0,0,0,High
4217,S00844,2026-01-19 00:00:00,80.47,83.47,0,1,0,0,0,0,0,High
4218,S00844,2026-06-08 00:00:00,77.44,70.33,0,1,0,0,0,0,0, High 
4219,S00844,2026-08-24 00:00:00,60.57,53.29,0,1,2,2,0,0,2,Moderate
4220,S00844,2027-01-18 00:00:00,68.19,63.28,0,1,4,2,0,0,2,Moderate
4221,S00845,2025-08-25 00:00:00,84.74,86.07,0,0,0,0,0,0,0,High
4222,S00845,2026-01-19 00:00:00,79.12,71.58,0,0,2,1,1,0,2,High
4223,S00845,2026-06-08 00:00:00,79.77,79.98,0,0,3,2,1,0,1,High
4224,S00845,2026-08-24 00:00:00,71.21,68.18,0,0,5,3,1,0,2,Moderate
4225,S00845,2027-01-18 00:00:00,71.23,70.69,0,0,5,3,1,0,0,Moderate
4226,S00846,2025-08-25 00:00:00,93.52,94.44,0,0,0,0,0,0,0,High
4227,S00846,2026-01-19 00:00:00,88.21,89.52,0,0,1,0,0,0,1,High
4228,S00846,2026-06-08 00:00:00,84.42,81.58,0,0,6,2,0,0,3,High
4229,S00846,2026-08-24 00:00:00,72.47,76.84,0,2,8,3,0,0,2,Moderate
4230,S00846,2027-01-18 00:00:00,65.82,59.85,0,2,9,4,0,0,1,Moderate
4231,S00847,2025-08-25 00:00:00,82.39,87.18,0,0,0,0,0,0,0,High
4232,S00847,2026-01-19 00:00:00,91.98,99.66,0,0,1,1,0,0,0,High
4233,S00847,2026-06-08 00:00:00,81.33,76.41,0,1,3,1,0,0,2,High
4234,S00847,2026-08-24 00:00:00,79.32,85.66,0,1,3,1,0,0,0,High
4235,S00847,2027-01-18 00:00:00,87.54,94.56,0,1,3,1,0,0,0,High
4236,S00848,2025/08/25 00:00:00,87.56,79.98,0,0,0,0,0,0,0,High
4237,S00848,2026-01-19 00:00:00,59.41,56.33,1,0,1,1,0,6,1,Moderate
4238,S00848,2026-06-08 00:00:00,61.8,63.8,1,0,3,1,0,6,2,Moderate
4239,S00848,2026-08-24 00:00:00,56.07,54.1,1,0,6,4,0,6,3,Moderate
4240,S00848,2027-01-18 00:00:00,59.83,53.79,1,0,7,5,0,6,0,Moderate
4241,S00849,2025-08-25 00:00:00,81.16,83.51,0,0,0,0,0,0,0,High
4242,S00849,2026-01-19 00:00:00,88.1,85.45,0,0,0,0,0,0,0,High
4243,S00849,06/08/2026 00:00,84.57,88.06,0,0,2,1,0,0,0,High
4244,S00849,2026-08-24 00:00:00,68.2,59.23,0,0,3,2,0,0,1,Moderate
4245,S00849,2027-01-18 00:00:00,71.95,66.2,0,0,4,3,0,0,0,Moderate
4246,S00850,2025-08-25 00:00:00,97.26,90.61,0,0,0,0,0,0,0,High
4247,S00850,2026-01-19 00:00:00,75.41,78.2,1,0,2,0,1,1,1,High
4248,S00850,2026-06-08 00:00:00,69.44,74.19,30,0,5,2,1,1,1,Moderate
4249,S00850,2026-08-24 00:00:00,65.31,70.24,1,0,6,3,1,1,1,Moderate
4250,S00850,2027-01-18 00:00:00,63.33,62.28,1,0,8,3,2,1,2,Moderate
4251,S00851,2025-08-25 00:00:00,87.68,86.38,0,0,0,0,0,0,0,High
4252,S00851,2026-01-19 00:00:00,76.99,76.06,0,0,1,1,0,0,0,High
4253,S00851,2026-06-08 00:00:00,86.45,90.54,0,0,2,2,0,0,1,High
4254,S00851,2026-08-24 00:00:00,75.54,76.25,0,0,2,2,0,0,0,High
4255,S00851,2027-01-18 00:00:00,78.46,76.78,0,0,4,3,0,0,2,High
4256,S00852,2025-08-25 00:00:00,74.6,76.13,0,0,0,0,0,0,0, Moderate 
4257,S00852,2026-01-19 00:00:00,82.06,84.05,0,0,0,0,0,0,0,High
4258,S00852,2026-06-08 00:00:00,68.2,68.95,0,0,1,1,0,0,1,Moderate
4259,S00852,2026-08-24 00:00:00,70.76,65.19,0,0,1,1,0,0,0,Moderate
4260,S00852,2027-01-18 00:00:00,74.81,75.68,0,1,2,2,0,0,0,Moderate
4261,S00853,2025-08-25 00:00:00,97.5,99.43,0,0,0,0,0,0,0,High
4262,S00853,2026-01-19 00:00:00,92.7,91.0,0,0,0,0,0,0,0,High
4263,S00853,2026-06-08 00:00:00,88.03,86.59,0,0,2,2,0,0,2,High
4264,S00853,2026-08-24 00:00:00,82.78,84.07,0,0,3,2,1,0,1,High
4265,S00853,2027-01-18 00:00:00,85.67,92.59,0,0,4,3,1,0,0,High
4266,S00854,2025-08-25 00:00:00,77.13,86.25,0,0,0,0,0,0,0,High
4267,S00854,2026-01-19 00:00:00,82.14,83.49,0,0,0,0,0,0,0,High
4268,S00854,2026-06-08 00:00:00,85.54,94.23,0,0,0,0,0,0,0,High
4269,S00854,2026-08-24 00:00:00,79.92,82.64,0,0,1,1,0,0,1,
4270,S00854,2027-01-18 00:00:00,79.79,80.98,0,0,2,2,0,0,1,High
4271,S00855,2025-08-25 00:00:00,92.93,95.36,0,0,0,0,0,0,0,High
4272,S00855,2026-01-19 00:00:00,78.53,84.0,0,0,4,2,0,0,3,High
4273,S00855,2026-06-08 00:00:00,88.15,94.08,0,0,5,3,0,0,0,High
4274,S00855,2026-08-24 00:00:00,78.4,82.41,0,1,6,4,0,0,1,High
4275,S00855,2027-01-18 00:00:00,76.44,81.16,0,1,8,4,0,0,2,High
4276,S00856,2025-08-25 00:00:00,92.05,91.19,0,0,0,0,0,0,0,High
4277,S00856,2026-01-19 00:00:00,87.1,92.27,0,0,1,0,0,0,1,High
4278,S00856,2026-06-08 00:00:00,75.35,79.8,1,0,2,1,0,6,1,High
4279,S00856,2026-08-24 00:00:00,72.76,78.11,1,1,3,2,0,6,1,Moderate
4280,S00856,2027-01-18 00:00:00,62.66,64.55,1,2,6,3,0,6,0,Moderate
4281,S00857,2025-08-25 00:00:00,82.73,82.86,0,0,0,0,0,0,0,High
4282,S00857,2026-01-19 00:00:00,73.45,70.5,0,0,3,0,0,0,0,Moderate
4283,S00857,2026-06-08 00:00:00,75.87,80.81,0,0,4,0,0,0,0,High
4284,S00857,2026-08-24 00:00:00,67.88,71.45,0,1,5,1,0,0,1,Moderate
4285,S00857,2027-01-18 00:00:00,78.6,78.32,0,1,6,1,0,0,0,High
4286,S00858,2025-08-25 00:00:00,85.98,84.37,0,0,0,0,0,0,0,High
4287,S00858,2026-01-19 00:00:00,71.03,66.38,0,0,6,3,0,0,3,Moderate
4288,S00858,2026-06-08 00:00:00,79.29,77.79,0,0,7,3,0,0,0,High
4289,S00858,2026-08-24 00:00:00,78.33,77.56,0,0,7,3,0,0,0,High
4290,S00858,2027-01-18 00:00:00,56.33,56.98,1,0,9,4,0,8,2,Moderate
4291,S00859,2025-08-25 00:00:00,84.14,85.17,0,0,0,0,0,0,0,High
4292,S00859,2026-01-19 00:00:00,83.82,81.34,0,0,0,0,0,0,0,High
4293,S00859,2026-06-08 00:00:00,,75.1,0,0,1,0,0,0,1,Moderate
4294,S00859,2026-08-24 00:00:00,63.78,64.44,0,0,2,0,0,0,1,Moderate
4295,S00859,2027-01-18 00:00:00,73.08,71.68,0,0,2,0,0,0,0,Moderate
4296,S00860,2025-08-25 00:00:00,91.61,87.31,0,0,0,0,0,0,0,High
4297,S00860,2026-01-19 00:00:00,77.66,84.92,0,1,3,1,0,0,1,High
4298,S00860,2026-06-08 00:00:00,62.73,62.04,1,1,5,2,1,6,0,Moderate
4299,S00860,2026-08-24 00:00:00,66.74,76.43,1,1,5,2,1,6,0,Moderate
4300,S00860,2027-01-18 00:00:00,63.36,73.93,1,1,5,2,1,6,0,Moderate
4301,S00861,2025-08-25 00:00:00,81.77,87.52,0,0,0,0,0,0,0,High
4302,S00861,2026-01-19 00:00:00,58.86,57.74,0,0,5,2,0,0,3,Moderate
4303,S00861,2026-06-08 00:00:00,65.76,65.82,0,1,7,3,0,0,0,Moderate
4304,S00861,2026-08-24 00:00:00,71.44,62.95,0,1,7,3,0,0,0,Moderate
4305,S00861,2027-01-18 00:00:00,60.17,62.9,0,1,9,4,0,0,2,Moderate
4306,S00862,2025-08-25 00:00:00,85.3,80.95,0,0,0,0,0,0,0,High
4307,S00862,2026-01-19 00:00:00,78.48,78.04,0,0,0,0,0,0,0,High
4308,S00862,06/08/2026 00:00,82.63,77.09,0,0,2,0,0,0,2,High
4309,S00862,2026-08-24 00:00:00,72.29,68.55,0,0,3,1,0,0,1,Moderate
4310,S00862,2027-01-18 00:00:00,72.93,68.84,0,0,5,2,0,0,0,Moderate
4311,S00863,2025/08/25 00:00:00,95.33,100.0,0,0,0,0,0,0,0,High
4312,S00863,2026-01-19 00:00:00,97.53,100.0,0,0,0,0,0,0,0,High
4313,S00863,2026-06-08 00:00:00,93.86,98.59,0,0,2,1,0,0,0,High
4314,S00863,2026-08-24 00:00:00,64.92,68.22,1,0,5,2,0,15,3,Moderate
4315,S00863,2027-01-18 00:00:00,57.23,60.12,1,0,6,2,0,15,1,Moderate
4316,S00864,2025-08-25 00:00:00,87.9,86.84,0,0,0,0,0,0,0,High
4317,S00864,2026-01-19 00:00:00,80.08,75.86,0,0,1,0,0,0,1,High
4318,S00864,2026-06-08 00:00:00,88.37,84.78,0,0,1,0,0,0,0,High
4319,S00864,2026-08-24 00:00:00,83.7,80.26,0,0,1,0,0,0,0,High
4320,S00864,2027-01-18 00:00:00,71.8,66.13,0,1,3,2,0,0,1,Moderate
4321,S00865,2025-08-25 00:00:00,81.29,80.6,0,0,0,0,0,0,0,High
4322,S00865,2026-01-19 00:00:00,87.88,92.8,0,0,0,0,0,0,0,High
4323, S00865 ,2026-06-08 00:00:00,81.77,74.58,0,0,1,1,0,0,1, High 
4324,S00865,2026-08-24 00:00:00,87.9,86.34,0,0,1,1,0,0,0,High
4325,S00865,2027-01-18 00:00:00,77.91,77.4,0,1,3,1,0,0,0,High
4326,S00866,2025-08-25 00:00:00,87.57,87.48,0,0,0,0,0,0,0,High
4327,S00866,2026-01-19 00:00:00,83.64,80.59,0,0,2,2,0,0,0,High
4328,S00866,2026-06-08 00:00:00,73.71,69.42,0,0,5,3,0,0,0,Moderate
4329,S00866,2026-08-24 00:00:00,71.15,71.6,0,0,6,4,0,0,1,Moderate
4330,S00866,2027-01-18 00:00:00,80.41,85.14,0,0,6,4,0,0,0,High
4331,S00867,2025-08-25 00:00:00,88.01,86.33,0,0,0,0,0,0,0,High
4332,S00867,2026-01-19 00:00:00,75.69,81.85,0,1,1,1,0,0,1,High
4333,S00867,2026-06-08 00:00:00,66.2,64.01,0,1,3,2,0,0,1,Moderate
4334,S00867,2026-08-24 00:00:00,60.5,62.4,0,1,8,4,1,0,5,Moderate
4335,S00867,2027-01-18 00:00:00,,62.73,0,1,10,6,1,0,1,Moderate
4336,S00868,2025-08-25 00:00:00,78.61,67.11,0,0,0,0,0,0,0,High
4337,S00868,2026-01-19 00:00:00,82.36,81.43,0,0,0,0,0,0,0,High
4338,S00868,2026-06-08 00:00:00,73.28,70.71,0,0,3,50,0,0,0,Moderate
4339,S00868,2026-08-24 00:00:00,74.35,67.65,0,0,4,2,0,0,1,Moderate
4340,S00868,2027-01-18 00:00:00,72.46,67.28,0,0,4,2,0,0,0,Moderate
4341,S00869,2025-08-25 00:00:00,79.55,77.54,0,0,0,0,0,0,0,High
4342,S00869,2026-01-19 00:00:00,73.4,69.46,0,0,0,0,0,0,0,
4343,S00869,06/08/2026 00:00,72.72,69.1,0,0,0,0,0,0,0,
4344,S00869,2026-08-24 00:00:00,76.81,71.87,0,0,0,0,0,0,0,High
4345,S00869,2027-01-18 00:00:00,71.05,62.28,0,0,0,0,0,0,0,Moderate
4346,S00870,2025-08-25 00:00:00,87.19,96.46,0,0,0,0,0,0,0,High
4347,S00870,2026-01-19 00:00:00,83.93,89.9,0,0,0,0,0,0,0,High
4348,S00870,2026-06-08 00:00:00,78.86,84.89,0,0,3,1,0,0,3,High
4349,S00870,2026-08-24 00:00:00,72.12,73.73,0,0,5,3,0,0,2,Moderate
4350,S00870,2027-01-18 00:00:00,78.33,75.25,0,0,5,3,0,0,0, High 
4351,S00871,2025-08-25 00:00:00,77.5,74.01,0,0,0,0,0,0,0,High
4352,S00871,2026-01-19 00:00:00,73.15,71.15,0,0,1,1,0,0,1,Moderate
4353,S00871,2026-06-08 00:00:00,73.59,72.52,0,0,2,1,0,0,0,Moderate
4354,S00871,2026-08-24 00:00:00,61.98,51.29,0,1,3,2,0,0,1,Moderate
4355,S00871,2027-01-18 00:00:00,60.96,62.1,0,1,5,3,1,0,2,Moderate
4356,S00872,2025-08-25 00:00:00,81.3,77.63,0,0,0,0,0,0,0,High
4357,S00872,2026-01-19 00:00:00,54.57,50.12,1,0,2,2,0,6,1,Moderate
4358,S00872,2026-06-08 00:00:00,60.17,61.95,1,0,5,3,0,6,0,Moderate
4359,S00872,2026-08-24 00:00:00,59.48,60.28,1,0,5,3,0,6,0,Moderate
4360,S00872,2027-01-18 00:00:00,63.9,62.82,1,0,5,3,0,6,0,Moderate
4361,S00873,2025-08-25 00:00:00,92.26,92.58,0,0,0,0,0,0,0,High
4362,S00873,2026-01-19 00:00:00,82.25,86.8,0,0,0,0,0,0,0,High
4363,S00873,2026-06-08 00:00:00,83.13,91.83,0,0,4,2,0,0,4,High
4364,S00873,2026-08-24 00:00:00,79.57,83.43,0,0,6,3,0,0,2,High
4365,S00873,2027-01-18 00:00:00,86.56,84.98,0,0,6,3,0,0,0,High
4366,S00874,2025-08-25 00:00:00,95.14,95.9,0,0,0,0,0,0,0,High
4367,S00874,2026-01-19 00:00:00,71.43,68.11,0,1,8,4,0,0,2,Moderate
4368,S00874,2026-06-08 00:00:00,74.64,82.12,0,1,8,4,0,0,0,Moderate
4369,S00874,2026-08-24 00:00:00,70.54,75.23,0,1,10,6,0,0,2,Moderate
4370,S00874,2027-01-18 00:00:00,67.76,71.9,0,1,11,7,0,0,0,Moderate
4371,S00875,2025-08-25 00:00:00,78.88,78.82,0,0,0,0,0,0,0,High
4372,S00875,2026-01-19 00:00:00,80.17,79.38,0,0,0,0,0,0,0,High
4373,S00875,2026-06-08 00:00:00,84.4,82.38,0,0,0,0,0,0,0,High
4374,S00875,2026-08-24 00:00:00,79.13,82.91,0,0,2,1,0,0,2,High
4375,S00875,2027-01-18 00:00:00,75.46,77.15,0,0,2,1,0,0,0,High
4376,S00876,2025-08-25 00:00:00,89.13,91.79,0,0,0,0,0,0,0,High
4377,S00876,2026-01-19 00:00:00,79.89,73.91,0,0,1,1,0,0,0,High
4378,S00876,2026-06-08 00:00:00,81.98,84.64,0,0,2,2,0,0,1,High
4379,S00876,2026-08-24 00:00:00,83.25,81.69,0,0,2,2,0,0,0,High
4380,S00876,2027-01-18 00:00:00,83.19,84.24,0,0,4,3,0,0,0,High
4381,S00877,2025-08-25 00:00:00,86.56,87.17,0,0,0,0,0,0,0,High
4382,S00877,2026-01-19 00:00:00,82.63,77.03,0,1,2,0,0,0,2,High
4383,S00877,2026-06-08 00:00:00,76.51,77.92,0,1,3,0,0,0,1,High
4384,S00877,2026-08-24 00:00:00,82.66,79.21,0,1,3,0,0,0,0,High
4385,S00877,2027-01-18 00:00:00,81.44,81.35,0,1,3,0,0,0,0,High
4386,S00878,2025-08-25 00:00:00,80.71,84.41,0,0,0,0,0,0,0,High
4387,S00878,2026-01-19 00:00:00,83.36,83.35,0,0,0,0,0,0,0,High
4388,S00878,2026-06-08 00:00:00,46.17,45.62,1,0,3,2,1,8,3,Low
4389,S00878,2026-08-24 00:00:00,61.3,63.43,1,0,3,2,1,8,0,Moderate
4390,S00878,2027-01-18 00:00:00,50.23,50.41,1,0,5,2,2,8,2,Moderate
4391,S00879,2025-08-25 00:00:00,93.67,100.0,0,0,0,0,0,0,0,High
4392,S00879,2026-01-19 00:00:00,99.25,100.0,0,0,1,0,0,0,1,High
4393,S00879,2026-06-08 00:00:00,90.81,100.0,0,0,2,0,0,0,0,High
4394,S00879,2026-08-24 00:00:00,79.26,80.69,0,0,5,2,0,0,3,High
4395,S00879,2027-01-18 00:00:00,83.72,85.04,0,0,5,2,0,0,0,High
4396,S00880,2025-08-25 00:00:00,95.28,99.89,0,0,0,0,0,0,0,High
4397,S00880,2026-01-19 00:00:00,93.38,96.06,0,0,3,0,1,0,0,High
4398,S00880,2026-06-08 00:00:00,80.41,80.47,0,0,3,0,1,0,0,High
4399,S00880,2026-08-24 00:00:00,71.41,73.27,0,0,6,0,2,0,3,Moderate
4400,S00880,2027-01-18 00:00:00,86.06,92.47,0,0,6,0,2,0,0,High
4401,S00881,2025-08-25 00:00:00,83.14,81.42,0,0,0,0,0,0,0,High
4402,S00881,2026-01-19 00:00:00,81.68,88.34,0,0,1,1,0,0,1,high
4403,S00881,2026-06-08 00:00:00,74.61,80.36,0,1,2,1,0,0,0,Moderate
4404,S00881,2026-08-24 00:00:00,77.83,82.11,0,1,2,1,0,0,0,High
4405,S00881,2027-01-18 00:00:00,77.25,82.66,0,1,2,1,0,0,0,High
4406,S00882,2025-08-25 00:00:00,83.86,82.26,0,0,0,0,0,0,0,High
4407,S00882,2026-01-19 00:00:00,92.86,91.29,0,0,0,0,0,0,0,High
4408,S00882,2026-06-08 00:00:00,86.95,75.82,0,0,1,1,0,0,1,High
4409,S00882,2026-08-24 00:00:00,78.73,82.6,0,0,2,2,0,0,1,High
4410,S00882,2027-01-18 00:00:00,90.38,92.33,0,0,2,2,0,0,0,High
4411,S00883,2025-08-25 00:00:00,83.21,86.84,0,0,0,0,0,0,0,High
4412,S00883,2026-01-19 00:00:00,79.38,80.14,0,0,1,0,0,0,1,High
4413,S00883,2026-06-08 00:00:00,82.93,76.86,0,0,1,0,0,0,0,High
4414,S00883,2026-08-24 00:00:00,71.17,63.72,0,0,3,1,0,0,2,Moderate
4415,S00883,2027-01-18 00:00:00,78.82,78.79,0,0,3,1,0,0,0,High
4416,S00884,2025-08-25 00:00:00,97.05,100.0,0,0,0,0,0,0,0,High
4417,S00884,2026-01-19 00:00:00,95.05,99.7,0,0,0,0,0,0,0,High
4418,S00884,2026-06-08 00:00:00,90.79,85.9,0,0,1,0,0,0,0,High
4419,S00884,2026-08-24 00:00:00,94.46,98.59,0,0,1,0,0,0,0,High
4420, S00884 ,2027-01-18 00:00:00,89.46,94.04,0,0,1,0,0,0,0,High
4421,S00885,2025-08-25 00:00:00,,70.7,0,0,0,0,0,0,0,Moderate
4422,S00885,2026-01-19 00:00:00,71.56,69.16,0,0,0,0,0,0,0,Moderate
4423,S00885,2026-06-08 00:00:00,71.1,66.71,0,0,0,0,0,0,0,Moderate
4424,S00885,2026-08-24 00:00:00,74.73,66.33,0,0,1,0,0,0,1,Moderate
4425,S00885,2027-01-18 00:00:00,69.43,53.96,0,1,1,0,0,0,0,Moderate
4426,S00886,2025-08-25 00:00:00,82.65,87.59,0,0,0,0,0,0,0,High
4427,S00886,2026-01-19 00:00:00,78.43,78.82,0,0,1,1,0,0,0,High
4428,S00886,2026-06-08 00:00:00,82.79,78.45,0,0,1,1,0,0,0,HIGH
4429,S00886,2026-08-24 00:00:00,76.02,72.98,0,0,2,1,0,0,1,High
4430,S00886,2027-01-18 00:00:00,63.64,64.32,0,2,6,3,1,0,4,Moderate
4431,S00887,2025-08-25 00:00:00,80.86,80.66,0,0,0,0,0,0,0,High
4432,S00887,2026-01-19 00:00:00,80.05,89.95,0,-2,2,0,1,0,1,High
4433,S00887,2026-06-08 00:00:00,77.67,69.43,0,0,4,2,1,0,0,High
4434,S00887,2026-08-24 00:00:00,68.57,66.25,0,0,6,4,1,0,2,Moderate
4435,S00887,2027-01-18 00:00:00,79.54,87.62,0,0,6,4,1,0,0,
4436,S00888,2025-08-25 00:00:00,89.28,89.92,0,0,0,0,0,0,0,High
4437,S00888,2026-01-19 00:00:00,86.86,83.55,0,0,0,0,0,0,0,High
4438,S00888,2026-06-08 00:00:00,80.09,85.46,0,0,1,0,0,0,1,High
4439,S00888,2026-08-24 00:00:00,89.57,82.58,0,0,1,0,0,0,0,High
4440,S00888,2027-01-18 00:00:00,83.29,84.21,0,0,1,0,0,0,0,High
4441,S00889,2025-08-25 00:00:00,90.56,93.67,0,0,0,0,0,0,0,High
4442,S00889,2026-01-19 00:00:00,85.55,,0,0,0,0,0,0,0,High
4443,S00889,2026-06-08 00:00:00,76.81,73.61,0,0,1,0,0,0,1,High
4444,S00889,2026-08-24 00:00:00,75.49,78.76,0,0,4,0,1,0,3,High
4445,S00889,2027-01-18 00:00:00,81.05,91.83,0,0,4,0,1,0,0,High
4446,S00890,2025-08-25 00:00:00,79.02,75.89,0,0,0,0,0,0,0,High
4447,S00890,2026-01-19 00:00:00,86.96,80.4,0,0,0,0,0,0,0,High
4448,S00890,2026-06-08 00:00:00,83.49,90.5,0,0,0,0,0,0,0,High
4449,S00890,2026-08-24 00:00:00,74.46,68.89,0,0,2,1,0,0,2,Moderate
4450,S00890,2027-01-18 00:00:00,86.0,82.46,0,0,2,1,0,0,0,
4451,S00891,2025-08-25 00:00:00,86.37,86.18,0,0,0,0,0,0,0,High
4452,S00891,2026-01-19 00:00:00,82.1,88.04,0,1,1,1,0,0,0,High
4453,S00891,2026-06-08 00:00:00,78.88,91.33,0,1,3,1,0,0,0,High
4454,S00891,2026-08-24 00:00:00,75.75,84.81,0,1,4,2,0,0,1,High
4455,S00891,2027-01-18 00:00:00,73.98,74.31,0,1,6,3,0,0,2,Moderate
4456,S00892,2025-08-25 00:00:00,93.69,95.69,0,0,0,0,0,0,0,High
4457,S00892,2026-01-19 00:00:00,82.72,84.32,0,0,2,1,0,0,1,High
4458,S00892,2026-06-08 00:00:00,80.27,79.75,0,0,3,1,0,0,1,High
4459,S00892,2026-08-24 00:00:00,90.39,99.25,0,0,3,1,0,0,0,High
4460,S00892,2027-01-18 00:00:00,81.68,85.32,0,0,3,1,0,0,0,High
4461,S00893,2025-08-25 00:00:00,79.24,74.97,0,0,0,0,0,0,0,High
4462,S00893,2026-01-19 00:00:00,83.75,75.02,0,0,0,0,0,0,0,High
4463,S00893,2026-06-08 00:00:00,72.32,68.69,0,0,2,2,0,0,2,Moderate
4464,S00893,2026-08-24 00:00:00,68.46,66.97,0,0,6,4,1,0,4,Moderate
4465,S00893,2027-01-18 00:00:00,68.93,60.93,0,0,6,4,1,0,0,Moderate
4466,S00894,2025-08-25 00:00:00,82.93,89.25,0,0,0,0,0,0,0,High
4467,S00894,2026-01-19 00:00:00,82.63,90.39,0,0,0,0,0,0,0,High
4468,S00894,2026-06-08 00:00:00,69.73,75.85,0,2,4,2,0,0,3,Moderate
4469,S00894,2026-08-24 00:00:00,70.88,73.91,0,2,7,3,0,0,3,Moderate
4470,S00894,2027-01-18 00:00:00,73.43,74.18,0,3,8,4,0,0,1,Moderate
4471,S00895,2025-08-25 00:00:00,83.45,81.48,0,0,0,0,0,0,0,High
4472,S00895,2026-01-19 00:00:00,77.43,79.61,0,0,2,1,0,0,2,High
4473,S00895,2026-06-08 00:00:00,87.62,87.31,0,0,2,1,0,0,0,
4474,S00895,24-08-2026 00:00,81.29,81.42,0,0,2,1,0,0,0,High
4475,S00895,2027-01-18 00:00:00,73.69,61.24,0,0,3,2,0,0,1,Moderate
4476,S00896,2025-08-25 00:00:00,76.48,73.59,0,0,0,0,0,0,0,High
4477,S00896,2026-01-19 00:00:00,74.52,72.37,0,0,0,0,0,0,0,Moderate
4478,S00896,2026-06-08 00:00:00,68.72,62.51,0,0,1,1,0,0,0,Moderate
4479,S00896,2026-08-24 00:00:00,73.8,64.91,0,0,1,1,0,0,0,Moderate
4480,S00896,2027-01-18 00:00:00,77.34,79.74,0,0,3,2,0,0,0,High
4481, S00897 ,2025-08-25 00:00:00,78.55,71.74,0,0,0,0,0,0,0,High
4482,S00897,2026-01-19 00:00:00,76.11,73.7,0,0,4,1,1,0,0,High
4483,S00897,2026-06-08 00:00:00,63.22,59.52,0,0,6,2,1,0,2,Moderate
4484,S00897,2026-08-24 00:00:00,69.04,64.51,0,0,6,2,1,0,0,Moderate
4485,S00897,2027-01-18 00:00:00,57.09,55.53,0,0,8,3,1,0,0,Moderate
4486,S00898,2025-08-25 00:00:00,90.55,97.02,0,0,0,0,0,0,0,High
4487,S00898,2026-01-19 00:00:00,79.14,86.48,0,0,1,1,0,0,1,High
4488,S00898,2026-06-08 00:00:00,79.45,81.81,0,0,3,1,0,0,2,High
4489,S00898,2026-08-24 00:00:00,69.62,75.43,1,0,4,2,0,4,1,Moderate
4490,S00898,2027-01-18 00:00:00,67.88,64.94,1,0,6,3,1,4,0,Moderate
4491,S00899,2025-08-25 00:00:00,82.37,77.33,0,0,0,0,0,0,0,High
4492,S00899,2026-01-19 00:00:00,81.58,72.41,0,0,0,0,0,0,0,High
4493,S00899,2026-06-08 00:00:00,88.33,93.09,0,0,0,0,0,0,0,High
4494,S00899,2026-08-24 00:00:00,78.25,72.54,0,0,0,0,0,0,0,High
4495,S00899,2027-01-18 00:00:00,76.49,83.19,0,0,0,0,0,0,0,High
4496,S00900,2025-08-25 00:00:00,88.57,87.53,0,0,0,0,0,0,0,High
4497,S00900,2026-01-19 00:00:00,78.32,84.53,0,0,0,0,0,0,0,High
4498,S00900,2026-06-08 00:00:00,78.43,85.88,0,0,1,1,0,0,0,High
4499,S00900,2026-08-24 00:00:00,66.31,62.06,0,0,2,1,1,0,1,Moderate
4500,S00900,2027-01-18 00:00:00,74.91,85.1,0,0,3,1,1,0,1,Moderate
4501,S00901,2025-08-25 00:00:00,85.65,79.19,0,0,0,0,0,0,0,High
4502,S00901,2026-01-19 00:00:00,86.04,90.39,0,0,0,0,0,0,0,High
4503,S00901,2026-06-08 00:00:00,82.82,83.74,0,0,0,0,0,0,0,High
4504,S00901,2026-08-24 00:00:00,79.81,80.49,0,0,1,0,0,0,1,High
4505,S00901,2027-01-18 00:00:00,77.51,75.81,0,0,1,0,0,0,0,High
4506,S00902,2025-08-25 00:00:00,82.02,74.16,0,0,0,0,0,0,0,High
4507,S00902,2026-01-19 00:00:00,76.58,79.37,0,0,2,1,0,0,1,High
4508,S00902,2026-06-08 00:00:00,77.27,69.76,0,0,4,2,0,0,0,High
4509,S00902,2026-08-24 00:00:00,73.51,77.71,0,0,4,2,0,0,0,Moderate
4510,S00902,2027-01-18 00:00:00,76.27,84.11,0,0,5,3,0,0,0,High
4511,S00903,2025-08-25 00:00:00,87.74,92.74,0,0,0,0,0,0,0,High
4512, S00903 ,2026-01-19 00:00:00,80.07,80.48,0,0,1,0,0,0,1,High
4513,S00903,2026-06-08 00:00:00,,84.71,0,0,1,0,0,0,0,High
4514,S00903,2026-08-24 00:00:00,73.89,76.04,0,1,2,0,0,0,1,Moderate
4515,S00903,2027-01-18 00:00:00,72.47,76.14,0,1,4,1,0,0,2,Moderate
4516,S00904,2025-08-25 00:00:00,84.75,81.9,0,0,0,0,0,0,0,High
4517,S00904,2026-01-19 00:00:00,85.82,88.61,0,0,0,0,0,0,0,High
4518,S00904,2026-06-08 00:00:00,83.8,77.6,0,0,1,0,0,0,0,High
4519,S00904,2026-08-24 00:00:00,84.14,78.63,0,1,1,0,0,0,0,High
4520,S00904,2027-01-18 00:00:00,81.85,85.49,0,2,1,0,0,0,0,High
4521,S00905,2025-08-25 00:00:00,78.79,76.71,0,0,0,0,0,0,0,High
4522,S00905,2026-01-19 00:00:00,76.17,71.44,0,0,1,1,0,0,1,High
4523,S00905,2026-06-08 00:00:00,79.46,64.87,0,0,2,1,0,0,0,High
4524,S00905,2026-08-24 00:00:00,71.12,69.29,1,0,3,2,0,1,1,Moderate
4525,S00905,2027-01-18 00:00:00,55.89,50.22,1,0,4,2,0,1,1,Moderate
4526,S00906,2025-08-25 00:00:00,87.48,94.58,0,0,0,0,0,0,0,High
4527,S00906,2026-01-19 00:00:00,89.4,93.94,0,0,0,0,0,0,0,High
4528,S00906,2026-06-08 00:00:00,66.25,68.26,0,1,2,1,0,0,2,Moderate
4529,S00906,2026-08-24 00:00:00,79.44,85.49,0,1,3,2,0,0,1,High
4530,S00906,2027-01-18 00:00:00,76.18,79.32,0,2,4,3,0,0,1,High
4531,S00907,2025-08-25 00:00:00,81.52,83.27,0,0,0,0,0,0,0,High
4532,S00907,19/01/2026 00:00,89.41,95.48,0,0,1,1,0,0,0,High
4533,S00907,2026-06-08 00:00:00,73.32,79.39,0,1,4,3,0,0,1,Moderate
4534,S00907,2026-08-24 00:00:00,74.47,72.83,0,1,5,3,0,0,1,Moderate
4535,S00907,2027-01-18 00:00:00,64.99,68.01,0,2,7,4,0,0,1,Moderate
4536,S00908,2025-08-25 00:00:00,90.77,89.19,0,0,0,0,0,0,0,High
4537,S00908,2026-01-19 00:00:00,76.86,78.57,0,1,3,1,0,0,0,High
4538,S00908,2026-06-08 00:00:00,73.89,,0,2,7,3,0,0,3,Moderate
4539,S00908,2026-08-24 00:00:00,55.5,54.73,1,2,8,4,0,1,1,Moderate
4540,S00908,2027-01-18 00:00:00,46.39,44.76,1,2,12,6,1,1,3,Low
4541,S00909,2025-08-25 00:00:00,88.66,92.76,0,0,0,0,0,0,0,High
4542,S00909,2026-01-19 00:00:00,88.69,91.66,0,0,0,0,0,0,0,High
4543,S00909,2026-06-08 00:00:00,96.47,91.35,0,0,0,0,0,0,0,High
4544,S00909,2026-08-24 00:00:00,95.67,100.0,0,0,0,0,0,0,0,High
4545,S00909,2027-01-18 00:00:00,91.13,91.41,0,0,6,0,0,0,3,High
4546,S00910,2025-08-25 00:00:00,84.17,83.3,0,0,0,0,0,0,0,High
4547,S00910,2026-01-19 00:00:00,75.2,75.59,0,1,1,1,0,0,0,High
4548,S00910,2026-06-08 00:00:00,75.8,80.35,0,2,2,1,0,0,1,High
4549,S00910,2026-08-24 00:00:00,64.91,61.68,0,2,3,1,0,0,1,Moderate
4550,S00910,2027-01-18 00:00:00,76.57,76.95,0,2,6,2,1,0,3,High
4551,S00911,2025-08-25 00:00:00,85.94,88.37,0,0,0,0,0,0,0,High
4552,S00911,2026-01-19 00:00:00,76.37,83.27,0,0,3,3,0,0,2,High
4553,S00911,2026-06-08 00:00:00,80.92,83.22,0,0,3,3,0,0,0,High
4554,S00911,2026-08-24 00:00:00,81.29,82.38,0,0,3,3,0,0,0,High
4555,S00911,2027-01-18 00:00:00,85.59,83.34,0,0,3,3,0,0,0,High
4556,S00912,2025-08-25 00:00:00,83.39,89.25,0,0,0,0,0,0,0,High
4557,S00912,2026-01-19 00:00:00,82.76,80.38,0,0,1,1,0,0,0,High
4558,S00912,2026-06-08 00:00:00,74.8,75.78,0,0,2,2,0,0,0,Moderate
4559,S00912,2026-08-24 00:00:00,69.0,73.33,0,0,4,3,0,0,2,Moderate
4560,S00912,2027-01-18 00:00:00,74.49,71.32,0,0,9,3,0,0,1,Moderate
4561,S00913,2025-08-25 00:00:00,84.62,86.07,0,0,0,0,0,0,0,High
4562,S00913,2026-01-19 00:00:00,87.53,93.04,0,0,0,0,0,0,0,High
4563,S00913,2026-06-08 00:00:00,89.73,88.13,0,0,1,0,0,0,1,High
4564,S00913,2026-08-24 00:00:00,79.77,82.03,0,0,2,1,0,0,1,High
4565,S00913,2027-01-18 00:00:00,81.79,83.07,0,0,3,1,1,0,1,High
4566,S00914,2025-08-25 00:00:00,82.69,72.32,0,0,0,0,0,0,0,High
4567,S00914,2026-01-19 00:00:00,78.54,69.78,0,0,1,1,0,0,0,High
4568,S00914,2026-06-08 00:00:00,72.72,61.96,0,0,3,3,0,0,2,Moderate
4569,S00914,2026-08-24 00:00:00,71.49,63.54,0,0,3,3,0,0,0,Moderate
4570,S00914,2027-01-18 00:00:00,70.95,61.92,0,0,3,3,0,0,0,Moderate
4571,S00915,2025-08-25 00:00:00,84.77,85.72,0,0,0,0,0,0,0,High
4572,S00915,2026-01-19 00:00:00,79.45,81.37,0,0,4,3,1,0,1,High
4573,S00915,2026-06-08 00:00:00,70.86,74.4,0,0,7,5,1,0,2,Moderate
4574,S00915,2026-08-24 00:00:00,67.3,67.33,0,0,7,5,1,0,0,Moderate
4575,S00915,2027-01-18 00:00:00,74.54,75.24,0,0,8,6,1,0,0,Moderate
4576,S00916,2025/08/25 00:00:00,89.09,92.62,0,0,0,0,0,0,0,High
4577,S00916,2026-01-19 00:00:00,70.56,72.45,0,0,3,2,0,0,3,
4578,S00916,2026-06-08 00:00:00,56.61,53.77,1,1,6,3,0,15,2,Moderate
4579,S00916,24-08-2026 00:00,50.21,49.66,1,1,7,4,0,15,1,Moderate
4580,S00916,2027-01-18 00:00:00,51.79,50.52,1,1,8,5,0,15,0,Moderate
4581,S00917,2025-08-25 00:00:00,82.87,91.71,0,0,0,0,0,0,0,High
4582,S00917,2026-01-19 00:00:00,-10.0,75.76,0,0,1,0,0,0,0,High
4583,S00917,2026-06-08 00:00:00,90.77,88.96,0,0,1,0,0,0,0,High
4584,S00917,2026-08-24 00:00:00,76.81,82.81,0,0,2,0,0,0,1,High
4585,S00917,2027-01-18 00:00:00,62.34,57.19,0,0,7,2,1,0,2,Moderate
4586,S00918,2025-08-25 00:00:00,88.25,87.43,0,0,0,0,0,0,0,High
4587,S00918,2026-01-19 00:00:00,85.4,79.6,0,0,0,0,0,0,0, High 
4588,S00918,2026-06-08 00:00:00,83.21,83.12,0,0,0,0,0,0,0,High
4589,S00918,2026-08-24 00:00:00,72.02,67.52,0,0,1,1,0,0,1,Moderate
4590,S00918,2027-01-18 00:00:00,82.75,85.04,0,0,1,1,0,0,0,High
4591,S00919,2025-08-25 00:00:00,80.16,75.35,0,0,0,0,0,0,0,High
4592,S00919,2026-01-19 00:00:00,75.99,73.96,0,0,0,0,0,0,0,High
4593,S00919,2026-06-08 00:00:00,79.84,71.98,0,0,0,0,0,0,0,High
4594,S00919,2026-08-24 00:00:00,79.53,78.53,0,0,1,1,0,0,1,High
4595,S00919,2027-01-18 00:00:00,72.55,75.29,0,0,2,2,0,0,1,
4596,S00920,2025-08-25 00:00:00,81.13,88.89,0,0,0,0,0,0,0,
4597,S00920,2026-01-19 00:00:00,82.89,,0,0,0,0,0,0,0,High
4598,S00920,2026-06-08 00:00:00,76.46,79.03,0,0,0,0,0,0,0,High
4599,S00920,2026-08-24 00:00:00,78.16,78.06,0,0,0,0,0,0,0,High
4600,S00920,2027-01-18 00:00:00,87.61,89.3,0,0,0,0,0,0,0,High
4601,S00921,2025-08-25 00:00:00,95.06,95.08,0,0,0,0,0,0,0,High
4602,S00921,2026-01-19 00:00:00,91.87,92.43,0,0,0,0,0,0,0,High
4603,S00921,2026-06-08 00:00:00,83.55,81.15,0,0,1,1,0,0,1,High
4604,S00921,24-08-2026 00:00,78.24,80.9,0,1,2,1,0,0,1,High
4605,S00921,2027-01-18 00:00:00,83.21,85.4,0,1,2,1,0,0,0,High
4606,S00922,2025-08-25 00:00:00,84.81,77.24,0,0,0,0,0,0,0,High
4607,S00922,2026-01-19 00:00:00,80.7,77.62,0,1,2,1,0,0,0,High
4608,S00922,2026-06-08 00:00:00,56.46,53.53,0,1,8,3,1,0,6,Moderate
4609,S00922,2026-08-24 00:00:00,72.48,72.76,0,1,8,3,1,0,0,Moderate
4610,S00922,2027-01-18 00:00:00,66.71,63.85,0,1,9,3,1,0,0,Moderate
4611,S00923,2025-08-25 00:00:00,90.58,92.56,0,0,0,0,0,0,0,High
4612,S00923,2026-01-19 00:00:00,76.91,73.02,0,2,6,1,1,0,3,High
4613,S00923,2026-06-08 00:00:00,68.56,70.21,0,2,7,1,1,0,1,Moderate
4614,S00923,2026-08-24 00:00:00,68.3,70.87,0,3,7,1,1,0,0,Moderate
4615,S00923,2027-01-18 00:00:00,68.31,72.24,0,3,9,2,1,0,0,
4616,S00924,2025-08-25 00:00:00,83.2,95.85,0,0,0,0,0,0,0,High
4617,S00924,2026-01-19 00:00:00,82.16,79.58,0,1,1,0,0,0,0,High
4618,S00924,2026-06-08 00:00:00,75.74,78.07,0,1,2,0,1,0,0,High
4619,S00924,2026-08-24 00:00:00,78.25,80.44,0,1,2,0,1,0,0,High
4620,S00924,2027-01-18 00:00:00,74.48,69.93,0,1,2,0,1,0,0,Moderate
4621,S00925,2025-08-25 00:00:00,90.43,93.7,0,0,0,0,0,0,0,High
4622,S00925,2026-01-19 00:00:00,77.53,78.91,0,0,1,1,0,0,0,High
4623,S00925,2026-06-08 00:00:00,86.56,87.05,0,0,1,1,0,0,0,High
4624,S00925,2026-08-24 00:00:00,78.79,76.34,0,0,1,1,0,0,0,High
4625,S00925,2027-01-18 00:00:00,77.77,83.14,0,0,3,1,0,0,1,High
4626,S00926,2025-08-25 00:00:00,92.07,91.43,0,0,0,0,0,0,0,High
4627,S00926,2026-01-19 00:00:00,83.45,88.18,0,0,1,1,0,0,0,High
4628,S00926,2026-06-08 00:00:00,85.79,86.77,0,0,3,1,0,0,1,High
4629,S00926,2026-08-24 00:00:00,75.77,75.42,0,1,5,1,0,0,2,High
4630,S00926,2027-01-18 00:00:00,70.4,74.02,0,1,8,2,0,0,3,Moderate
4631,S00927,2025-08-25 00:00:00,83.08,79.56,0,0,0,0,0,0,0,High
4632,S00927,2026-01-19 00:00:00,83.72,83.6,0,0,0,0,0,0,0,High
4633,S00927,2026-06-08 00:00:00,84.81,80.43,0,0,1,0,0,0,1,High
4634,S00927,2026-08-24 00:00:00,68.53,66.12,1,0,4,2,0,1,3,Moderate
4635,S00927,2027-01-18 00:00:00,69.58,69.59,1,0,4,2,0,1,0,Moderate
4636,S00928,2025-08-25 00:00:00,81.94,83.5,0,0,0,0,0,0,0,High
4637,S00928,2026-01-19 00:00:00,75.41,73.11,0,0,2,1,0,0,1,High
4638,S00928,2026-06-08 00:00:00,74.67,74.21,0,0,7,3,1,0,1,Moderate
4639,S00928,2026-08-24 00:00:00,82.86,89.36,0,0,7,3,1,0,0,High
4640,S00928,2027-01-18 00:00:00,76.29,76.94,0,0,8,4,1,0,0,High
4641,S00929,2025-08-25 00:00:00,96.79,98.81,0,0,0,0,0,0,0,High
4642,S00929,2026-01-19 00:00:00,78.12,79.3,0,1,4,3,0,0,2,High
4643,S00929,2026-06-08 00:00:00,62.55,70.28,1,2,7,6,0,4,2,Moderate
4644,S00929,2026-08-24 00:00:00,51.25,52.56,1,3,8,7,0,4,1,Moderate
4645,S00929,2027-01-18 00:00:00,51.85,60.11,1,4,8,7,0,4,0,Moderate
4646,S00930,2025-08-25 00:00:00,75.0,77.87,0,0,0,0,0,0,0,High
4647,S00930,2026-01-19 00:00:00,76.3,81.23,0,0,0,0,0,0,0,High
4648,S00930,2026-06-08 00:00:00,70.89,69.26,0,0,2,2,0,0,1,Moderate
4649,S00930,2026-08-24 00:00:00,58.49,57.86,0,1,7,4,0,0,5, Moderate 
4650,S00930,2027-01-18 00:00:00,55.41,61.63,0,1,9,6,0,0,1,Moderate
4651,S00931,2025-08-25 00:00:00,,93.26,0,0,0,0,0,0,0,HIGH
4652,S00931,2026-01-19 00:00:00,82.01,75.74,0,0,0,0,0,0,0,High
4653,S00931,2026-06-08 00:00:00,82.28,81.35,0,0,0,0,0,0,0,High
4654,S00931,2026-08-24 00:00:00,82.96,81.96,0,0,1,1,0,0,1,High
4655,S00931,2027-01-18 00:00:00,,91.84,0,0,1,1,0,0,0,High
4656,S00932,2025-08-25 00:00:00,86.98,91.57,0,0,0,0,0,0,0,High
4657,S00932,2026-01-19 00:00:00,83.79,,0,0,0,0,0,0,0,High
4658,S00932,2026-06-08 00:00:00,63.89,64.07,0,0,3,2,0,0,3,Moderate
4659,S00932,2026-08-24 00:00:00,67.33,68.26,0,0,4,3,0,0,1,Moderate
4660,S00932,2027-01-18 00:00:00,,73.81,0,0,4,3,0,0,0,Moderate
4661,S00933,2025-08-25 00:00:00,,85.25,0,0,0,0,0,0,0,High
4662,S00933,2026-01-19 00:00:00,78.27,73.7,0,0,3,2,0,0,1,High
4663,S00933,2026-06-08 00:00:00,77.49,67.17,0,0,4,2,0,0,1,High
4664,S00933,2026-08-24 00:00:00,75.2,73.89,0,0,6,3,0,0,2,High
4665,S00933,2027-01-18 00:00:00,75.57,70.02,0,0,8,4,0,0,2,High
4666,S00934,2025-08-25 00:00:00,82.95,79.21,0,0,0,0,0,0,0,High
4667,S00934,2026-01-19 00:00:00,,74.72,0,0,0,0,0,0,0,High
4668,S00934,2026-06-08 00:00:00,72.73,,0,1,1,1,0,0,0,Moderate
4669,S00934,2026-08-24 00:00:00,69.09,61.81,0,1,2,2,0,0,1,Moderate
4670,S00934,2027-01-18 00:00:00,54.15,53.37,1,1,6,4,0,4,0,Moderate
4671,S00935,2025-08-25 00:00:00,92.18,90.26,0,0,0,0,0,0,0,High
4672,S00935,2026-01-19 00:00:00,78.14,84.09,0,0,2,2,0,0,1,High
4673,S00935,2026-06-08 00:00:00,83.02,88.31,0,0,2,2,0,0,0,High
4674,S00935,2026-08-24 00:00:00,83.5,84.38,0,0,2,2,0,0,0,High
4675,S00935,2027-01-18 00:00:00,86.38,90.36,0,0,2,2,0,0,0,High
4676,S00936,2025-08-25 00:00:00,89.81,88.86,0,0,0,0,0,0,0,High
4677,S00936,2026-01-19 00:00:00,88.4,88.23,0,0,0,0,0,0,0,High
4678,S00936,2026-06-08 00:00:00,91.71,91.76,0,0,0,0,0,0,0,High
4679,S00936,2026-08-24 00:00:00,84.54,80.62,0,0,0,0,0,0,0,High
4680,S00936,2027-01-18 00:00:00,86.86,86.5,0,0,1,1,0,0,0,High
4681,S00937,2025-08-25 00:00:00,84.84,80.76,0,0,0,0,0,0,0,High
4682,S00937,2026-01-19 00:00:00,80.38,75.2,0,0,0,0,0,0,0,High
4683,S00937,2026-06-08 00:00:00,68.81,66.26,0,0,1,1,0,0,1,Moderate
4684,S00937,2026-08-24 00:00:00,63.91,62.51,0,1,3,1,1,0,2,Moderate
4685,S00937,2027-01-18 00:00:00,74.46,74.92,0,1,3,1,1,0,0,Moderate
4686,S00938,2025-08-25 00:00:00,89.0,83.13,0,0,0,0,0,0,0,High
4687,S00938,2026-01-19 00:00:00,92.18,94.05,0,0,0,0,0,0,0,High
4688,S00938,2026-06-08 00:00:00,85.03,88.92,0,0,1,0,0,0,0,High
4689,S00938,2026-08-24 00:00:00,78.14,79.52,0,0,2,1,0,0,1,High
4690,S00938,2027-01-18 00:00:00,87.1,91.35,0,-2,4,1,0,0,2,High
4691,S00939,2025-08-25 00:00:00,82.88,81.9,0,0,0,0,0,0,0,High
4692,S00939,2026-01-19 00:00:00,85.91,87.19,0,0,0,0,0,0,0,High
4693,S00939,2026-06-08 00:00:00,93.44,96.77,0,0,0,0,0,0,0,High
4694,S00939,2026-08-24 00:00:00,85.83,88.65,0,0,1,0,0,0,1,High
4695,S00939,2027-01-18 00:00:00,78.47,79.76,0,0,4,2,0,0,2,High
4696,S00940,2025-08-25 00:00:00,80.08,74.93,0,0,0,0,0,0,0,High
4697, S00940 ,2026-01-19 00:00:00,92.51,86.21,0,0,0,0,0,0,0,High
4698,S00940,2026-06-08 00:00:00,81.58,77.41,0,0,0,0,0,0,0,High
4699,S00940,2026-08-24 00:00:00,70.69,74.44,1,0,0,0,0,1,0,Moderate
4700,S00940,2027-01-18 00:00:00,71.86,70.29,1,0,0,0,0,1,0,Moderate
4701,S00941,2025-08-25 00:00:00,84.45,84.84,0,0,0,0,0,0,0,High
4702,S00941,2026-01-19 00:00:00,88.53,88.11,0,0,0,0,0,0,0,High
4703,S00941,2026-06-08 00:00:00,73.29,73.32,0,0,2,1,0,0,1,Moderate
4704,S00941,2026-08-24 00:00:00,69.84,63.7,0,2,5,2,0,0,3,Moderate
4705,S00941,2027-01-18 00:00:00,66.94,66.59,0,2,7,3,0,0,1,Moderate
4706,S00942,2025-08-25 00:00:00,86.85,,0,0,0,0,0,0,0,High
4707,S00942,01/19/2026 00:00,86.64,83.67,0,0,1,0,0,0,1,High
4708,S00942,2026-06-08 00:00:00,81.76,84.46,0,1,2,1,0,0,1,High
4709,S00942,2026-08-24 00:00:00,82.94,89.33,0,2,4,1,0,0,2,High
4710,S00942,2027-01-18 00:00:00,73.56,78.56,0,2,9,3,0,0,1,Moderate
4711,S00943,2025-08-25 00:00:00,93.19,95.04,0,0,0,0,0,0,0,High
4712,S00943,2026-01-19 00:00:00,81.93,86.06,0,0,3,2,0,0,1,High
4713,S00943,2026-06-08 00:00:00,82.97,82.14,0,0,3,2,0,0,0,High
4714,S00943,2026-08-24 00:00:00,70.99,69.31,0,0,4,2,0,0,1,Moderate
4715,S00943,2027-01-18 00:00:00,90.78,100.0,0,0,5,2,0,0,1,High
4716,S00944,2025-08-25 00:00:00,91.39,93.87,0,0,0,0,0,0,0,High
4717,S00944,2026-01-19 00:00:00,87.81,93.29,0,1,3,0,0,0,1,High
4718,S00944,2026-06-08 00:00:00,87.76,91.63,0,2,3,0,0,0,0,High
4719,S00944,2026-08-24 00:00:00,82.62,82.82,0,3,6,1,0,0,3,High
4720,S00944,2027-01-18 00:00:00,85.82,97.47,0,3,6,1,0,0,0,High
4721,S00945,2025-08-25 00:00:00,76.61,78.6,0,0,0,0,0,0,0,High
4722,S00945,2026-01-19 00:00:00,76.08,80.0,0,0,0,0,0,0,0,High
4723,S00945,2026-06-08 00:00:00,72.17,73.78,0,0,2,1,0,0,2,Moderate
4724,S00945,2026-08-24 00:00:00,68.76,62.79,0,0,3,1,0,0,1,Moderate
4725,S00945,2027-01-18 00:00:00,69.2,66.42,0,1,4,2,0,0,1,Moderate
4726,S00946,2025-08-25 00:00:00,99.93,100.0,0,0,0,0,0,0,0,High
4727,S00946,2026-01-19 00:00:00,88.39,90.07,0,0,0,0,0,0,0,High
4728,S00946,2026-06-08 00:00:00,76.47,82.71,0,30,2,1,0,0,1,high
4729,S00946,24/08/2026 00:00,81.49,87.41,0,0,5,-2,0,0,3,High
4730,S00946,2027-01-18 00:00:00,78.53,78.93,0,0,6,3,0,0,0,High
4731,S00947,2025-08-25 00:00:00,91.52,90.63,0,0,0,0,0,0,0,High
4732,S00947,2026-01-19 00:00:00,83.03,80.28,0,0,3,0,0,0,0,High
4733,S00947,2026-06-08 00:00:00,81.21,82.36,0,0,3,0,0,0,0,High
4734,S00947,2026-08-24 00:00:00,66.94,70.63,0,0,6,1,0,0,3,Moderate
4735,S00947,2027-01-18 00:00:00,70.09,63.01,0,0,8,2,1,0,2,Moderate
4736,S00948,2025-08-25 00:00:00,89.08,88.61,0,0,0,0,0,0,0,High
4737,S00948,2026-01-19 00:00:00,63.11,64.35,1,0,3,1,0,4,2,Moderate
4738,S00948,2026-06-08 00:00:00,63.14,67.51,1,0,6,2,0,4,3,Moderate
4739,S00948,2026-08-24 00:00:00,66.95,66.07,1,0,6,2,0,4,0,Moderate
4740,S00948,2027-01-18 00:00:00,64.19,68.24,1,0,8,3,0,4,1,Moderate
4741,S00949,2025-08-25 00:00:00,82.89,80.76,0,0,0,0,0,0,0,High
4742,S00949,2026-01-19 00:00:00,85.49,83.96,0,0,0,0,0,0,0,High
4743,S00949,2026-06-08 00:00:00,76.97,78.56,0,0,1,0,0,0,0,High
4744,S00949,2026-08-24 00:00:00,82.71,80.18,0,0,2,0,0,0,1,High
4745,S00949,2027-01-18 00:00:00,71.02,64.96,0,0,4,0,0,0,1,Moderate
4746,S00950,2025-08-25 00:00:00,78.82,79.17,0,0,0,0,0,0,0,High
4747,S00950,2026-01-19 00:00:00,73.49,76.01,0,0,3,2,0,0,0,Moderate
4748, S00950 ,2026-06-08 00:00:00,50.37,56.32,1,0,7,3,1,8,3,
4749,S00950,2026-08-24 00:00:00,55.34,53.5,1,0,7,3,1,8,0,Moderate
4750,S00950,2027-01-18 00:00:00,59.2,61.32,1,0,7,3,1,8,0,Moderate
4751,S00951,2025-08-25 00:00:00,91.72,91.52,0,0,0,0,0,0,0,High
4752,S00951,2026-01-19 00:00:00,92.43,97.02,0,0,0,0,0,0,0,High
4753,S00951,2026-06-08 00:00:00,88.82,92.27,0,0,0,0,0,0,0,High
4754,S00951,2026-08-24 00:00:00,65.17,63.46,0,0,5,2,1,0,5,Moderate
4755,S00951,2027-01-18 00:00:00,77.7,83.73,0,0,7,3,1,0,2,High
4756,S00952,2025-08-25 00:00:00,86.41,88.5,0,0,0,0,0,0,0,High
4757,S00952,2026-01-19 00:00:00,95.7,92.64,0,0,0,0,0,0,0,High
4758,S00952,2026-06-08 00:00:00,89.75,84.23,0,0,2,1,0,0,0,High
4759,S00952,2026-08-24 00:00:00,83.44,76.76,0,0,4,2,0,0,2,High
4760,S00952,2027-01-18 00:00:00,93.71,91.53,0,0,4,2,0,0,0,High
4761,S00953,2025-08-25 00:00:00,75.06,78.61,0,0,0,0,0,0,0,High
4762,S00953,2026-01-19 00:00:00,85.1,82.2,0,0,0,0,0,0,0,High
4763,S00953,2026-06-08 00:00:00,72.05,68.29,0,0,1,0,0,0,0,Moderate
4764,S00953,2026-08-24 00:00:00,73.56,71.01,0,0,2,1,0,0,1,Moderate
4765,S00953,2027-01-18 00:00:00,73.07,72.84,0,0,2,1,0,0,0,Moderate
4766,S00954,2025-08-25 00:00:00,82.48,87.07,0,0,0,0,0,0,0,High
4767,S00954,2026-01-19 00:00:00,68.75,68.73,0,0,1,1,0,0,1,Moderate
4768,S00954,2026-06-08 00:00:00,70.81,79.38,0,0,4,3,0,0,2,Moderate
4769,S00954,2026-08-24 00:00:00,56.04,53.66,1,0,6,4,0,1,2,Moderate
4770,S00954,2027-01-18 00:00:00,62.47,63.73,1,0,6,4,0,1,0,Moderate
4771,S00955,2025-08-25 00:00:00,77.54,77.46,0,0,0,0,0,0,0,High
4772,S00955,2026-01-19 00:00:00,73.51,67.56,0,0,3,3,0,0,0,Moderate
4773,S00955,2026-06-08 00:00:00,72.71,72.73,0,1,4,4,0,0,1,Moderate
4774,S00955,2026-08-24 00:00:00,,65.07,0,1,5,4,0,0,1,Moderate
4775,S00955,2027-01-18 00:00:00,52.32,48.61,1,2,8,5,1,1,0,Moderate
4776,S00956,2025-08-25 00:00:00,82.46,74.89,0,0,0,0,0,0,0,High
4777,S00956,2026-01-19 00:00:00,79.69,78.47,0,0,1,1,0,0,0,High
4778,S00956,2026-06-08 00:00:00,83.35,82.58,0,0,1,1,0,0,0,High
4779,S00956,2026-08-24 00:00:00,53.36,49.01,1,0,5,2,0,8,4,Moderate
4780,S00956,2027-01-18 00:00:00,50.96,47.15,1,1,10,4,1,8,0,Moderate
4781,S00957,2025-08-25 00:00:00,80.09,83.47,0,0,0,0,0,0,0,High
4782,S00957,2026-01-19 00:00:00,,75.18,0,0,0,0,0,0,0,High
4783,S00957,2026-06-08 00:00:00,71.85,78.9,0,0,2,0,0,0,2,Moderate
4784,S00957,2026-08-24 00:00:00,81.07,84.93,0,0,2,0,0,0,0,High
4785,S00957,2027-01-18 00:00:00,77.24,74.97,0,0,3,0,0,0,1,High
4786,S00958,2025-08-25 00:00:00,91.41,99.97,0,0,0,0,0,0,0,High
4787,S00958,2026-01-19 00:00:00,78.39,83.59,0,0,2,1,1,0,0,High
4788,S00958,2026-06-08 00:00:00,70.57,78.23,0,0,7,3,1,0,3,Moderate
4789,S00958,2026-08-24 00:00:00,67.26,70.96,0,0,10,4,1,0,3,Moderate
4790,S00958,2027-01-18 00:00:00,76.43,86.77,0,0,10,4,1,0,0,High
4791,S00959,2025-08-25 00:00:00,90.72,96.88,0,0,0,0,0,0,0,High
4792,S00959,2026-01-19 00:00:00,80.09,83.85,0,0,2,1,0,0,2,High
4793,S00959,2026-06-08 00:00:00,84.39,90.63,0,0,3,2,0,0,0,High
4794,S00959,2026-08-24 00:00:00,69.98,79.0,0,0,7,4,0,0,4,Moderate
4795,S00959,2027-01-18 00:00:00,66.57,67.96,0,0,10,5,1,0,3,Moderate
4796,S00960,2025-08-25 00:00:00,84.35,88.23,0,0,0,0,0,0,0,High
4797,S00960,2026-01-19 00:00:00,88.16,88.04,0,0,0,0,0,0,0,High
4798,S00960,2026-06-08 00:00:00,70.47,73.03,0,0,3,1,0,0,3,Moderate
4799,S00960,2026-08-24 00:00:00,70.29,67.86,0,0,4,1,0,0,1,Moderate
4800,S00960,2027-01-18 00:00:00,69.93,75.4,0,0,8,3,0,0,1,Moderate
4801,S00961,2025-08-25 00:00:00,85.99,83.48,0,0,0,0,0,0,0,High
4802,S00961,2026-01-19 00:00:00,90.55,89.49,0,0,0,0,0,0,0,High
4803,S00961,2026-06-08 00:00:00,70.48,68.55,0,1,6,5,0,0,3,Moderate
4804,S00961,2026-08-24 00:00:00,72.73,74.51,0,1,8,5,0,0,2,Moderate
4805,S00961,2027-01-18 00:00:00,73.57,73.54,0,1,8,5,0,0,0,Moderate
4806,S00962,2025-08-25 00:00:00,73.95,69.1,0,0,0,0,0,0,0,Moderate
4807,S00962,2026-01-19 00:00:00,61.99,62.39,1,0,3,1,0,4,1,Moderate
4808,S00962,2026-06-08 00:00:00,51.7,42.62,1,0,9,4,0,4,3, Moderate 
4809,S00962,2026-08-24 00:00:00,38.28,31.65,2,0,9,4,0,10,0,Low
4810,S00962,2027-01-18 00:00:00,40.97,33.33,2,0,11,5,0,10,0,Low
4811,S00963,2025-08-25 00:00:00,82.55,80.39,0,0,0,0,0,0,0,High
4812,S00963,2026-01-19 00:00:00,79.51,80.14,0,0,1,0,0,0,1,High
4813,S00963,2026-06-08 00:00:00,73.78,63.14,0,0,4,1,0,0,3,Moderate
4814, S00963 ,2026-08-24 00:00:00,63.33,53.11,0,1,5,2,0,0,1,Moderate
4815,S00963,2027-01-18 00:00:00,64.9,61.52,0,1,6,3,0,0,0,Moderate
4816,S00964,2025-08-25 00:00:00,80.4,79.37,0,0,0,0,0,0,0,High
4817,S00964,2026-01-19 00:00:00,84.3,83.53,0,0,2,1,0,0,0,High
4818,S00964,2026-06-08 00:00:00,72.22,68.39,0,1,5,2,0,0,3,Moderate
4819,S00964,2026-08-24 00:00:00,78.41,88.21,0,1,5,2,0,0,0,High
4820,S00964,2027-01-18 00:00:00,79.69,78.27,0,1,5,2,0,0,0,High
4821,S00965,2025-08-25 00:00:00,80.45,73.38,0,0,0,0,0,0,0,High
4822,S00965,2026-01-19 00:00:00,66.43,,0,0,3,1,0,0,1,Moderate
4823,S00965,2026-06-08 00:00:00,73.25,66.49,0,0,5,1,1,0,2,Moderate
4824,S00965,2026-08-24 00:00:00,64.67,65.83,0,0,6,1,1,0,1,Moderate
4825,S00965,2027-01-18 00:00:00,66.93,61.57,0,0,7,2,1,0,0, Moderate 
4826,S00966,2025-08-25 00:00:00,91.11,90.3,0,0,0,0,0,0,0,High
4827,S00966,2026-01-19 00:00:00,90.63,83.79,0,0,1,0,0,0,0,High
4828,S00966,2026-06-08 00:00:00,73.09,71.05,0,0,5,2,0,0,1,Moderate
4829,S00966,2026-08-24 00:00:00,72.28,72.49,0,0,7,3,0,0,2,Moderate
4830,S00966,2027-01-18 00:00:00,73.06,64.22,0,0,10,4,0,-5,3,Moderate
4831,S00967,2025-08-25 00:00:00,86.49,90.63,0,0,0,0,0,0,0,High
4832,S00967,2026-01-19 00:00:00,82.42,83.25,0,30,1,1,0,0,1,High
4833,S00967,2026-06-08 00:00:00,83.77,80.3,0,0,1,1,0,0,0,High
4834,S00967,2026-08-24 00:00:00,77.25,80.08,0,0,2,1,0,0,1,High
4835,S00967,2027-01-18 00:00:00,84.61,89.37,0,0,2,1,0,0,0,High
4836,S00968,2025-08-25 00:00:00,81.51,83.3,0,0,0,0,0,0,0,High
4837,S00968,2026-01-19 00:00:00,91.05,87.04,0,0,0,0,0,0,0,High
4838,S00968,2026-06-08 00:00:00,79.3,80.68,0,0,2,0,0,0,2,High
4839,S00968,2026-08-24 00:00:00,88.32,88.55,0,0,2,0,0,0,0,High
4840,S00968,2027-01-18 00:00:00,73.31,70.61,0,0,5,1,1,0,2,Moderate
4841,S00969,2025-08-25 00:00:00,98.01,100.0,0,0,0,0,0,0,0,High
4842,S00969,2026-01-19 00:00:00,90.18,89.9,0,0,0,0,0,0,0,High
4843,S00969,2026-06-08 00:00:00,85.74,92.61,0,0,1,1,0,0,1,High
4844,S00969,2026-08-24 00:00:00,88.69,82.86,0,0,3,2,0,0,2,High
4845,S00969,2027-01-18 00:00:00,81.34,84.41,0,0,4,2,0,0,0,High
4846,S00970,2025-08-25 00:00:00,81.9,84.49,0,0,0,0,0,0,0,High
4847,S00970,2026-01-19 00:00:00,73.15,76.5,0,0,3,3,0,0,0,Moderate
4848,S00970,2026-06-08 00:00:00,63.17,68.02,0,0,6,3,1,0,0, Moderate 
4849,S00970,2026-08-24 00:00:00,68.73,68.48,0,0,6,3,1,0,0,Moderate
4850,S00970,2027-01-18 00:00:00,60.57,55.17,0,0,10,5,1,0,2,Moderate
4851,S00971,2025-08-25 00:00:00,85.98,88.57,0,0,0,0,0,0,0,High
4852,S00971,2026-01-19 00:00:00,90.64,92.26,0,0,1,1,0,0,0,High
4853,S00971,2026-06-08 00:00:00,81.98,84.19,0,0,2,2,0,0,0,High
4854,S00971,2026-08-24 00:00:00,85.26,83.48,0,0,2,2,0,0,0,High
4855,S00971,2027-01-18 00:00:00,87.25,90.05,0,0,2,2,0,0,0,High
4856,S00972,2025-08-25 00:00:00,91.72,91.34,0,0,0,0,0,0,0,High
4857, S00972 ,2026-01-19 00:00:00,80.86,80.22,0,0,2,1,0,0,1,High
4858,S00972,2026-06-08 00:00:00,74.64,70.24,0,0,5,3,0,0,3,Moderate
4859,S00972,2026-08-24 00:00:00,68.07,69.89,0,0,10,5,0,0,5,Moderate
4860,S00972,2027-01-18 00:00:00,68.73,69.89,0,0,11,5,0,0,1,Moderate
4861,S00973,2025-08-25 00:00:00,89.62,86.85,0,0,0,0,0,0,0,High
4862, S00973 ,2026-01-19 00:00:00,91.63,91.66,0,0,0,0,0,0,0,High
4863,S00973,2026-06-08 00:00:00,86.32,81.58,0,0,1,0,1,0,1,High
4864,S00973,2026-08-24 00:00:00,80.74,87.51,0,0,3,1,1,0,2,High
4865,S00973,2027-01-18 00:00:00,78.11,79.4,0,0,6,2,2,0,0,High
4866,S00974,2025-08-25 00:00:00,87.94,85.38,0,0,0,0,0,0,0,High
4867,S00974,2026-01-19 00:00:00,88.87,93.62,0,0,0,0,0,0,0,High
4868,S00974,2026-06-08 00:00:00,69.99,78.05,0,1,4,2,0,0,4,Moderate
4869,S00974,2026-08-24 00:00:00,78.56,83.03,0,1,4,2,0,0,0,High
4870,S00974,2027-01-18 00:00:00,74.46,75.93,0,1,4,2,0,0,0,Moderate
4871,S00975,2025-08-25 00:00:00,87.65,83.4,0,0,0,0,0,0,0,High
4872,S00975,2026-01-19 00:00:00,95.84,99.7,0,0,0,0,0,0,0,High
4873,S00975,2026-06-08 00:00:00,81.59,87.28,0,1,2,1,0,0,2,High
4874,S00975,2026-08-24 00:00:00,78.72,79.34,0,1,4,2,0,0,2,High
4875,S00975,2027-01-18 00:00:00,69.15,75.08,0,1,8,3,1,0,0,Moderate
4876,S00976,08/25/2025 00:00,93.86,95.29,0,0,0,0,0,0,0,High
4877,S00976,2026-01-19 00:00:00,89.3,94.14,0,0,1,0,0,0,0,High
4878,S00976,2026-06-08 00:00:00,,91.05,0,0,3,1,0,0,0,High
4879,S00976,2026-08-24 00:00:00,78.79,76.18,0,0,5,2,0,0,2,
4880,S00976,2027-01-18 00:00:00,72.12,65.52,0,0,7,3,0,0,2,Moderate
4881,S00977,2025-08-25 00:00:00,72.6,73.28,0,0,0,0,0,0,0,Moderate
4882,S00977,2026-01-19 00:00:00,73.27,70.81,0,0,2,1,0,0,1,Moderate
4883,S00977,2026-06-08 00:00:00,68.63,67.22,0,0,3,2,0,0,1,Moderate
4884,S00977,2026-08-24 00:00:00,74.78,67.82,0,0,3,2,0,0,0,Moderate
4885,S00977,2027-01-18 00:00:00,76.22,80.38,0,0,3,2,0,0,0,High
4886,S00978,2025-08-25 00:00:00,77.88,67.59,0,0,0,0,0,0,0,High
4887,S00978,2026-01-19 00:00:00,75.17,75.75,0,0,2,1,1,0,0,High
4888,S00978,2026-06-08 00:00:00,76.55,71.37,0,0,2,1,1,0,0,High
4889,S00978,2026-08-24 00:00:00,79.61,81.33,0,0,2,1,1,0,0,High
4890,S00978,2027-01-18 00:00:00,79.36,73.86,0,0,2,1,1,0,0, High 
4891,S00979,2025-08-25 00:00:00,86.92,84.24,0,0,0,0,0,0,0,High
4892,S00979,2026-01-19 00:00:00,81.19,72.68,0,0,0,0,0,0,0,High
4893,S00979,2026-06-08 00:00:00,73.01,73.94,0,0,3,2,0,0,3,Moderate
4894,S00979,2026-08-24 00:00:00,66.32,55.39,0,0,4,3,0,0,1,Moderate
4895,S00979,2027-01-18 00:00:00,62.72,64.38,0,1,6,4,0,0,0,Moderate
4896,S00980,2025-08-25 00:00:00,87.81,89.57,0,0,0,0,0,0,0,High
4897,S00980,2026-01-19 00:00:00,73.39,80.19,0,0,6,3,0,0,2,Moderate
4898,S00980,2026-06-08 00:00:00,82.19,85.75,0,0,6,3,0,0,0,High
4899,S00980,2026-08-24 00:00:00,77.93,86.18,0,0,6,3,0,0,0, High 
4900,S00980,2027-01-18 00:00:00,68.46,65.26,0,0,8,4,0,0,1,Moderate
4901,S00981,2025-08-25 00:00:00,100.0,100.0,0,0,0,0,0,0,0,High
4902,S00981,2026-01-19 00:00:00,91.98,85.93,0,0,0,0,0,0,0,High
4903,S00981,2026-06-08 00:00:00,78.71,70.35,0,0,1,1,0,0,1,High
4904,S00981,2026-08-24 00:00:00,82.87,74.89,0,0,2,1,0,0,1,High
4905,S00981,2027-01-18 00:00:00,75.39,65.94,0,0,5,2,0,0,3,High
4906,S00982,2025-08-25 00:00:00,92.92,95.4,0,0,0,0,0,0,0,High
4907,S00982,2026-01-19 00:00:00,83.54,83.93,0,0,2,2,0,0,1,
4908,S00982,2026-06-08 00:00:00,81.17,82.0,0,0,2,2,0,0,0,High
4909,S00982,2026-08-24 00:00:00,74.06,81.54,0,0,5,4,0,0,3, Moderate 
4910,S00982,2027-01-18 00:00:00,55.45,53.43,1,0,9,4,1,8,4,Moderate
4911,S00983,2025-08-25 00:00:00,82.68,76.48,0,0,0,0,0,0,0,High
4912,S00983,2026-01-19 00:00:00,83.41,81.44,0,0,2,1,0,0,0,High
4913,S00983,2026-06-08 00:00:00,72.97,72.84,0,0,2,1,0,0,0,Moderate
4914,S00983,2026-08-24 00:00:00,64.25,55.04,0,0,4,2,0,0,2, Moderate 
4915,S00983,2027-01-18 00:00:00,68.79,60.99,0,0,5,3,0,0,0,Moderate
4916,S00984,2025-08-25 00:00:00,80.99,83.5,0,0,0,0,0,0,0,High
4917,S00984,2026-01-19 00:00:00,84.79,92.37,0,0,0,0,0,0,0,High
4918,S00984,2026-06-08 00:00:00,77.1,85.79,0,1,1,1,0,0,1,High
4919,S00984,2026-08-24 00:00:00,71.6,67.49,0,2,2,2,0,0,1,Moderate
4920,S00984,2027-01-18 00:00:00,84.0,76.39,0,2,3,2,0,0,0,High
4921, S00985 ,2025-08-25 00:00:00,82.81,83.02,0,0,0,0,0,0,0,High
4922,S00985,2026-01-19 00:00:00,72.42,69.02,0,0,5,1,1,0,0,Moderate
4923,S00985,2026-06-08 00:00:00,67.86,70.09,0,0,6,1,2,0,0,Moderate
4924,S00985,2026-08-24 00:00:00,53.76,55.93,0,0,10,3,50,0,4,Moderate
4925,S00985,2027-01-18 00:00:00,58.82,52.09,0,1,11,3,2,0,0,Moderate
4926,S00986,2025-08-25 00:00:00,81.14,84.68,0,0,0,0,0,0,0,High
4927,S00986,2026-01-19 00:00:00,81.73,85.83,0,0,0,0,0,0,0,High
4928,S00986,2026-06-08 00:00:00,84.42,77.16,0,0,1,0,0,0,0,High
4929,S00986,2026-08-24 00:00:00,79.83,78.39,0,0,3,1,0,0,2,High
4930,S00986,2027-01-18 00:00:00,78.09,70.75,0,1,3,1,0,0,0,High
4931,S00987,2025-08-25 00:00:00,87.03,91.23,0,0,0,0,0,0,0,High
4932,S00987,2026-01-19 00:00:00,88.62,90.49,0,0,1,1,0,0,0,High
4933,S00987,2026-06-08 00:00:00,76.44,72.55,0,0,1,1,0,0,0,High
4934,S00987,2026-08-24 00:00:00,70.53,70.73,0,1,5,3,0,0,4,Moderate
4935,S00987,2027-01-18 00:00:00,60.69,67.14,0,2,7,5,0,0,1,Moderate
4936,S00988,2025-08-25 00:00:00,95.99,99.71,0,0,0,0,0,0,0,High
4937,S00988,2026-01-19 00:00:00,77.08,81.02,0,0,3,2,0,0,1,High
4938,S00988,2026-06-08 00:00:00,86.5,83.13,0,0,5,3,0,0,0,High
4939,S00988,24/08/2026 00:00,81.49,84.21,0,0,5,3,0,0,0,High
4940,S00988,2027-01-18 00:00:00,82.44,76.99,0,0,5,3,0,0,0,High
4941,S00989,2025-08-25 00:00:00,87.86,84.55,0,0,0,0,0,0,0,High
4942,S00989,2026-01-19 00:00:00,50.15,45.96,1,0,6,4,0,8,5,Moderate
4943,S00989,2026-06-08 00:00:00,52.66,49.46,1,0,8,5,0,8,2,Moderate
4944, S00989 ,2026-08-24 00:00:00,51.89,49.1,1,0,9,6,0,8,1,Moderate
4945,S00989,2027-01-18 00:00:00,57.25,62.19,1,0,10,7,0,8,1,Moderate
4946,S00990,2025-08-25 00:00:00,83.49,86.04,0,0,0,0,0,0,0,High
4947,S00990,2026-01-19 00:00:00,72.17,63.98,0,0,1,1,0,0,1,Moderate
4948,S00990,2026-06-08 00:00:00,83.38,90.38,0,0,1,1,0,0,0,High
4949,S00990,08/24/2026 00:00,63.49,57.59,1,0,1,1,0,1,0,Moderate
4950,S00990,2027-01-18 00:00:00,64.84,68.81,1,0,1,1,0,1,0,Moderate
4951,S00991,2025-08-25 00:00:00,87.88,100.0,0,0,0,0,0,0,0,High
4952,S00991,2026-01-19 00:00:00,79.37,82.09,0,0,6,3,0,0,3,High
4953,S00991,2026-06-08 00:00:00,72.56,88.55,0,0,8,5,0,0,1,Moderate
4954,S00991,2026-08-24 00:00:00,73.52,71.27,0,1,9,5,0,0,1,Moderate
4955,S00991,2027-01-18 00:00:00,71.61,76.61,0,1,12,5,0,0,3,Moderate
4956,S00992,2025-08-25 00:00:00,80.7,87.64,0,0,0,0,0,0,0,High
4957,S00992,2026-01-19 00:00:00,82.43,87.31,0,0,2,1,0,0,0,High
4958,S00992,2026-06-08 00:00:00,76.46,77.27,0,1,6,3,0,0,3,High
4959,S00992,2026-08-24 00:00:00,79.48,79.87,0,1,7,4,0,0,1,High
4960,S00992,2027-01-18 00:00:00,50.74,53.55,1,1,10,6,0,6,3,Moderate
4961,S00993,2025-08-25 00:00:00,84.79,91.98,0,0,0,0,0,0,0,High
4962,S00993,2026-01-19 00:00:00,91.05,96.93,0,0,0,0,0,0,0,High
4963,S00993,2026/06/08 00:00:00,79.41,82.62,0,0,1,0,0,-5,1,High
4964,S00993,2026-08-24 00:00:00,84.08,90.1,0,0,1,0,0,0,0,High
4965,S00993,2027-01-18 00:00:00,77.78,80.63,0,1,3,1,1,0,2,High
4966,S00994,2025-08-25 00:00:00,79.41,79.37,0,0,0,0,0,0,0,High
4967,S00994,2026-01-19 00:00:00,72.54,71.17,0,1,2,1,0,0,1,
4968,S00994,2026-06-08 00:00:00,61.64,58.32,0,1,7,4,0,0,2,Moderate
4969,S00994,2026-08-24 00:00:00,71.91,65.72,0,1,7,4,0,0,0,Moderate
4970,S00994,2027-01-18 00:00:00,60.4,59.61,0,1,9,6,0,0,1,MODERATE
4971, S00995 ,2025-08-25 00:00:00,93.62,96.44,0,0,0,0,0,0,0,High
4972,S00995,2026-01-19 00:00:00,92.22,100.0,0,0,0,0,0,0,0,High
4973,S00995,2026-06-08 00:00:00,92.36,89.18,0,0,0,0,0,0,0,High
4974,S00995,2026-08-24 00:00:00,85.55,94.54,0,0,1,0,0,0,1,High
4975,S00995,2027-01-18 00:00:00,87.38,90.97,0,0,1,0,0,0,0,High
4976,S00996,2025-08-25 00:00:00,77.24,62.5,0,0,0,0,0,0,0,High
4977,S00996,2026-01-19 00:00:00,70.66,71.19,0,0,0,0,0,0,0,Moderate
4978,S00996,2026-06-08 00:00:00,81.17,80.15,0,0,0,0,0,0,0,High
4979,S00996,2026-08-24 00:00:00,74.17,71.28,0,0,0,0,0,0,0,Moderate
4980,S00996,2027-01-18 00:00:00,78.35,73.31,0,1,0,0,0,0,0,High
4981,S00997,2025-08-25 00:00:00,82.1,87.09,0,0,0,0,0,0,0,High
4982,S00997,2026-01-19 00:00:00,86.82,77.77,0,0,0,0,0,0,0,High
4983,S00997,2026-06-08 00:00:00,74.06,78.39,1,0,0,0,0,4,0,Moderate
4984,S00997,2026-08-24 00:00:00,71.29,69.92,1,0,1,0,0,4,1,Moderate
4985,S00997,2027-01-18 00:00:00,73.43,67.81,1,0,2,1,0,4,0,Moderate
4986,S00998,2025-08-25 00:00:00,,80.14,0,0,0,0,0,0,0,High
4987,S00998,2026-01-19 00:00:00,91.35,98.73,0,0,0,0,0,0,0,High
4988,S00998,2026-06-08 00:00:00,80.43,74.43,0,0,0,0,0,0,0,High
4989,S00998,2026-08-24 00:00:00,81.82,85.21,0,0,0,0,0,0,0,High
4990,S00998,2027-01-18 00:00:00,80.11,77.0,0,0,1,0,0,0,1,High
4991,S00999,2025-08-25 00:00:00,83.16,82.76,0,0,0,0,0,0,0,High
4992,S00999,2026-01-19 00:00:00,86.37,75.57,0,0,0,0,0,0,0, High 
4993, S00999 ,2026-06-08 00:00:00,76.84,-8.0,0,0,2,0,0,0,1,High
4994,S00999,2026-08-24 00:00:00,65.67,60.01,0,0,7,3,0,0,5,Moderate
4995,S00999,2027-01-18 00:00:00,79.91,75.24,0,0,7,3,0,0,0,High
4996,S01000,2025-08-25 00:00:00,79.82,73.7,0,0,0,0,0,0,0,High
4997,S01000,2026-01-19 00:00:00,75.92,78.23,0,0,1,1,0,0,0,High
4998,S01000,2026-06-08 00:00:00,80.93,80.27,0,0,3,1,0,0,2,High
4999,S01000,2026-08-24 00:00:00,68.8,64.9,0,1,8,3,0,0,5,Moderate
5000,S01000,2027-01-18 00:00:00,69.86,64.55,0,1,9,4,0,0,0,Moderate
5001,S01001,2025-08-25 00:00:00,82.74,89.39,0,0,0,0,0,0,0,High
5002,S01001,2026-01-19 00:00:00,88.37,83.25,0,0,1,1,0,0,0,High
5003,S01001,2026-06-08 00:00:00,86.64,81.66,0,0,1,1,0,0,0,High
5004,S01001,2026-08-24 00:00:00,78.39,80.39,0,0,5,2,0,0,4,High
5005,S01001,2027-01-18 00:00:00,75.73,71.76,0,0,6,3,0,0,1,High
5006,S01002,2025-08-25 00:00:00,80.61,,0,0,0,0,0,0,0,High
5007,S01002,2026-01-19 00:00:00,74.13,66.35,0,0,0,0,0,0,0,Moderate
5008,S01002,2026-06-08 00:00:00,85.95,83.6,0,0,0,0,0,0,0,High
5009,S01002,2026-08-24 00:00:00,68.48,66.41,0,0,3,1,0,0,3,Moderate
5010,S01002,2027-01-18 00:00:00,77.51,65.07,0,0,4,2,0,0,0,High
5011,S01003,2025-08-25 00:00:00,90.45,96.96,0,0,0,0,0,0,0,High
5012,S01003,2026-01-19 00:00:00,89.18,94.01,0,0,0,0,0,0,0,High
5013,S01003,2026-06-08 00:00:00,82.33,89.45,0,0,1,0,0,0,1,High
5014,S01003,2026-08-24 00:00:00,86.28,91.93,0,0,2,1,0,0,1,High
5015,S01003,2027-01-18 00:00:00,84.05,77.59,0,0,3,2,0,0,0,High
5016,S01004,2025-08-25 00:00:00,88.31,96.74,0,0,0,0,0,0,0,High
5017,S01004,2026-01-19 00:00:00,84.68,84.97,0,0,1,1,0,0,0,High
5018,S01004,2026-06-08 00:00:00,83.24,87.06,0,0,2,2,0,0,1,High
5019,S01004,2026-08-24 00:00:00,91.38,93.67,0,0,2,2,0,0,0,High
5020,S01004,2027-01-18 00:00:00,83.94,88.02,0,0,2,2,0,0,0,High
5021,S01005,2025-08-25 00:00:00,78.5,70.17,0,0,0,0,0,0,0,High
5022,S01005,2026-01-19 00:00:00,77.07,77.75,1,0,0,0,0,1,0,High
5023,S01005,2026-06-08 00:00:00,38.04,37.02,2,0,6,1,0,7,6,Low
5024,S01005,2026-08-24 00:00:00,44.85,37.48,2,0,7,2,0,7,1,Low
5025,S01005,2027-01-18 00:00:00,43.91,37.19,2,0,9,3,0,7,1,Low
5026,S01006,2025-08-25 00:00:00,90.84,88.65,0,0,0,0,0,0,0,High
5027,S01006,2026-01-19 00:00:00,86.79,88.22,0,0,0,0,0,0,0,High
5028,S01006,2026-06-08 00:00:00,92.75,90.96,0,0,0,0,0,0,0,High
5029,S01006,2026-08-24 00:00:00,92.38,97.53,0,1,1,0,0,0,1,High
5030,S01006,2027-01-18 00:00:00,83.52,,0,1,1,0,0,0,0,High
5031,S01007,2025-08-25 00:00:00,92.81,97.65,0,0,0,0,0,0,0,High
5032,S01007,2026-01-19 00:00:00,80.7,82.89,0,0,2,1,0,0,0,High
5033,S01007,2026-06-08 00:00:00,80.83,89.53,0,0,2,1,0,0,0,High
5034,S01007,2026-08-24 00:00:00,70.52,71.02,0,1,4,2,0,0,2,Moderate
5035,S01007,2027-01-18 00:00:00,80.79,83.59,0,2,7,4,0,0,0,High
5036,S01008,2025-08-25 00:00:00,85.62,83.56,0,0,0,0,0,0,0,High
5037, S01008 ,2026-01-19 00:00:00,78.07,87.11,0,1,5,2,0,0,5,High
5038,S01008,2026-06-08 00:00:00,61.26,62.26,1,1,7,4,0,8,1,Moderate
5039,S01008,2026-08-24 00:00:00,51.09,48.51,1,1,10,6,0,8,3,Moderate
5040,S01008,2027-01-18 00:00:00,45.46,40.39,1,1,12,7,0,8,2,Low
5041,S01009,2025-08-25 00:00:00,86.48,85.29,0,0,0,0,0,0,0,High
5042,S01009,2026-01-19 00:00:00,69.22,71.61,0,1,4,1,1,0,4,Moderate
5043,S01009,2026-06-08 00:00:00,73.18,76.57,0,2,5,2,1,0,1,Moderate
5044,S01009,2026-08-24 00:00:00,67.43,72.09,0,2,5,2,1,0,0,Moderate
5045,S01009,2027-01-18 00:00:00,62.56,56.84,0,3,7,3,1,0,0,Moderate
5046,S01010,2025-08-25 00:00:00,87.33,86.77,0,0,0,0,0,0,0,High
5047,S01010,2026-01-19 00:00:00,81.14,75.18,0,0,0,0,0,0,0,High
5048,S01010,2026-06-08 00:00:00,81.48,76.62,0,0,2,0,0,0,1,High
5049,S01010,2026-08-24 00:00:00,66.46,56.11,0,1,6,2,0,0,4,Moderate
5050,S01010,2027-01-18 00:00:00,66.21,66.41,0,1,8,4,0,0,0, Moderate 
5051,S01011,2025-08-25 00:00:00,86.04,87.03,0,0,0,0,0,0,0,High
5052,S01011,2026-01-19 00:00:00,91.08,89.63,0,0,0,0,0,0,0,High
5053,S01011,2026-06-08 00:00:00,89.09,92.18,0,0,0,0,0,0,0,High
5054,S01011,2026-08-24 00:00:00,90.28,91.16,0,0,0,0,0,0,0,High
5055,S01011,2027-01-18 00:00:00,82.99,82.68,0,0,3,1,0,0,0,High
5056,S01012,2025-08-25 00:00:00,90.63,96.05,0,0,0,0,0,0,0,High
5057,S01012,2026-01-19 00:00:00,87.33,87.76,0,0,0,0,0,0,0,High
5058,S01012,2026-06-08 00:00:00,79.25,76.12,0,0,1,1,0,0,1,High
5059,S01012,2026-08-24 00:00:00,69.15,73.18,0,1,6,3,0,0,5,Moderate
5060,S01012,2027-01-18 00:00:00,75.56,79.72,0,1,6,3,0,0,0,high
5061,S01013,2025-08-25 00:00:00,83.83,89.24,0,0,0,0,0,0,0,High
5062,S01013,2026-01-19 00:00:00,81.37,78.03,1,0,1,0,0,1,0,High
5063,S01013,2026-06-08 00:00:00,69.54,68.98,1,0,1,0,0,1,0,Moderate
5064,S01013,2026-08-24 00:00:00,74.76,74.18,1,1,2,1,0,1,1,Moderate
5065,S01013,2027-01-18 00:00:00,67.23,74.31,1,1,3,2,0,1,0,
5066,S01014,2025-08-25 00:00:00,82.74,79.43,0,0,0,0,0,0,0,High
5067,S01014,2026-01-19 00:00:00,83.67,86.06,0,0,0,0,0,0,0,High
5068,S01014,2026-06-08 00:00:00,77.05,76.91,0,0,0,0,0,0,0,High
5069,S01014,2026-08-24 00:00:00,86.56,78.05,0,0,0,0,0,0,0,High
5070,S01014,2027-01-18 00:00:00,79.3,76.08,0,0,0,0,0,0,0,High
5071,S01015,2025-08-25 00:00:00,96.74,92.91,0,0,0,0,0,0,0,High
5072,S01015,2026-01-19 00:00:00,91.51,94.27,0,0,1,1,0,0,0,High
5073,S01015,2026-06-08 00:00:00,77.38,72.47,0,0,5,3,0,0,2,High
5074,S01015,2026-08-24 00:00:00,85.21,86.91,0,0,5,3,0,0,0,High
5075,S01015,2027-01-18 00:00:00,87.21,84.13,0,0,5,3,0,0,0,High
5076,S01016,2025-08-25 00:00:00,75.28,68.29,0,0,0,0,0,0,0,High
5077,S01016,2026-01-19 00:00:00,72.73,61.8,0,0,2,1,0,0,0,Moderate
5078,S01016,2026-06-08 00:00:00,45.57,39.42,0,1,8,4,1,0,6,Low
5079,S01016,2026-08-24 00:00:00,54.2,50.9,0,1,10,4,1,0,2,Moderate
5080,S01016,2027-01-18 00:00:00,57.97,52.43,0,1,11,4,1,0,0,Moderate
5081,S01017,2025-08-25 00:00:00,87.09,79.67,0,0,0,0,0,0,0,High
5082,S01017,2026-01-19 00:00:00,81.48,70.62,0,0,0,0,0,0,0,High
5083,S01017,2026-06-08 00:00:00,59.24,65.15,1,0,3,2,0,4,1,Moderate
5084,S01017,2026-08-24 00:00:00,65.3,58.06,1,0,3,2,0,4,0,Moderate
5085,S01017,2027-01-18 00:00:00,65.45,59.73,1,0,5,3,0,4,1,Moderate
5086,S01018,2025-08-25 00:00:00,86.17,88.51,0,0,0,0,0,0,0,High
5087,S01018,2026-01-19 00:00:00,85.53,87.64,0,0,0,0,0,0,0,High
5088,S01018,2026-06-08 00:00:00,86.13,81.54,0,0,0,0,0,0,0,High
5089,S01018,2026-08-24 00:00:00,84.48,87.76,0,1,0,0,0,0,0,High
5090,S01018,2027-01-18 00:00:00,76.52,78.72,0,1,1,1,0,0,1,High
5091,S01019,2025-08-25 00:00:00,83.01,79.34,0,0,0,0,0,0,0,High
5092,S01019,2026-01-19 00:00:00,81.19,81.19,0,0,4,0,1,0,0,High
5093,S01019,2026-06-08 00:00:00,82.84,81.11,0,0,4,0,1,0,0,High
5094,S01019,2026-08-24 00:00:00,76.21,80.63,0,0,4,0,1,0,0,High
5095,S01019,2027-01-18 00:00:00,79.23,79.66,0,0,5,0,1,0,0,High
5096,S01020,2025-08-25 00:00:00,91.92,96.43,0,0,0,0,0,0,0,High
5097,S01020,2026-01-19 00:00:00,84.74,82.97,0,0,2,0,0,0,2,High
5098,S01020,2026-06-08 00:00:00,65.54,68.13,0,0,6,3,0,0,3,Moderate
5099,S01020,2026-08-24 00:00:00,63.06,60.55,0,1,10,3,0,0,4,Moderate
5100,S01020,2027-01-18 00:00:00,61.59,63.76,0,1,13,4,0,0,1,Moderate
5101,S01021,2025-08-25 00:00:00,89.22,92.57,0,0,0,0,0,0,0,High
5102,S01021,2026-01-19 00:00:00,77.39,81.95,0,1,4,2,0,0,2,
5103,S01021,2026-06-08 00:00:00,78.37,86.85,0,1,4,2,0,0,0,High
5104,S01021,2026-08-24 00:00:00,74.95,70.66,0,1,4,2,0,0,0,Moderate
5105,S01021,2027-01-18 00:00:00,65.06,62.54,0,2,9,4,0,0,4,Moderate
5106,S01022,2025-08-25 00:00:00,93.33,91.86,0,0,0,0,0,0,0,High
5107,S01022,2026-01-19 00:00:00,92.31,95.81,0,0,1,0,1,0,0,High
5108,S01022,2026-06-08 00:00:00,,79.86,0,0,4,0,1,0,0,High
5109,S01022,2026-08-24 00:00:00,68.38,68.39,0,0,7,0,2,0,3,Moderate
5110,S01022,2027-01-18 00:00:00,72.63,75.35,0,0,9,1,2,0,2,Moderate
5111,S01023,2025-08-25 00:00:00,81.39,78.6,0,0,0,0,0,0,0,High
5112,S01023,2026-01-19 00:00:00,73.93,69.72,0,0,0,0,0,0,0,Moderate
5113,S01023,2026-06-08 00:00:00,77.05,78.43,0,0,0,0,0,0,0,High
5114,S01023,2026-08-24 00:00:00,79.37,71.5,0,0,0,0,0,0,0,High
5115,S01023,2027-01-18 00:00:00,,75.4,30,0,0,0,0,0,0, High 
5116,S01024,2025-08-25 00:00:00,91.37,92.35,0,0,0,0,0,0,0,High
5117,S01024,2026-01-19 00:00:00,81.62,90.05,0,0,1,1,0,0,1,High
5118,S01024,2026-06-08 00:00:00,84.65,94.38,0,0,1,1,0,0,0,High
5119,S01024,2026-08-24 00:00:00,86.34,82.09,0,0,2,1,0,0,1,High
5120,S01024,2027-01-18 00:00:00,80.43,83.08,0,0,4,2,0,0,1,
5121,S01025,2025-08-25 00:00:00,83.49,85.68,0,0,0,0,0,0,0,High
5122,S01025,2026-01-19 00:00:00,90.68,92.44,0,0,0,0,0,0,0,High
5123,S01025,2026-06-08 00:00:00,84.57,89.89,0,1,2,1,0,0,1,High
5124,S01025,2026-08-24 00:00:00,84.21,92.11,0,1,3,1,0,0,1,High
5125,S01025,2027-01-18 00:00:00,73.16,82.4,0,1,4,2,0,0,1,Moderate
5126,S01026,2025-08-25 00:00:00,83.49,84.15,0,0,0,0,0,0,0,High
5127,S01026,2026-01-19 00:00:00,78.0,80.43,0,0,0,0,0,0,0,High
5128,S01026,2026-06-08 00:00:00,81.15,85.15,0,0,2,0,0,0,2,High
5129,S01026,2026-08-24 00:00:00,71.62,74.41,0,1,4,1,0,0,2,Moderate
5130,S01026,2027-01-18 00:00:00,73.78,78.01,0,1,5,1,0,0,1,Moderate
5131,S01027,2025-08-25 00:00:00,94.09,100.0,0,0,0,0,0,0,0,High
5132,S01027,2026-01-19 00:00:00,84.93,94.47,0,1,3,2,0,0,2,High
5133,S01027,2026-06-08 00:00:00,,89.76,0,1,5,2,0,0,2,High
5134,S01027,24-08-2026 00:00,83.37,89.62,0,1,7,4,0,0,2,High
5135,S01027,2027-01-18 00:00:00,73.46,80.56,0,1,10,5,0,0,2,Moderate
5136,S01028,2025-08-25 00:00:00,90.44,91.68,0,0,0,0,0,0,0,High
5137,S01028,2026-01-19 00:00:00,90.42,90.73,0,0,0,0,0,0,0,High
5138,S01028,2026-06-08 00:00:00,93.6,96.84,0,0,0,0,0,0,0,High
5139,S01028,2026-08-24 00:00:00,77.42,73.41,0,0,2,1,0,0,2,High
5140,S01028,2027-01-18 00:00:00,80.79,77.77,0,0,2,1,0,0,0,High
5141,S01029,2025-08-25 00:00:00,89.46,97.62,0,0,0,0,0,0,0,High
5142,S01029,2026-01-19 00:00:00,79.58,89.31,0,0,2,2,0,0,0,High
5143,S01029,2026-06-08 00:00:00,78.46,79.99,0,0,3,2,0,0,0, High 
5144,S01029,2026-08-24 00:00:00,83.77,84.32,0,0,3,2,0,0,0,High
5145,S01029,2027-01-18 00:00:00,76.29,79.65,0,0,4,3,0,0,1,High
5146,S01030,2025-08-25 00:00:00,83.88,80.4,0,0,0,0,0,0,0,High
5147,S01030,2026-01-19 00:00:00,78.83,70.89,0,0,0,0,0,0,0,High
5148,S01030,2026-06-08 00:00:00,74.84,77.03,0,0,0,0,0,0,0,Moderate
5149,S01030,2026-08-24 00:00:00,69.21,67.88,0,0,2,1,1,0,2,Moderate
5150,S01030,2027-01-18 00:00:00,70.93,68.84,0,0,4,2,1,0,1,Moderate
5151,S01031,2025-08-25 00:00:00,74.15,69.78,0,0,0,0,0,0,0,Moderate
5152,S01031,2026-01-19 00:00:00,75.07,63.87,0,0,3,0,0,0,0,High
5153,S01031,2026-06-08 00:00:00,65.07,68.05,0,0,6,2,0,0,3,Moderate
5154,S01031,2026-08-24 00:00:00,63.56,60.08,0,0,7,3,0,0,1,Moderate
5155,S01031,2027-01-18 00:00:00,63.97,62.23,0,0,10,4,0,0,0,Moderate
5156,S01032,2025-08-25 00:00:00,,81.93,0,0,0,0,0,0,0,High
5157,S01032,2026-01-19 00:00:00,68.87,76.29,0,1,5,2,0,0,3,Moderate
5158,S01032,2026-06-08 00:00:00,73.78,72.33,0,1,5,2,0,0,0,Moderate
5159,S01032,2026-08-24 00:00:00,74.93,76.92,0,1,5,2,0,0,0,Moderate
5160,S01032,2027-01-18 00:00:00,73.37,77.64,0,1,6,3,0,0,0,Moderate
5161,S01033,2025-08-25 00:00:00,87.57,94.73,0,0,0,0,0,0,0,High
5162,S01033,2026-01-19 00:00:00,78.82,77.03,0,0,1,0,1,0,0,High
5163,S01033,2026-06-08 00:00:00,,76.88,0,0,4,0,1,0,1,High
5164,S01033,2026-08-24 00:00:00,80.29,81.73,0,0,4,0,1,0,0,High
5165,S01033,2027-01-18 00:00:00,75.38,76.63,0,0,6,0,1,0,0,High
5166,S01034,2025-08-25 00:00:00,72.23,83.75,0,0,0,0,0,0,0,Moderate
5167,S01034,2026-01-19 00:00:00,77.2,79.22,0,0,1,1,0,0,1,High
5168,S01034,2026-06-08 00:00:00,75.71,79.95,0,0,3,2,0,0,2,High
5169,S01034,2026-08-24 00:00:00,63.82,65.74,0,1,7,4,1,0,4,Moderate
5170,S01034,2027-01-18 00:00:00,55.19,62.65,0,1,9,5,2,0,2,Moderate
5171,S01035,2025-08-25 00:00:00,79.42,68.26,0,0,0,0,0,0,0, High 
5172,S01035,2026-01-19 00:00:00,89.87,94.12,0,0,0,0,0,0,0,High
5173,S01035,2026-06-08 00:00:00,81.29,85.13,0,0,3,1,1,0,3,High
5174,S01035,2026-08-24 00:00:00,54.05,55.21,1,0,7,3,1,8,4,Moderate
5175,S01035,2027-01-18 00:00:00,52.39,49.04,1,0,8,4,1,8,1,Moderate
5176,S01036,2025-08-25 00:00:00,81.9,81.79,0,0,0,0,0,0,0,High
5177,S01036,2026-01-19 00:00:00,81.53,81.11,0,1,1,0,0,0,0,High
5178,S01036,2026-06-08 00:00:00,69.62,,0,1,3,2,0,0,2,Moderate
5179,S01036,2026-08-24 00:00:00,,72.99,0,1,3,2,0,0,0,Moderate
5180,S01036,2027-01-18 00:00:00,72.2,72.23,0,1,4,2,0,0,0,Moderate
5181,S01037,2025-08-25 00:00:00,78.73,80.83,0,0,0,0,0,0,0,High
5182, S01037 ,2026-01-19 00:00:00,76.32,71.71,0,0,2,1,0,0,2,High
5183,S01037,2026-06-08 00:00:00,70.28,67.83,0,0,4,2,0,0,1,Moderate
5184,S01037,2026-08-24 00:00:00,73.02,68.81,0,0,7,3,0,0,3,Moderate
5185,S01037,2027-01-18 00:00:00,68.82,68.72,0,0,7,3,0,0,0,
5186,S01038,2025-08-25 00:00:00,81.62,83.05,0,0,0,0,0,0,0,High
5187,S01038,2026-01-19 00:00:00,82.96,78.99,0,0,0,0,0,0,0,High
5188,S01038,2026-06-08 00:00:00,73.61,69.11,0,0,0,0,0,0,0,Moderate
5189,S01038,2026-08-24 00:00:00,71.06,69.36,0,1,1,0,0,0,1,Moderate
5190,S01038,2027-01-18 00:00:00,81.78,84.47,0,1,1,0,0,0,0,High
5191,S01039,2025-08-25 00:00:00,87.77,96.14,0,0,0,0,0,0,0,High
5192,S01039,2026-01-19 00:00:00,88.06,88.42,0,0,0,0,0,0,0,High
5193,S01039,2026-06-08 00:00:00,78.45,84.69,0,0,1,0,0,0,0,High
5194,S01039,2026-08-24 00:00:00,65.97,61.21,0,0,5,2,0,0,4,Moderate
5195,S01039,2027-01-18 00:00:00,73.06,68.02,0,0,5,2,0,0,0,Moderate
5196,S01040,2025-08-25 00:00:00,84.04,85.68,0,0,0,0,0,0,0,High
5197,S01040,2026-01-19 00:00:00,80.51,86.69,0,0,1,1,0,0,0,High
5198,S01040,2026-06-08 00:00:00,74.45,78.18,0,0,4,-2,1,0,1,Moderate
5199,S01040,2026-08-24 00:00:00,80.21,77.12,0,0,4,1,1,0,0,High
5200,S01040,2027-01-18 00:00:00,82.09,82.29,0,0,4,1,1,0,0,High
5201,S01041,2025-08-25 00:00:00,75.37,73.49,0,0,0,0,0,0,0,High
5202,S01041,2026-01-19 00:00:00,69.57,63.49,0,0,1,1,0,0,1,Moderate
5203,S01041,2026-06-08 00:00:00,81.16,76.13,0,0,2,1,0,0,0,High
5204,S01041,2026-08-24 00:00:00,83.02,84.12,0,0,2,1,0,0,0,High
5205,S01041,2027-01-18 00:00:00,56.13,51.98,0,1,5,2,0,0,2,Moderate
5206,S01042,2025-08-25 00:00:00,87.9,90.0,0,0,0,0,0,0,0,High
5207,S01042,2026-01-19 00:00:00,85.25,82.32,0,0,5,2,0,0,2,High
5208,S01042,2026-06-08 00:00:00,81.12,75.19,0,0,6,2,0,0,0,High
5209,S01042,2026-08-24 00:00:00,74.84,70.63,0,1,7,3,0,0,1, Moderate 
5210,S01042,2027-01-18 00:00:00,,66.85,0,1,7,3,0,0,0,Moderate
5211,S01043,2025-08-25 00:00:00,84.02,80.91,0,0,0,0,0,0,0,High
5212,S01043,2026-01-19 00:00:00,74.3,71.31,0,0,1,0,0,0,1,Moderate
5213,S01043,2026-06-08 00:00:00,63.29,62.0,0,0,7,3,0,0,6,Moderate
5214,S01043,2026-08-24 00:00:00,63.01,58.44,0,0,8,4,0,0,1,Moderate
5215,S01043,2027-01-18 00:00:00,67.55,64.26,0,0,8,4,0,0,0,Moderate
5216,S01044,2025-08-25 00:00:00,78.23,70.12,0,0,0,0,0,0,0,High
5217,S01044,2026-01-19 00:00:00,76.84,71.13,0,0,1,1,0,0,0,High
5218, S01044 ,2026-06-08 00:00:00,80.04,79.6,0,0,1,1,0,0,0,High
5219,S01044,2026-08-24 00:00:00,84.19,86.9,0,0,1,1,0,0,0,High
5220,S01044,2027-01-18 00:00:00,82.99,81.12,0,0,1,1,0,0,0,High
5221,S01045,2025-08-25 00:00:00,87.87,83.57,0,0,0,0,0,0,0,High
5222,S01045,2026-01-19 00:00:00,79.8,75.86,0,0,3,0,0,0,3,High
5223,S01045,2026-06-08 00:00:00,87.21,81.07,0,0,3,0,0,0,0,high
5224,S01045,2026-08-24 00:00:00,71.08,72.86,0,0,4,0,0,0,1,Moderate
5225,S01045,2027-01-18 00:00:00,61.55,59.94,0,1,8,1,0,0,4,Moderate
5226,S01046,2025-08-25 00:00:00,83.96,88.65,0,0,0,0,0,0,0,High
5227,S01046,2026-01-19 00:00:00,92.49,94.36,0,0,0,0,0,0,0,High
5228,S01046,2026-06-08 00:00:00,78.43,79.52,1,0,1,1,0,4,0,High
5229,S01046,2026-08-24 00:00:00,72.48,70.03,1,0,3,1,0,4,2,Moderate
5230,S01046,2027-01-18 00:00:00,72.43,68.2,1,0,4,1,0,4,1,Moderate
5231,S01047,2025-08-25 00:00:00,90.13,83.86,0,0,0,0,0,0,0,High
5232,S01047,2026-01-19 00:00:00,88.43,89.36,0,0,0,0,0,0,0,High
5233,S01047,2026-06-08 00:00:00,89.78,89.17,0,0,0,0,0,0,0,High
5234,S01047,2026-08-24 00:00:00,84.88,86.38,0,0,1,0,0,0,1,High
5235,S01047,2027-01-18 00:00:00,85.9,85.82,0,0,3,0,0,0,2,High
5236,S01048,2025-08-25 00:00:00,77.86,74.91,0,0,0,0,0,0,0,High
5237,S01048,2026-01-19 00:00:00,81.3,78.12,0,0,0,0,0,0,0,High
5238,S01048,2026-06-08 00:00:00,79.3,78.97,0,0,3,1,0,0,1,High
5239,S01048,2026-08-24 00:00:00,77.07,71.86,0,0,3,1,0,0,0,High
5240,S01048,2027-01-18 00:00:00,84.43,81.32,0,0,5,2,0,0,0,High
5241,S01049,2025-08-25 00:00:00,94.08,92.42,0,0,0,0,0,0,0,High
5242,S01049,2026-01-19 00:00:00,76.79,84.6,0,1,2,1,0,0,2,High
5243,S01049,2026-06-08 00:00:00,78.94,79.81,0,1,2,1,0,0,0,High
5244,S01049,2026-08-24 00:00:00,76.7,76.5,0,1,2,1,0,0,0,High
5245,S01049,2027-01-18 00:00:00,85.87,85.25,0,1,2,1,0,0,0,High
5246,S01050,2025-08-25 00:00:00,95.47,100.0,0,0,0,0,0,0,0,High
5247,S01050,2026-01-19 00:00:00,87.04,97.57,1,0,0,0,0,1,0,High
5248,S01050,2026-06-08 00:00:00,71.72,74.79,1,1,3,2,1,1,2,Moderate
5249,S01050,2026-08-24 00:00:00,69.84,68.3,1,1,5,3,1,1,2,Moderate
5250,S01050,2027-01-18 00:00:00,70.69,78.25,1,1,6,4,1,1,0,Moderate
5251, S01051 ,2025-08-25 00:00:00,81.0,73.05,0,0,0,0,0,0,0,High
5252,S01051,2026-01-19 00:00:00,77.54,76.9,0,0,0,0,0,0,0,High
5253,S01051,2026-06-08 00:00:00,88.12,85.03,0,0,0,0,0,0,0,High
5254,S01051,2026-08-24 00:00:00,86.98,93.81,0,0,0,0,0,0,0,High
5255, S01051 ,2027-01-18 00:00:00,79.91,77.55,0,0,0,0,0,0,0,High
5256,S01052,2025-08-25 00:00:00,81.63,82.45,0,0,0,0,0,0,0,High
5257,S01052,2026-01-19 00:00:00,86.32,91.54,0,0,0,0,0,0,0,High
5258,S01052,2026-06-08 00:00:00,86.05,87.54,0,0,0,0,0,0,0,High
5259,S01052,2026-08-24 00:00:00,75.99,77.04,0,1,2,1,0,0,2,High
5260,S01052,2027-01-18 00:00:00,75.11,79.98,0,1,5,3,0,0,1,High
5261,S01053,2025-08-25 00:00:00,78.94,74.29,0,0,0,0,0,0,0,High
5262,S01053,2026-01-19 00:00:00,81.56,76.73,0,0,0,0,0,0,0,High
5263,S01053,2026-06-08 00:00:00,84.71,83.2,0,0,0,0,0,0,0,High
5264,S01053,2026-08-24 00:00:00,68.96,59.89,0,0,1,1,0,0,1,Moderate
5265,S01053,2027-01-18 00:00:00,79.2,80.46,0,0,1,1,0,0,0,High
5266,S01054,2025-08-25 00:00:00,70.47,66.77,0,0,0,0,0,0,0,Moderate
5267,S01054,2026-01-19 00:00:00,66.15,60.86,0,0,5,2,0,0,1,Moderate
5268,S01054,2026-06-08 00:00:00,71.82,64.38,0,0,6,2,0,0,1,Moderate
5269,S01054,2026-08-24 00:00:00,71.24,66.58,0,0,6,2,0,0,0,Moderate
5270,S01054,2027-01-18 00:00:00,77.06,80.46,0,0,6,2,0,0,0,High
5271,S01055,2025-08-25 00:00:00,93.52,99.04,0,0,0,0,0,0,0,High
5272,S01055,2026-01-19 00:00:00,87.51,87.86,0,0,0,0,0,0,0,High
5273,S01055,2026-06-08 00:00:00,83.54,91.63,0,1,0,0,0,0,0,High
5274,S01055,2026-08-24 00:00:00,75.73,81.33,0,1,2,1,0,0,2,High
5275,S01055,2027-01-18 00:00:00,80.0,78.73,0,1,4,1,0,0,1,High
5276,S01056,2025-08-25 00:00:00,85.87,81.67,0,0,0,0,0,0,0,High
5277,S01056,2026-01-19 00:00:00,76.16,69.35,0,0,2,0,0,0,1,High
5278,S01056,2026-06-08 00:00:00,76.59,84.25,0,0,3,1,0,0,0,High
5279,S01056,2026-08-24 00:00:00,78.05,77.53,0,0,4,1,0,0,1,High
5280,S01056,2027-01-18 00:00:00,77.86,76.97,0,0,4,1,0,0,0,High
5281,S01057,2025-08-25 00:00:00,84.61,91.26,0,0,0,0,0,0,0,High
5282,S01057,2026-01-19 00:00:00,82.01,82.38,0,0,0,0,0,0,0,High
5283,S01057,2026-06-08 00:00:00,80.69,76.95,0,0,0,0,0,0,0,High
5284,S01057,2026-08-24 00:00:00,77.56,81.14,0,0,2,1,0,0,2,High
5285,S01057,2027-01-18 00:00:00,80.7,90.94,0,0,2,1,0,0,0,High
5286,S01058,2025-08-25 00:00:00,93.65,100.0,0,0,0,0,0,0,0,High
5287,S01058,19/01/2026 00:00,68.11,70.95,1,1,1,1,0,15,0,Moderate
5288,S01058,2026-06-08 00:00:00,64.21,69.91,1,1,2,1,1,15,0,Moderate
5289,S01058,2026-08-24 00:00:00,64.15,71.79,1,1,2,1,1,15,0,Moderate
5290,S01058,2027-01-18 00:00:00,60.53,67.73,1,1,3,1,1,15,1,Moderate
5291,S01059,2025-08-25 00:00:00,75.62,70.34,0,0,0,0,0,0,0,High
5292,S01059,2026-01-19 00:00:00,66.6,69.29,0,1,2,2,0,0,1,Moderate
5293,S01059,2026-06-08 00:00:00,69.47,69.49,0,1,2,2,0,-5,0,Moderate
5294,S01059,2026-08-24 00:00:00,61.88,58.31,0,1,5,2,1,0,3,Moderate
5295,S01059,2027-01-18 00:00:00,58.04,51.59,0,1,10,3,2,0,4,Moderate
5296,S01060,2025-08-25 00:00:00,81.85,75.49,0,0,0,0,0,0,0,High
5297,S01060,2026-01-19 00:00:00,69.19,65.98,1,0,2,1,0,4,1,Moderate
5298,S01060,2026-06-08 00:00:00,47.15,48.52,2,0,4,2,0,5,2,Low
5299,S01060,2026-08-24 00:00:00,54.65,51.49,2,0,4,2,0,5,0,Moderate
5300,S01060,2027-01-18 00:00:00,38.68,34.13,3,0,5,3,0,13,1,Low
5301,S01061,2025-08-25 00:00:00,76.05,74.97,0,0,0,0,0,0,0,High
5302,S01061,2026-01-19 00:00:00,80.98,78.02,0,0,4,3,0,0,1,High
5303,S01061,2026-06-08 00:00:00,72.09,69.05,0,1,5,3,0,0,1,Moderate
5304,S01061,2026-08-24 00:00:00,71.16,72.48,0,1,5,3,0,0,0,Moderate
5305,S01061,2027-01-18 00:00:00,59.46,55.67,1,1,6,3,0,1,1,Moderate
5306,S01062,2025-08-25 00:00:00,75.96,71.86,0,0,0,0,0,0,0,High
5307,S01062,2026-01-19 00:00:00,72.12,69.39,0,0,1,1,0,0,1,Moderate
5308,S01062,2026-06-08 00:00:00,78.3,76.85,0,0,1,1,0,0,0,High
5309,S01062,2026-08-24 00:00:00,79.3,73.54,0,1,2,2,0,0,1,High
5310,S01062,2027-01-18 00:00:00,68.72,65.19,0,1,2,2,0,0,0,Moderate
5311,S01063,2025-08-25 00:00:00,78.44,80.12,0,0,0,0,0,0,0,High
5312,S01063,2026-01-19 00:00:00,71.3,73.22,0,1,2,2,0,0,1,Moderate
5313,S01063,2026-06-08 00:00:00,74.85,72.99,0,1,4,3,0,0,1,
5314,S01063,2026-08-24 00:00:00,69.37,65.2,0,1,4,3,0,0,0,Moderate
5315,S01063,2027-01-18 00:00:00,66.98,67.27,0,1,6,5,0,0,1,
5316,S01064,2025-08-25 00:00:00,,77.01,0,0,0,0,0,0,0,High
5317,S01064,2026-01-19 00:00:00,79.12,73.32,0,-2,0,0,0,0,0,High
5318,S01064,2026-06-08 00:00:00,66.23,63.27,0,0,2,0,0,0,1,Moderate
5319,S01064,2026-08-24 00:00:00,65.21,53.85,0,0,5,2,0,0,3,Moderate
5320,S01064,2027-01-18 00:00:00,60.74,59.53,0,0,7,2,1,0,1,Moderate
5321,S01065,2025-08-25 00:00:00,78.52,70.43,0,0,0,0,0,0,0,High
5322,S01065,2026-01-19 00:00:00,80.89,77.98,0,0,0,0,0,0,0,High
5323,S01065,2026-06-08 00:00:00,75.01,78.81,0,0,1,1,0,0,0,High
5324,S01065,2026-08-24 00:00:00,82.27,71.44,0,0,1,1,0,0,0,High
5325,S01065,2027-01-18 00:00:00,69.15,64.67,0,1,6,2,0,0,4,Moderate
5326,S01066,2025-08-25 00:00:00,78.25,79.76,0,0,0,0,0,0,0,High
5327,S01066,2026-01-19 00:00:00,75.49,81.15,0,0,1,0,1,0,1,High
5328,S01066,2026-06-08 00:00:00,81.45,87.34,0,0,1,0,1,0,0,High
5329,S01066,2026-08-24 00:00:00,72.43,74.77,0,1,2,1,1,0,1,Moderate
5330,S01066,2027-01-18 00:00:00,80.26,85.18,0,1,4,1,1,0,0,High
5331,S01067,2025-08-25 00:00:00,83.69,73.29,0,0,0,0,0,0,0,High
5332,S01067,2026-01-19 00:00:00,82.35,86.09,0,0,1,0,0,0,0,High
5333,S01067,2026-06-08 00:00:00,81.39,75.74,0,0,1,0,0,0,0,High
5334,S01067,2026-08-24 00:00:00,73.2,,0,0,3,1,0,0,2,Moderate
5335,S01067,18/01/2027 00:00,78.2,74.44,0,0,3,1,0,0,0,High
5336,S01068,2025-08-25 00:00:00,84.96,84.35,0,0,0,0,0,0,0,High
5337,S01068,2026-01-19 00:00:00,82.84,81.01,0,0,0,0,0,0,0,High
5338,S01068,2026-06-08 00:00:00,70.35,65.98,0,0,2,1,0,0,2,Moderate
5339,S01068,2026-08-24 00:00:00,80.77,84.06,0,0,2,1,0,0,0,High
5340,S01068,2027-01-18 00:00:00,73.4,65.78,0,0,2,1,0,0,0,Moderate
5341,S01069,2025-08-25 00:00:00,80.34,84.2,0,0,0,0,0,0,0,High
5342,S01069,2026-01-19 00:00:00,74.5,74.37,0,0,2,2,0,0,2,Moderate
5343,S01069,2026-06-08 00:00:00,82.49,78.84,0,0,2,2,0,0,0,High
5344,S01069,2026-08-24 00:00:00,70.28,63.38,0,0,3,3,0,0,1,Moderate
5345,S01069,2027-01-18 00:00:00,79.26,83.52,0,0,3,3,0,0,0,High
5346,S01070,2025-08-25 00:00:00,91.5,90.74,0,0,0,0,0,0,0,High
5347,S01070,2026-01-19 00:00:00,71.74,72.1,1,0,2,1,1,6,0,Moderate
5348,S01070,2026-06-08 00:00:00,61.73,59.38,1,0,4,1,1,6,0,Moderate
5349,S01070,2026-08-24 00:00:00,62.77,69.56,1,0,5,2,1,6,1,Moderate
5350,S01070,2027-01-18 00:00:00,52.81,60.13,1,0,8,4,1,6,3,Moderate
5351,S01071,2025-08-25 00:00:00,91.6,84.57,0,0,0,0,0,0,0,High
5352,S01071,2026-01-19 00:00:00,85.66,83.28,0,0,0,0,0,0,0,High
5353,S01071,06/08/2026 00:00,71.83,71.42,0,0,3,2,0,0,3,Moderate
5354,S01071,2026-08-24 00:00:00,74.1,66.43,0,0,3,2,0,0,0,Moderate
5355,S01071,2027-01-18 00:00:00,71.06,66.62,0,0,5,4,0,0,1,Moderate
5356,S01072,2025-08-25 00:00:00,85.45,86.52,0,0,0,0,0,0,0,High
5357,S01072,2026-01-19 00:00:00,85.69,87.39,0,0,2,1,1,0,0,High
5358,S01072,2026-06-08 00:00:00,-10.0,90.32,0,0,5,3,1,0,2,High
5359,S01072,2026-08-24 00:00:00,77.74,82.18,0,0,5,3,1,0,0,High
5360,S01072,2027-01-18 00:00:00,65.56,72.13,0,0,8,4,1,0,1,Moderate
5361,S01073,2025-08-25 00:00:00,95.8,100.0,0,0,0,0,0,0,0,High
5362,S01073,2026-01-19 00:00:00,100.0,100.0,0,0,1,0,0,0,0,High
5363,S01073,2026-06-08 00:00:00,,92.06,0,0,4,2,0,0,1,High
5364,S01073,2026-08-24 00:00:00,81.28,90.85,0,0,7,3,0,0,3,High
5365,S01073,2027-01-18 00:00:00,83.11,89.24,30,0,8,3,0,0,1,High
5366,S01074,2025-08-25 00:00:00,86.58,82.44,0,0,0,0,0,0,0,High
5367,S01074,2026-01-19 00:00:00,75.41,70.38,0,0,2,2,0,0,1,High
5368,S01074,2026-06-08 00:00:00,57.01,54.43,1,0,6,5,0,1,3,Moderate
5369,S01074,2026-08-24 00:00:00,62.78,65.18,1,0,6,5,0,1,0,Moderate
5370, S01074 ,2027-01-18 00:00:00,58.41,54.35,1,0,8,6,0,1,1,Moderate
5371,S01075,2025-08-25 00:00:00,83.39,86.53,0,0,0,0,0,0,0,High
5372,S01075,2026-01-19 00:00:00,86.19,78.57,0,0,1,1,0,0,0,High
5373,S01075,2026-06-08 00:00:00,74.7,77.45,0,0,5,-2,0,0,2,Moderate
5374,S01075,2026-08-24 00:00:00,69.95,63.36,0,0,9,4,0,0,4,Moderate
5375,S01075,2027-01-18 00:00:00,61.36,61.93,0,0,10,5,0,0,1,Moderate
5376,S01076,2025-08-25 00:00:00,88.02,89.07,0,0,0,0,0,0,0,High
5377,S01076,2026-01-19 00:00:00,83.82,90.13,0,0,0,0,0,0,0,High
5378,S01076,2026-06-08 00:00:00,71.49,66.37,0,0,2,0,1,0,2, Moderate 
5379, S01076 ,2026-08-24 00:00:00,80.85,81.21,0,0,2,0,1,0,0,High
5380,S01076,2027-01-18 00:00:00,76.06,84.85,0,0,4,0,1,0,0,High
5381,S01077,2025-08-25 00:00:00,88.09,80.28,0,0,0,0,0,0,0,High
5382,S01077,2026-01-19 00:00:00,91.81,93.68,0,0,0,0,0,0,0,High
5383,S01077,08/06/2026 00:00,74.08,74.0,1,0,5,3,0,4,1,Moderate
5384,S01077,2026-08-24 00:00:00,51.32,51.76,1,1,9,5,0,4,4,Moderate
5385,S01077,2027-01-18 00:00:00,63.38,68.94,1,1,9,5,0,4,0,Moderate
5386,S01078,2025-08-25 00:00:00,88.73,86.37,0,0,0,0,0,0,0,High
5387,S01078,2026-01-19 00:00:00,88.78,88.69,0,0,0,0,0,0,0,High
5388,S01078,2026-06-08 00:00:00,79.7,69.58,0,0,0,0,0,0,0,High
5389,S01078,2026-08-24 00:00:00,75.71,74.53,0,0,2,1,0,0,2,High
5390,S01078,2027-01-18 00:00:00,63.07,64.13,0,0,5,1,0,0,2,Moderate
5391,S01079,2025-08-25 00:00:00,88.34,87.51,0,0,0,0,0,0,0,High
5392,S01079,2026-01-19 00:00:00,78.24,79.45,0,0,5,2,0,0,2,High
5393,S01079,2026-06-08 00:00:00,69.37,63.12,0,0,6,2,1,0,0,Moderate
5394,S01079,2026/08/24 00:00:00,77.28,79.35,0,0,6,2,1,0,0,High
5395,S01079,2027-01-18 00:00:00,73.14,77.12,0,1,7,3,1,0,0,Moderate
5396,S01080,2025-08-25 00:00:00,86.71,83.78,0,0,0,0,0,0,0,High
5397,S01080,2026-01-19 00:00:00,81.56,74.22,0,0,0,0,0,0,0,High
5398,S01080,2026-06-08 00:00:00,80.58,73.39,0,0,3,2,0,0,2,High
5399,S01080,2026-08-24 00:00:00,78.26,80.18,0,0,4,3,0,0,1,High
5400,S01080,2027-01-18 00:00:00,63.31,59.54,0,0,7,4,0,0,3,Moderate
5401,S01081,2025-08-25 00:00:00,67.5,64.93,0,0,0,0,0,0,0,Moderate
5402,S01081,2026-01-19 00:00:00,78.74,66.31,0,0,0,0,0,0,0,High
5403,S01081,2026-06-08 00:00:00,69.06,72.48,0,0,1,1,0,0,1,Moderate
5404,S01081,2026-08-24 00:00:00,70.55,67.11,0,0,2,2,0,0,1,Moderate
5405,S01081,2027-01-18 00:00:00,65.65,62.41,0,2,3,3,0,0,0,Moderate
5406,S01082,2025-08-25 00:00:00,87.38,89.04,0,0,0,0,0,0,0,High
5407,S01082,2026-01-19 00:00:00,73.31,80.36,0,0,3,1,1,0,2,Moderate
5408,S01082,2026-06-08 00:00:00,88.05,91.79,0,0,3,1,1,0,0,High
5409,S01082,2026-08-24 00:00:00,75.98,77.77,0,0,4,2,1,0,1,High
5410,S01082,18-01-2027 00:00,72.69,77.15,0,0,6,2,1,0,2,Moderate
5411,S01083,2025-08-25 00:00:00,84.12,82.81,0,0,0,0,0,0,0,High
5412,S01083,2026-01-19 00:00:00,84.96,79.54,0,0,0,0,0,0,0,High
5413,S01083,2026-06-08 00:00:00,,86.03,0,0,0,0,0,0,0,High
5414,S01083,2026-08-24 00:00:00,86.59,82.61,0,0,0,0,0,0,0,High
5415,S01083,2027-01-18 00:00:00,81.72,75.43,0,0,1,0,0,0,1,
5416,S01084,2025-08-25 00:00:00,79.16,74.3,0,0,0,0,0,0,0,High
5417,S01084,2026-01-19 00:00:00,76.14,77.01,0,0,0,0,0,0,0,High
5418,S01084,2026-06-08 00:00:00,84.25,81.59,0,0,0,0,0,0,0,High
5419,S01084,2026-08-24 00:00:00,71.07,68.66,0,0,2,1,0,0,2,Moderate
5420,S01084,2027-01-18 00:00:00,57.14,64.23,0,0,8,4,0,0,5,Moderate
5421,S01085,2025-08-25 00:00:00,84.73,87.32,0,0,0,0,0,0,0,High
5422,S01085,2026-01-19 00:00:00,72.11,72.79,0,0,3,1,1,0,1,Moderate
5423,S01085,2026-06-08 00:00:00,85.59,94.23,0,0,3,1,1,0,0,High
5424,S01085,2026-08-24 00:00:00,75.66,69.71,0,0,3,1,1,0,0,High
5425,S01085,2027-01-18 00:00:00,78.33,79.33,0,0,4,1,1,0,0,High
5426,S01086,2025-08-25 00:00:00,75.76,66.61,0,0,0,0,0,0,0,High
5427,S01086,2026-01-19 00:00:00,65.66,67.41,0,0,7,2,2,0,3,Moderate
5428,S01086,2026-06-08 00:00:00,69.47,65.0,0,0,10,3,2,0,3,Moderate
5429,S01086,2026-08-24 00:00:00,56.96,50.23,0,0,12,5,2,0,2,Moderate
5430,S01086,2027-01-18 00:00:00,61.63,56.76,0,0,13,5,3,0,1,Moderate
5431,S01087,2025-08-25 00:00:00,76.23,77.09,0,0,0,0,0,0,0,High
5432,S01087,2026-01-19 00:00:00,66.22,64.66,0,0,3,1,1,0,2,Moderate
5433,S01087,2026-06-08 00:00:00,68.96,70.19,0,0,4,2,1,0,0,Moderate
5434,S01087,2026-08-24 00:00:00,61.13,60.69,0,0,5,3,1,0,1,Moderate
5435,S01087,2027-01-18 00:00:00,60.64,57.81,0,0,8,4,1,0,0,Moderate
5436,S01088,2025-08-25 00:00:00,77.09,77.92,0,0,0,0,0,0,0,High
5437,S01088,2026-01-19 00:00:00,72.51,73.04,0,0,1,1,0,0,1,Moderate
5438,S01088,2026-06-08 00:00:00,58.35,,1,0,2,2,0,1,1,Moderate
5439,S01088,2026-08-24 00:00:00,58.96,62.34,1,0,4,4,0,1,2,Moderate
5440,S01088,2027-01-18 00:00:00,54.48,50.63,1,0,5,5,0,1,1,Moderate
5441,S01089,2025-08-25 00:00:00,82.12,83.96,0,0,0,0,0,0,0,High
5442,S01089,2026-01-19 00:00:00,78.77,76.93,0,0,0,0,0,0,0,High
5443,S01089,2026-06-08 00:00:00,75.89,75.26,0,0,2,1,0,0,0,High
5444,S01089,2026-08-24 00:00:00,69.62,63.92,0,0,2,1,0,0,0,Moderate
5445,S01089,2027-01-18 00:00:00,61.6,62.44,0,2,8,3,0,0,2,Moderate
5446,S01090,2025-08-25 00:00:00,83.55,81.47,0,0,0,0,0,0,0,High
5447,S01090,2026-01-19 00:00:00,89.36,97.46,0,0,0,0,0,0,0,High
5448,S01090,2026-06-08 00:00:00,85.83,85.89,0,0,0,0,0,0,0,High
5449,S01090,2026-08-24 00:00:00,62.03,66.22,1,0,5,3,0,1,5,Moderate
5450,S01090,2027-01-18 00:00:00,52.43,62.7,2,0,5,3,0,2,0,Moderate
5451,S01091,2025-08-25 00:00:00,70.02,71.37,0,0,0,0,0,0,0,Moderate
5452,S01091,2026-01-19 00:00:00,79.46,81.79,0,0,2,1,0,0,0,High
5453,S01091,2026-06-08 00:00:00,78.87,76.82,0,0,2,1,0,0,0,High
5454,S01091,2026-08-24 00:00:00,60.92,57.74,0,0,4,2,0,0,2,Moderate
5455,S01091,2027-01-18 00:00:00,58.57,52.35,0,0,7,4,0,0,2,Moderate
5456,S01092,2025-08-25 00:00:00,86.0,78.0,0,0,0,0,0,0,0,High
5457,S01092,2026-01-19 00:00:00,77.21,77.46,0,0,0,0,0,0,0, High 
5458,S01092,08-06-2026 00:00,79.79,77.29,0,0,0,0,0,0,0,High
5459,S01092,2026-08-24 00:00:00,83.19,79.23,0,0,0,0,0,0,0,High
5460,S01092,2027-01-18 00:00:00,74.99,71.78,0,1,1,1,0,0,0,Moderate
5461,S01093,2025-08-25 00:00:00,92.08,92.59,0,0,0,0,0,0,0,High
5462,S01093,2026-01-19 00:00:00,82.63,89.69,0,0,3,2,1,0,1,High
5463,S01093,2026-06-08 00:00:00,79.02,81.34,0,0,3,2,1,0,0,High
5464,S01093,2026-08-24 00:00:00,75.84,71.63,0,0,6,4,1,0,3,High
5465,S01093,2027-01-18 00:00:00,74.76,84.08,0,0,6,4,1,0,0,Moderate
5466,S01094,2025-08-25 00:00:00,80.55,82.23,0,0,0,0,0,0,0,High
5467,S01094,2026-01-19 00:00:00,83.88,81.47,0,0,0,0,0,0,0,high
5468,S01094,2026-06-08 00:00:00,72.04,75.55,1,0,2,1,0,1,2,Moderate
5469,S01094,2026-08-24 00:00:00,80.67,76.07,1,0,2,1,0,1,0,High
5470,S01094,2027-01-18 00:00:00,68.77,68.13,1,0,3,1,0,1,1,Moderate
5471,S01095,2025-08-25 00:00:00,86.18,88.21,0,0,0,0,0,0,0,High
5472,S01095,2026-01-19 00:00:00,80.87,82.76,0,0,3,1,0,0,0,High
5473,S01095,2026-06-08 00:00:00,77.15,70.03,0,0,4,1,0,0,1,High
5474,S01095,2026-08-24 00:00:00,76.64,79.84,0,0,5,2,0,0,1,High
5475,S01095,2027-01-18 00:00:00,78.09,75.37,0,0,5,2,0,0,0,High
5476, S01096 ,2025-08-25 00:00:00,84.92,77.38,0,0,0,0,0,0,0,High
5477,S01096,2026-01-19 00:00:00,88.43,89.97,0,0,0,0,0,0,0,High
5478,S01096,2026-06-08 00:00:00,89.17,87.71,0,0,0,0,0,0,0,High
5479,S01096,2026-08-24 00:00:00,83.04,83.0,0,0,2,1,0,0,2,High
5480,S01096,2027-01-18 00:00:00,86.01,90.44,0,0,2,1,0,0,0,High
5481,S01097,2025-08-25 00:00:00,84.97,89.3,0,0,0,0,0,0,0,High
5482,S01097,2026-01-19 00:00:00,68.79,70.22,0,0,2,1,0,0,2,Moderate
5483,S01097,2026-06-08 00:00:00,74.68,76.32,0,0,6,2,0,0,3,Moderate
5484,S01097,2026-08-24 00:00:00,47.7,50.51,1,0,10,4,1,6,4,Low
5485,S01097,2027-01-18 00:00:00,43.62,46.98,1,1,13,5,1,6,0,Low
5486,S01098,2025-08-25 00:00:00,,77.91,0,0,0,0,0,0,0,Moderate
5487,S01098,2026-01-19 00:00:00,66.01,71.28,0,0,5,2,0,0,1,Moderate
5488,S01098,2026-06-08 00:00:00,53.61,49.96,0,1,9,4,1,0,2,Moderate
5489,S01098,2026-08-24 00:00:00,60.54,55.6,0,1,9,4,1,0,0,Moderate
5490,S01098,2027-01-18 00:00:00,54.53,60.14,0,1,12,4,2,0,2,Moderate
5491,S01099,2025-08-25 00:00:00,93.92,100.0,0,0,0,0,0,0,0,High
5492,S01099,2026-01-19 00:00:00,87.56,93.47,0,0,1,1,0,0,1,High
5493,S01099,2026-06-08 00:00:00,85.11,89.01,0,0,2,1,1,0,0,High
5494,S01099,2026-08-24 00:00:00,92.02,99.41,0,0,2,1,1,0,0,High
5495,S01099,2027-01-18 00:00:00,77.63,86.48,0,0,4,2,1,0,1,High
5496,S01100,2025-08-25 00:00:00,87.82,98.64,0,0,0,0,0,0,0,High
5497,S01100,2026-01-19 00:00:00,90.98,98.42,0,0,0,0,0,0,0,High
5498,S01100,2026-06-08 00:00:00,82.01,82.37,0,0,2,2,0,0,1,High
5499,S01100,2026-08-24 00:00:00,80.13,87.24,0,1,5,5,0,0,3,High
5500,S01100,2027-01-18 00:00:00,50.67,46.78,1,2,8,8,0,6,1,Moderate
5501,S01101,2025-08-25 00:00:00,84.08,82.69,0,0,0,0,0,0,0,High
5502,S01101,2026-01-19 00:00:00,66.44,60.96,0,0,1,1,0,0,1,Moderate
5503,S01101,2026-06-08 00:00:00,51.92,56.46,1,0,4,3,0,6,2,Moderate
5504,S01101,2026-08-24 00:00:00,46.39,43.47,1,0,11,4,1,6,7,Low
5505,S01101,2027-01-18 00:00:00,48.48,49.04,1,0,11,4,1,6,0,Low
5506,S01102,2025-08-25 00:00:00,84.14,82.94,0,0,0,0,0,0,0,High
5507,S01102,2026-01-19 00:00:00,70.49,67.25,0,1,2,1,0,0,2,Moderate
5508,S01102,2026-06-08 00:00:00,80.04,81.2,0,1,2,1,0,0,0,High
5509,S01102,2026-08-24 00:00:00,87.53,83.15,0,1,2,1,0,0,0,High
5510,S01102,2027-01-18 00:00:00,83.88,84.69,0,1,2,1,0,0,0,High
5511,S01103,2025-08-25 00:00:00,86.57,93.46,0,0,0,0,0,0,0,High
5512,S01103,2026-01-19 00:00:00,95.48,99.88,0,0,0,0,0,0,0,High
5513,S01103,2026-06-08 00:00:00,67.07,67.39,1,0,1,1,0,8,1,Moderate
5514,S01103,2026-08-24 00:00:00,70.41,71.24,1,0,1,1,0,8,0,Moderate
5515,S01103,2027-01-18 00:00:00,79.83,76.04,1,0,1,1,0,8,0,High
5516,S01104,2025-08-25 00:00:00,79.69,82.83,0,0,0,0,0,0,0,High
5517,S01104,2026-01-19 00:00:00,81.82,85.57,0,0,3,2,0,0,2,High
5518,S01104,2026-06-08 00:00:00,83.82,82.89,0,0,3,2,0,0,0,high
5519,S01104,2026-08-24 00:00:00,77.98,78.29,0,30,3,2,0,0,0,High
5520,S01104,2027-01-18 00:00:00,76.24,67.8,0,1,4,2,0,0,0,High
5521,S01105,2025-08-25 00:00:00,81.84,91.66,0,0,0,0,0,0,0,High
5522,S01105,2026-01-19 00:00:00,87.18,81.73,0,0,0,0,0,0,0,High
5523,S01105,2026-06-08 00:00:00,80.97,87.81,0,1,1,0,0,0,1,High
5524,S01105,2026-08-24 00:00:00,76.56,82.79,0,1,3,0,0,0,2,High
5525,S01105,2027-01-18 00:00:00,71.42,79.02,0,1,4,1,0,0,0,Moderate
5526,S01106,2025-08-25 00:00:00,91.51,93.94,0,0,0,0,0,0,0,High
5527,S01106,2026-01-19 00:00:00,82.4,72.57,0,0,2,1,0,0,1,High
5528,S01106,2026-06-08 00:00:00,73.16,69.58,0,0,2,1,0,0,0,Moderate
5529,S01106,2026-08-24 00:00:00,69.53,65.42,0,0,4,3,0,0,2,Moderate
5530,S01106,2027-01-18 00:00:00,68.77,67.16,0,0,7,4,0,0,1,Moderate
5531,S01107,2025-08-25 00:00:00,97.35,100.0,0,0,0,0,0,0,0,High
5532,S01107,2026-01-19 00:00:00,88.95,89.88,0,0,0,0,0,0,0,High
5533,S01107,2026-06-08 00:00:00,83.22,92.17,0,0,1,1,0,0,0,High
5534,S01107,2026-08-24 00:00:00,82.94,86.7,0,0,1,1,0,0,0,High
5535,S01107,2027-01-18 00:00:00,71.07,72.73,0,0,5,2,1,0,4,Moderate
5536,S01108,2025-08-25 00:00:00,88.6,87.13,0,0,0,0,0,0,0,High
5537,S01108,2026-01-19 00:00:00,71.3,72.07,0,1,3,1,0,0,1,
5538,S01108,2026-06-08 00:00:00,65.66,69.56,0,1,4,2,0,0,1,Moderate
5539,S01108,2026-08-24 00:00:00,66.97,67.13,0,1,6,3,0,0,2,Moderate
5540,S01108,2027-01-18 00:00:00,63.62,64.28,0,1,7,4,0,0,0,Moderate
5541,S01109,2025-08-25 00:00:00,88.28,99.35,0,0,0,0,0,0,0,High
5542,S01109,2026-01-19 00:00:00,78.67,86.1,0,0,3,1,0,0,1,High
5543,S01109,2026-06-08 00:00:00,75.58,84.11,0,0,7,3,1,0,3,High
5544,S01109,2026-08-24 00:00:00,63.19,68.17,0,2,9,5,1,0,2,Moderate
5545,S01109,2027-01-18 00:00:00,78.59,83.91,0,2,9,5,1,0,0,High
5546,S01110,2025-08-25 00:00:00,82.58,85.51,0,0,0,0,0,0,0,High
5547,S01110,2026-01-19 00:00:00,78.71,79.94,0,0,5,3,0,0,5,High
5548,S01110,2026-06-08 00:00:00,62.65,65.53,1,0,7,4,0,4,1,Moderate
5549,S01110,2026-08-24 00:00:00,69.43,77.0,1,0,7,4,0,4,0,Moderate
5550,S01110,2027-01-18 00:00:00,57.59,48.0,1,0,9,5,0,4,2,Moderate
5551,S01111,2025-08-25 00:00:00,79.97,77.08,0,0,0,0,0,0,0,High
5552,S01111,2026-01-19 00:00:00,84.52,78.79,0,1,0,0,0,0,0,High
5553,S01111,2026-06-08 00:00:00,80.09,80.43,0,1,0,0,0,0,0,High
5554,S01111,2026-08-24 00:00:00,73.78,76.35,0,1,0,0,0,0,0,Moderate
5555,S01111,18/01/2027 00:00,71.03,68.31,0,1,1,1,0,0,1,Moderate
5556,S01112,2025-08-25 00:00:00,96.8,100.0,0,0,0,0,0,0,0,High
5557,S01112,2026-01-19 00:00:00,100.0,100.0,0,0,1,1,0,0,0,High
5558,S01112,2026-06-08 00:00:00,81.49,81.88,0,0,4,2,0,0,2,High
5559,S01112,2026-08-24 00:00:00,94.19,98.16,0,0,6,2,1,0,2,High
5560,S01112,2027-01-18 00:00:00,79.62,85.65,0,0,8,3,1,0,1,HIGH
5561,S01113,25/08/2025 00:00,91.96,92.89,0,0,0,0,0,0,0,High
5562,S01113,2026-01-19 00:00:00,81.63,78.67,0,0,1,0,0,0,0,High
5563,S01113,2026-06-08 00:00:00,81.28,86.46,0,1,1,0,0,0,0,High
5564,S01113,2026-08-24 00:00:00,76.71,83.51,0,1,1,0,0,0,0,High
5565,S01113,2027-01-18 00:00:00,81.51,76.78,0,1,1,0,0,0,0,High
5566,S01114,2025-08-25 00:00:00,92.1,86.55,0,0,0,0,0,0,0,High
5567,S01114,2026-01-19 00:00:00,89.8,96.17,0,0,0,0,0,0,0,High
5568,S01114,2026-06-08 00:00:00,74.48,78.92,0,0,1,1,0,0,1,Moderate
5569,S01114,2026-08-24 00:00:00,85.63,88.67,0,0,1,1,0,0,0,High
5570,S01114,2027-01-18 00:00:00,67.84,68.49,0,2,8,5,0,0,6,Moderate
5571,S01115,2025-08-25 00:00:00,90.63,92.27,0,0,0,0,0,0,0,High
5572,S01115,2026-01-19 00:00:00,91.06,94.39,0,0,1,0,0,0,0,High
5573,S01115,2026-06-08 00:00:00,79.71,87.26,0,0,3,0,1,0,2,High
5574,S01115,2026-08-24 00:00:00,71.61,79.65,0,0,7,2,1,0,4,Moderate
5575,S01115,2027-01-18 00:00:00,85.92,92.01,0,0,7,2,1,0,0,High
5576,S01116,2025-08-25 00:00:00,85.99,80.69,0,0,0,0,0,0,0,High
5577,S01116,2026-01-19 00:00:00,76.35,68.17,0,0,3,2,0,0,0,High
5578,S01116,2026-06-08 00:00:00,79.8,78.22,0,0,3,2,0,0,0,High
5579,S01116,2026-08-24 00:00:00,75.9,79.93,0,0,3,2,0,0,0,High
5580,S01116,2027-01-18 00:00:00,67.65,60.68,0,1,6,3,1,0,0,Moderate
5581,S01117,2025-08-25 00:00:00,77.33,79.67,0,0,0,0,0,0,0,High
5582,S01117,2026-01-19 00:00:00,87.78,82.83,0,0,0,0,0,0,0,High
5583,S01117,2026-06-08 00:00:00,82.64,75.94,0,0,0,0,0,0,0,High
5584,S01117,2026-08-24 00:00:00,77.31,73.43,0,0,3,1,1,0,3,High
5585,S01117,2027-01-18 00:00:00,81.09,79.87,0,0,3,1,1,0,0,High
5586,S01118,2025-08-25 00:00:00,89.6,91.45,0,0,0,0,0,0,0,High
5587,S01118,2026-01-19 00:00:00,80.4,80.26,0,0,3,1,0,0,2,High
5588,S01118,2026-06-08 00:00:00,83.11,86.65,0,0,3,1,0,0,0,High
5589,S01118,2026-08-24 00:00:00,80.4,85.28,0,0,4,2,0,0,1,High
5590,S01118,2027-01-18 00:00:00,82.24,79.46,0,0,5,3,0,0,0,High
5591, S01119 ,2025-08-25 00:00:00,72.39,67.83,0,0,0,0,0,0,0,Moderate
5592,S01119,2026-01-19 00:00:00,75.05,80.29,0,0,1,1,0,0,0,High
5593,S01119,2026-06-08 00:00:00,79.2,73.83,0,0,4,2,0,0,2,
5594,S01119,2026-08-24 00:00:00,68.66,71.0,0,0,5,3,0,0,1,Moderate
5595,S01119,2027-01-18 00:00:00,68.89,67.35,0,0,6,4,0,0,1,Moderate
5596,S01120,2025-08-25 00:00:00,72.1,68.71,0,0,0,0,0,0,0,Moderate
5597,S01120,2026-01-19 00:00:00,87.28,85.46,0,0,0,0,0,0,0,High
5598, S01120 ,2026-06-08 00:00:00,85.51,82.09,0,0,0,0,0,0,0,High
5599,S01120,2026-08-24 00:00:00,70.01,69.24,0,0,4,2,0,0,4,Moderate
5600,S01120,2027-01-18 00:00:00,73.7,69.13,0,0,4,2,0,0,0,Moderate
5601,S01121,2025-08-25 00:00:00,94.5,98.74,0,0,0,0,0,0,0,High
5602,S01121,2026-01-19 00:00:00,56.32,55.27,1,0,5,2,0,15,3,Moderate
5603,S01121,2026-06-08 00:00:00,50.41,54.32,1,1,7,4,0,15,2,Moderate
5604,S01121,2026-08-24 00:00:00,50.47,51.71,1,1,8,5,0,15,1,Moderate
5605,S01121,2027-01-18 00:00:00,44.28,41.88,1,2,11,6,0,15,1,Low
5606,S01122,2025-08-25 00:00:00,84.61,81.09,0,0,0,0,0,0,0, High 
5607,S01122,2026-01-19 00:00:00,80.87,80.61,0,1,2,2,0,0,2,High
5608,S01122,2026-06-08 00:00:00,75.8,72.35,0,1,5,4,0,0,2,High
5609, S01122 ,2026-08-24 00:00:00,77.77,80.04,0,1,5,4,0,0,0,High
5610,S01122,2027-01-18 00:00:00,64.3,60.72,0,1,9,7,0,0,2,Moderate
5611,S01123,2025-08-25 00:00:00,88.93,87.91,0,0,0,0,0,0,0,High
5612,S01123,2026-01-19 00:00:00,88.05,81.66,0,0,2,0,0,0,0,High
5613,S01123,2026-06-08 00:00:00,80.48,80.49,0,0,2,0,0,0,0,High
5614,S01123,2026-08-24 00:00:00,89.96,85.13,0,0,2,0,0,0,0,High
5615,S01123,2027-01-18 00:00:00,83.4,85.2,0,0,2,0,0,0,0,High
5616,S01124,2025-08-25 00:00:00,83.85,82.31,0,0,0,0,0,0,0,High
5617,S01124,2026-01-19 00:00:00,70.54,73.29,0,0,2,1,0,0,2,Moderate
5618,S01124,2026-06-08 00:00:00,75.81,72.93,0,0,2,1,0,0,0,High
5619,S01124,2026-08-24 00:00:00,68.47,67.24,0,0,3,1,0,0,1,Moderate
5620,S01124,2027-01-18 00:00:00,74.97,71.94,0,0,3,1,0,0,0,Moderate
5621,S01125,2025-08-25 00:00:00,87.65,84.86,0,0,0,0,0,0,0,High
5622,S01125,2026-01-19 00:00:00,79.2,73.92,0,0,5,2,0,0,3,High
5623,S01125,2026-06-08 00:00:00,79.97,78.7,0,0,5,2,0,0,0,High
5624,S01125,2026-08-24 00:00:00,73.56,73.55,0,0,6,2,0,0,1,Moderate
5625,S01125,2027-01-18 00:00:00,69.02,72.49,0,1,7,3,0,0,1,Moderate
5626,S01126,2025-08-25 00:00:00,88.39,93.89,0,0,0,0,0,0,0,High
5627,S01126,2026-01-19 00:00:00,84.23,88.99,0,0,4,2,0,0,0,High
5628, S01126 ,2026-06-08 00:00:00,71.97,75.42,0,0,6,3,0,0,1, Moderate 
5629,S01126,08/24/2026 00:00,55.47,61.91,1,1,7,4,0,6,1,Moderate
5630,S01126,2027-01-18 00:00:00,53.87,48.57,1,1,7,4,0,6,0,Moderate
5631,S01127,2025-08-25 00:00:00,90.81,90.48,0,0,0,0,0,0,0,High
5632,S01127,2026-01-19 00:00:00,85.53,87.03,0,0,1,0,0,0,1,High
5633,S01127,2026-06-08 00:00:00,82.43,84.42,0,0,2,0,1,0,0,High
5634,S01127,2026-08-24 00:00:00,83.52,83.36,0,1,2,0,1,0,0,High
5635,S01127,2027-01-18 00:00:00,78.89,77.41,0,1,2,0,1,0,0,High
5636,S01128,2025-08-25 00:00:00,88.64,87.47,0,0,0,0,0,0,0,High
5637,S01128,2026-01-19 00:00:00,80.16,80.65,0,0,3,0,0,0,0,High
5638,S01128,2026-06-08 00:00:00,79.92,,0,0,3,0,0,0,0,
5639,S01128,2026-08-24 00:00:00,89.43,88.17,0,0,3,0,0,0,0,High
5640,S01128,2027-01-18 00:00:00,85.1,91.83,0,0,5,1,0,0,0,High
5641,S01129,2025-08-25 00:00:00,99.69,100.0,0,0,0,0,0,0,0,High
5642,S01129,2026-01-19 00:00:00,86.66,94.75,0,0,1,1,0,0,0,High
5643,S01129,2026-06-08 00:00:00,87.23,93.93,0,0,3,2,0,0,2,High
5644,S01129,2026-08-24 00:00:00,92.82,100.0,0,0,3,2,0,0,0,High
5645,S01129,2027-01-18 00:00:00,84.32,92.7,0,0,4,3,0,0,0,High
5646,S01130,2025-08-25 00:00:00,91.78,93.96,0,0,0,0,0,0,0,High
5647,S01130,2026-01-19 00:00:00,79.14,79.12,0,0,1,0,0,0,1,High
5648,S01130,2026-06-08 00:00:00,85.79,74.34,0,0,1,0,0,0,0,High
5649,S01130,2026-08-24 00:00:00,88.67,91.12,0,0,1,0,0,0,0,High
5650,S01130,2027-01-18 00:00:00,75.64,78.89,0,0,3,1,1,0,1,High
5651,S01131,2025-08-25 00:00:00,86.36,80.61,0,0,0,0,0,0,0,High
5652,S01131,2026-01-19 00:00:00,89.95,88.63,0,0,2,2,0,0,0,High
5653,S01131,2026-06-08 00:00:00,84.14,80.59,0,0,2,2,0,0,0,High
5654,S01131,2026-08-24 00:00:00,75.22,75.74,0,0,3,3,0,0,1,high
5655,S01131,2027-01-18 00:00:00,80.88,73.63,0,0,3,3,0,0,0,High
5656,S01132,2025-08-25 00:00:00,85.06,87.08,0,0,0,0,0,0,0,High
5657,S01132,2026-01-19 00:00:00,84.1,86.1,0,0,1,1,0,0,0,High
5658,S01132,2026-06-08 00:00:00,87.44,92.3,0,0,1,1,0,0,0,High
5659,S01132,2026-08-24 00:00:00,79.44,69.27,0,0,1,1,0,0,0,High
5660,S01132,2027-01-18 00:00:00,83.92,85.08,0,0,2,2,0,0,0,High
5661,S01133,2025-08-25 00:00:00,92.36,91.52,0,0,0,0,0,0,0,High
5662,S01133,2026-01-19 00:00:00,99.18,97.39,0,0,1,0,0,0,0,High
5663, S01133 ,2026-06-08 00:00:00,91.78,99.58,0,0,1,0,0,0,0, High 
5664,S01133,2026-08-24 00:00:00,89.35,92.59,0,0,1,0,0,0,0,High
5665,S01133,2027-01-18 00:00:00,82.86,87.49,0,0,1,0,0,0,0,High
5666, S01134 ,2025-08-25 00:00:00,81.46,77.4,0,0,0,0,0,0,0,High
5667,S01134,2026-01-19 00:00:00,78.94,78.42,0,0,0,0,0,0,0,High
5668,S01134,2026-06-08 00:00:00,74.85,74.68,0,0,1,1,0,0,0,Moderate
5669, S01134 ,2026-08-24 00:00:00,63.99,54.87,0,0,6,2,1,0,5,Moderate
5670,S01134,2027-01-18 00:00:00,62.05,67.59,0,0,8,3,2,0,0,Moderate
5671,S01135,2025-08-25 00:00:00,85.55,85.69,0,0,0,0,0,0,0,High
5672,S01135,2026-01-19 00:00:00,77.04,78.79,0,0,1,0,0,0,0,High
5673,S01135,2026-06-08 00:00:00,84.14,86.09,0,0,1,0,0,0,0,High
5674,S01135,2026-08-24 00:00:00,86.0,90.95,0,0,2,0,0,0,1,High
5675,S01135,2027-01-18 00:00:00,78.29,82.1,0,0,3,1,0,0,0,High
5676,S01136,2025-08-25 00:00:00,92.04,89.73,0,0,0,0,0,0,0,High
5677,S01136,2026-01-19 00:00:00,81.04,81.12,0,0,2,1,0,0,2,High
5678,S01136,2026-06-08 00:00:00,90.49,97.22,0,0,2,1,0,0,0,High
5679,S01136,2026-08-24 00:00:00,78.88,90.81,0,0,4,2,0,0,2,High
5680,S01136,2027-01-18 00:00:00,80.93,93.14,0,0,4,2,0,0,0,High
5681,S01137,2025-08-25 00:00:00,83.03,75.65,0,0,0,0,0,0,0,High
5682,S01137,2026-01-19 00:00:00,71.71,67.13,0,0,2,1,0,0,1,Moderate
5683,S01137,2026-06-08 00:00:00,56.28,47.92,0,0,7,2,0,0,5,Moderate
5684,S01137,2026-08-24 00:00:00,,67.85,0,0,7,2,0,0,0,Moderate
5685,S01137,2027-01-18 00:00:00,63.14,63.02,0,1,8,3,0,0,0,Moderate
5686,S01138,2025-08-25 00:00:00,85.83,90.19,0,0,0,0,0,0,0,High
5687,S01138,2026-01-19 00:00:00,90.58,91.42,0,0,1,0,0,0,0,High
5688,S01138,2026-06-08 00:00:00,94.61,90.8,0,0,1,0,0,0,0,High
5689,S01138,2026-08-24 00:00:00,91.88,95.11,0,0,1,0,0,0,0,High
5690,S01138,2027-01-18 00:00:00,82.03,83.72,0,0,1,0,0,0,0,High
5691,S01139,2025-08-25 00:00:00,82.31,80.45,0,0,0,0,0,0,0,High
5692,S01139,2026-01-19 00:00:00,67.41,63.12,0,0,3,1,1,0,2,Moderate
5693,S01139,2026-06-08 00:00:00,79.53,81.34,0,0,3,1,1,0,0,High
5694,S01139,2026-08-24 00:00:00,73.82,69.35,0,0,4,1,1,0,1,Moderate
5695,S01139,2027-01-18 00:00:00,77.08,76.28,0,0,5,2,1,0,1,High
5696,S01140,2025-08-25 00:00:00,81.46,80.58,0,0,0,0,0,0,0,High
5697,S01140,2026-01-19 00:00:00,87.68,86.99,0,0,0,0,0,0,0,High
5698,S01140,2026-06-08 00:00:00,71.32,76.25,1,0,1,1,0,8,0,Moderate
5699,S01140,2026-08-24 00:00:00,75.27,75.06,1,0,2,1,0,8,1,High
5700,S01140,18-01-2027 00:00,64.11,64.4,1,0,4,2,1,8,0,Moderate
5701,S01141,2025-08-25 00:00:00,81.26,84.56,0,0,0,0,0,0,0,High
5702,S01141,2026-01-19 00:00:00,85.64,83.19,0,0,0,0,0,0,0,High
5703,S01141,2026-06-08 00:00:00,78.66,71.51,0,0,1,1,0,0,0,High
5704,S01141,2026-08-24 00:00:00,78.45,84.61,0,0,3,1,0,0,2,High
5705,S01141,2027-01-18 00:00:00,72.04,65.29,0,0,4,1,1,0,0,Moderate
5706,S01142,2025/08/25 00:00:00,87.87,87.42,0,0,0,0,0,0,0,High
5707,S01142,2026-01-19 00:00:00,92.31,100.0,0,0,0,0,0,0,0,High
5708,S01142,2026-06-08 00:00:00,77.48,81.82,0,0,1,0,1,0,1,High
5709,S01142,2026-08-24 00:00:00,65.65,70.5,0,0,4,2,1,0,3,Moderate
5710,S01142,2027-01-18 00:00:00,81.37,81.02,0,0,6,3,1,0,1,High
5711,S01143,2025-08-25 00:00:00,92.91,96.34,0,0,0,0,0,0,0,High
5712,S01143,2026-01-19 00:00:00,94.01,97.21,0,0,0,0,0,0,0,High
5713,S01143,2026-06-08 00:00:00,91.02,92.15,0,0,0,0,0,0,0,High
5714,S01143,2026-08-24 00:00:00,91.94,92.18,0,0,0,0,0,0,0,High
5715,S01143,2027-01-18 00:00:00,92.56,93.93,0,0,0,0,0,0,0,High
5716,S01144,2025-08-25 00:00:00,84.8,78.4,0,0,0,0,0,0,0,High
5717,S01144,2026-01-19 00:00:00,82.31,77.95,0,0,2,2,0,0,0,High
5718, S01144 ,2026-06-08 00:00:00,83.68,82.44,0,0,2,2,0,0,0,High
5719,S01144,2026-08-24 00:00:00,63.03,61.8,0,0,4,3,1,0,2,Moderate
5720,S01144,2027-01-18 00:00:00,67.96,67.56,0,0,5,3,1,0,1,Moderate
5721,S01145,2025-08-25 00:00:00,75.83,71.57,0,0,0,0,0,0,0,High
5722,S01145,2026-01-19 00:00:00,77.28,78.14,0,0,0,0,0,0,0,High
5723,S01145,2026-06-08 00:00:00,79.94,81.67,0,0,0,0,0,0,0,High
5724,S01145,2026-08-24 00:00:00,71.92,72.12,0,1,1,1,0,0,1,Moderate
5725,S01145,2027-01-18 00:00:00,62.86,60.67,0,1,3,2,0,0,2,Moderate
5726,S01146,2025-08-25 00:00:00,83.99,87.72,0,0,0,0,0,0,0,High
5727,S01146,2026-01-19 00:00:00,81.79,82.04,0,0,3,1,0,0,0,High
5728,S01146,2026-06-08 00:00:00,75.06,73.37,0,0,4,1,0,0,1,High
5729,S01146,2026-08-24 00:00:00,72.65,67.42,0,0,7,2,0,0,3,Moderate
5730,S01146,2027-01-18 00:00:00,55.54,57.05,1,0,9,3,0,8,0,Moderate
5731,S01147,2025-08-25 00:00:00,89.16,90.74,0,0,0,0,0,0,0,High
5732,S01147,2026-01-19 00:00:00,86.46,92.05,0,0,0,0,0,0,0,High
5733,S01147,2026-06-08 00:00:00,89.42,91.73,0,0,0,0,0,0,0,High
5734,S01147,2026-08-24 00:00:00,86.53,96.12,0,0,0,0,0,0,0,High
5735,S01147,2027-01-18 00:00:00,85.86,93.13,0,0,0,0,0,0,0,High
5736,S01148,2025/08/25 00:00:00,76.52,76.99,0,0,0,0,0,0,0,High
5737,S01148,2026-01-19 00:00:00,75.32,76.9,0,1,1,1,0,0,0,High
5738,S01148,2026-06-08 00:00:00,79.84,79.76,0,1,2,2,0,0,0,High
5739,S01148,2026-08-24 00:00:00,69.03,71.39,0,1,3,3,0,0,1, Moderate 
5740,S01148,2027-01-18 00:00:00,74.52,73.38,0,1,3,3,0,0,0,Moderate
5741,S01149,2025-08-25 00:00:00,81.74,78.41,0,0,0,0,0,0,0,High
5742,S01149,2026-01-19 00:00:00,73.1,64.67,0,0,1,0,0,0,1,Moderate
5743,S01149,2026-06-08 00:00:00,73.94,67.44,0,0,2,0,0,0,1,Moderate
5744,S01149,2026-08-24 00:00:00,76.68,76.22,0,0,3,1,0,0,1,High
5745,S01149,2027-01-18 00:00:00,74.29,64.2,0,0,3,1,0,0,0,Moderate
5746,S01150,2025-08-25 00:00:00,89.81,83.43,0,0,0,0,0,0,0,High
5747,S01150,2026-01-19 00:00:00,76.12,80.06,0,0,2,1,0,0,1,High
5748,S01150,2026-06-08 00:00:00,77.49,75.29,0,0,2,1,0,0,0,High
5749,S01150,2026-08-24 00:00:00,72.18,61.81,0,0,3,2,0,0,1,Moderate
5750,S01150,2027-01-18 00:00:00,69.59,66.12,0,0,4,3,0,0,0,Moderate
5751,S01151,2025-08-25 00:00:00,75.05,69.17,0,0,0,0,0,0,0, High 
5752,S01151,2026-01-19 00:00:00,65.36,62.53,0,0,1,1,0,0,1,Moderate
5753,S01151,2026-06-08 00:00:00,65.73,63.27,0,0,2,2,0,0,1,Moderate
5754,S01151,2026-08-24 00:00:00,66.37,69.53,0,0,3,2,0,0,1,Moderate
5755,S01151,2027-01-18 00:00:00,49.08,46.75,1,0,5,3,0,1,2,Low
5756,S01152,2025-08-25 00:00:00,90.84,94.82,0,0,0,0,0,0,0,High
5757,S01152,2026-01-19 00:00:00,96.11,100.0,0,0,0,0,0,0,0,High
5758,S01152,2026-06-08 00:00:00,93.28,93.38,0,0,0,0,0,0,0,High
5759,S01152,2026-08-24 00:00:00,71.13,67.98,0,0,3,1,1,0,3,Moderate
5760,S01152,2027-01-18 00:00:00,90.09,96.93,0,0,3,1,1,0,0,High
5761,S01153,2025-08-25 00:00:00,90.98,89.78,0,0,0,0,0,0,0,High
5762,S01153,2026-01-19 00:00:00,85.01,84.18,0,0,0,0,0,0,0,High
5763,S01153,2026-06-08 00:00:00,80.6,78.51,0,0,1,1,0,0,1,High
5764,S01153,2026-08-24 00:00:00,75.08,76.9,0,0,3,2,0,0,2,High
5765,S01153,2027-01-18 00:00:00,79.59,77.87,0,0,3,2,0,0,0,High
5766,S01154,2025-08-25 00:00:00,86.53,92.72,0,0,0,0,0,0,0,High
5767,S01154,2026-01-19 00:00:00,76.99,82.67,0,0,2,1,0,0,2,High
5768,S01154,2026-06-08 00:00:00,73.37,64.51,0,0,7,3,1,0,2,Moderate
5769,S01154,2026-08-24 00:00:00,51.01,50.26,1,0,10,4,1,8,3,Moderate
5770,S01154,2027-01-18 00:00:00,54.33,58.55,1,0,13,4,1,8,2,Moderate
5771,S01155,2025-08-25 00:00:00,81.79,79.76,0,0,0,0,0,0,0,High
5772,S01155,2026-01-19 00:00:00,69.93,72.28,1,0,2,1,0,8,0,Moderate
5773,S01155,2026-06-08 00:00:00,54.77,59.62,1,1,7,2,0,8,5,Moderate
5774,S01155,2026-08-24 00:00:00,52.05,59.44,1,1,9,3,0,8,2,Moderate
5775,S01155,2027-01-18 00:00:00,57.68,65.05,1,1,11,4,0,8,0,Moderate
5776,S01156,2025-08-25 00:00:00,77.5,80.15,0,0,0,0,0,0,0,High
5777,S01156,2026-01-19 00:00:00,74.36,70.9,0,0,0,0,0,0,0,Moderate
5778,S01156,2026-06-08 00:00:00,57.72,56.41,1,0,4,1,0,6,2,Moderate
5779,S01156,2026-08-24 00:00:00,57.42,51.07,1,0,-3,2,0,6,3,Moderate
5780,S01156,2027-01-18 00:00:00,55.44,54.93,1,0,7,2,0,6,0,Moderate
5781,S01157,2025-08-25 00:00:00,89.24,88.82,0,0,0,0,0,0,0,High
5782,S01157,2026-01-19 00:00:00,70.82,,0,0,3,2,0,0,0,Moderate
5783,S01157,2026-06-08 00:00:00,72.57,71.28,0,0,5,3,0,0,0,Moderate
5784,S01157,2026-08-24 00:00:00,75.7,73.41,0,0,6,3,0,0,1,High
5785,S01157,2027-01-18 00:00:00,72.06,63.82,0,0,7,3,0,0,1,Moderate
5786,S01158,2025-08-25 00:00:00,76.29,79.32,0,0,0,0,0,0,0,High
5787,S01158,2026-01-19 00:00:00,72.02,63.7,0,1,2,2,0,0,1,Moderate
5788,S01158,2026-06-08 00:00:00,71.31,63.26,0,1,2,2,0,0,0,Moderate
5789,S01158,2026-08-24 00:00:00,68.83,59.44,0,1,3,3,0,0,1,Moderate
5790, S01158 ,2027-01-18 00:00:00,72.24,67.86,0,1,3,3,0,0,0,Moderate
5791,S01159,2025-08-25 00:00:00,79.87,71.53,0,0,0,0,0,0,0,High
5792,S01159,2026-01-19 00:00:00,74.01,68.72,0,0,1,0,1,0,1,Moderate
5793,S01159,2026-06-08 00:00:00,65.54,61.6,0,0,2,0,1,0,1,Moderate
5794,S01159,2026-08-24 00:00:00,68.82,61.9,0,0,3,0,1,0,1,Moderate
5795,S01159,2027-01-18 00:00:00,75.11,70.35,0,0,3,0,1,0,0,High
5796,S01160,2025-08-25 00:00:00,78.45,80.32,0,0,0,0,0,0,0,High
5797,S01160,2026-01-19 00:00:00,62.38,65.81,0,1,4,2,0,0,2,Moderate
5798,S01160,2026-06-08 00:00:00,67.53,59.57,0,1,4,2,0,0,0,Moderate
5799,S01160,2026-08-24 00:00:00,66.89,73.78,0,1,7,4,0,0,3,Moderate
5800,S01160,2027-01-18 00:00:00,62.94,68.41,0,1,9,5,1,0,2,Moderate
5801,S01161,2025-08-25 00:00:00,78.03,77.36,0,0,0,0,0,0,0,High
5802,S01161,2026-01-19 00:00:00,81.42,82.41,0,0,3,1,0,0,0,High
5803,S01161,2026-06-08 00:00:00,,90.01,0,0,4,1,0,0,1,High
5804,S01161,2026-08-24 00:00:00,74.53,80.95,0,0,6,2,0,0,2,Moderate
5805,S01161,2027-01-18 00:00:00,70.49,65.42,0,0,7,3,0,0,1,Moderate
5806,S01162,2025-08-25 00:00:00,92.25,89.44,0,0,0,0,0,0,0,High
5807,S01162,2026-01-19 00:00:00,88.73,81.91,0,0,0,0,0,0,0,High
5808,S01162,2026-06-08 00:00:00,76.62,73.76,0,1,0,0,0,0,0,High
5809,S01162,2026-08-24 00:00:00,79.41,80.67,0,1,3,1,0,0,3,High
5810,S01162,2027-01-18 00:00:00,86.82,90.68,0,1,3,1,0,0,0,High
5811,S01163,2025-08-25 00:00:00,75.56,73.36,0,0,0,0,0,0,0,High
5812,S01163,2026-01-19 00:00:00,83.82,89.01,0,0,0,0,0,0,0,High
5813,S01163,2026-06-08 00:00:00,68.39,64.01,0,0,2,0,1,0,2,Moderate
5814,S01163,2026-08-24 00:00:00,64.2,63.52,0,0,4,2,1,0,2,Moderate
5815,S01163,2027-01-18 00:00:00,48.34,44.39,1,1,6,2,1,4,2,Low
5816,S01164,2025-08-25 00:00:00,85.19,80.74,0,0,0,0,0,0,0,High
5817,S01164,2026-01-19 00:00:00,80.34,74.82,0,0,0,0,0,0,0,High
5818,S01164,2026-06-08 00:00:00,61.13,59.12,1,0,4,1,0,6,1,Moderate
5819,S01164,2026-08-24 00:00:00,50.71,48.11,1,0,8,2,0,6,4,Moderate
5820,S01164,2027-01-18 00:00:00,41.31,37.54,2,0,13,3,0,10,0,Low
5821,S01165,2025-08-25 00:00:00,83.86,82.07,0,0,0,0,0,0,0,High
5822,S01165,2026-01-19 00:00:00,,81.64,0,0,3,2,0,0,2,High
5823,S01165,2026-06-08 00:00:00,89.87,88.87,0,0,3,2,0,0,0,High
5824,S01165,2026-08-24 00:00:00,72.86,67.07,0,0,4,3,0,0,1, Moderate 
5825,S01165,2027-01-18 00:00:00,68.94,66.11,0,1,6,4,0,0,2,Moderate
5826,S01166,2025-08-25 00:00:00,100.0,99.8,0,0,0,0,0,0,0,High
5827,S01166,2026-01-19 00:00:00,92.82,94.37,0,0,0,0,0,0,0,High
5828,S01166,06/08/2026 00:00,82.78,85.21,0,0,2,1,0,0,2,High
5829,S01166,2026-08-24 00:00:00,82.82,85.58,0,0,3,1,0,0,1,High
5830,S01166,2027-01-18 00:00:00,71.68,80.37,0,1,7,3,0,0,2,Moderate
5831,S01167,2025-08-25 00:00:00,86.97,86.45,0,0,0,0,0,0,0,High
5832,S01167,2026-01-19 00:00:00,,72.74,0,0,4,2,0,0,1,High
5833,S01167,2026-06-08 00:00:00,73.51,67.73,0,0,5,3,0,0,1,Moderate
5834,S01167,2026-08-24 00:00:00,70.11,65.95,0,0,6,3,0,0,1,Moderate
5835,S01167,2027-01-18 00:00:00,66.66,57.86,0,0,7,4,0,0,1,Moderate
5836,S01168,2025-08-25 00:00:00,88.89,87.15,0,0,0,0,0,0,0,High
5837,S01168,2026-01-19 00:00:00,80.74,81.48,0,0,4,1,0,0,0,High
5838,S01168,2026-06-08 00:00:00,80.6,88.07,0,0,4,1,0,0,0,High
5839,S01168,2026-08-24 00:00:00,77.55,79.8,0,0,5,1,0,0,1,High
5840,S01168,2027-01-18 00:00:00,76.55,78.22,0,0,7,2,0,0,2,High
5841,S01169,2025-08-25 00:00:00,86.09,90.01,0,0,0,0,0,0,0,High
5842,S01169,2026-01-19 00:00:00,86.82,93.35,0,0,2,2,0,0,0,High
5843,S01169,2026-06-08 00:00:00,83.95,91.21,0,0,3,2,1,0,1,High
5844,S01169,24-08-2026 00:00,65.88,70.0,0,0,9,4,1,0,6,Moderate
5845,S01169,2027-01-18 00:00:00,79.26,89.86,0,0,9,4,1,0,0,High
5846,S01170,2025-08-25 00:00:00,98.4,98.65,0,0,0,0,0,0,0,High
5847,S01170,2026-01-19 00:00:00,87.55,82.56,0,0,0,0,0,0,0,High
5848,S01170,2026-06-08 00:00:00,,82.98,0,0,3,1,0,0,2,High
5849,S01170,2026-08-24 00:00:00,81.71,87.01,0,0,3,1,0,0,0,High
5850,S01170,2027-01-18 00:00:00,77.81,84.08,0,0,4,2,0,0,1,High
5851,S01171,2025-08-25 00:00:00,92.4,92.34,0,0,0,0,0,0,0,High
5852,S01171,2026-01-19 00:00:00,95.66,100.0,0,0,0,0,0,0,0,High
5853,S01171,2026-06-08 00:00:00,77.61,72.31,1,0,0,0,0,1,0,High
5854,S01171,2026-08-24 00:00:00,54.62,52.13,1,0,5,2,0,1,5,Moderate
5855,S01171,2027-01-18 00:00:00,57.35,65.36,1,0,9,3,1,1,1,Moderate
5856,S01172,2025-08-25 00:00:00,87.05,89.17,0,0,0,0,0,0,0,High
5857,S01172,2026-01-19 00:00:00,84.07,88.44,0,0,2,2,0,0,0,High
5858,S01172,2026-06-08 00:00:00,73.67,68.72,0,0,4,4,0,0,1,Moderate
5859,S01172,2026-08-24 00:00:00,63.36,66.28,0,0,7,5,0,0,3,Moderate
5860,S01172,2027-01-18 00:00:00,69.43,65.87,0,0,11,7,0,0,3,Moderate
5861,S01173,2025-08-25 00:00:00,90.24,95.9,0,0,0,0,0,0,0,High
5862,S01173,2026-01-19 00:00:00,75.88,70.23,0,1,2,1,0,0,2,High
5863,S01173,2026-06-08 00:00:00,61.51,54.83,0,2,6,3,0,0,2,Moderate
5864,S01173,2026-08-24 00:00:00,74.52,70.62,0,2,6,3,0,0,0,Moderate
5865,S01173,2027-01-18 00:00:00,46.11,47.38,1,2,12,8,0,1,3,Low
5866,S01174,2025-08-25 00:00:00,82.73,81.84,0,0,0,0,0,0,0,High
5867,S01174,2026-01-19 00:00:00,64.6,56.79,0,1,3,2,0,0,3,Moderate
5868,S01174,2026-06-08 00:00:00,54.25,54.64,0,1,8,4,1,0,5,Moderate
5869,S01174,2026-08-24 00:00:00,55.85,,0,1,11,5,1,0,3,Moderate
5870,S01174,2027-01-18 00:00:00,54.34,42.82,0,2,11,5,1,0,0,MODERATE
5871,S01175,2025-08-25 00:00:00,89.67,91.45,0,0,0,0,0,0,0,High
5872,S01175,2026-01-19 00:00:00,90.11,84.09,0,0,0,0,0,0,0,High
5873,S01175,2026-06-08 00:00:00,82.81,,0,0,0,0,0,0,0, High 
5874,S01175,2026-08-24 00:00:00,75.89,68.5,0,0,2,1,0,0,2,High
5875,S01175,2027-01-18 00:00:00,81.74,85.91,0,0,3,2,0,0,0,High
5876,S01176,2025-08-25 00:00:00,88.91,88.23,0,0,0,0,0,0,0,High
5877,S01176,2026-01-19 00:00:00,84.21,89.68,0,0,0,0,0,0,0,High
5878,S01176,2026-06-08 00:00:00,88.28,88.46,0,0,1,0,0,0,0,High
5879,S01176,2026-08-24 00:00:00,83.43,84.13,0,0,1,0,0,0,0,High
5880,S01176,2027-01-18 00:00:00,78.95,80.69,0,0,1,0,0,0,0,High
5881,S01177,2025-08-25 00:00:00,88.28,86.74,0,0,0,0,0,0,0,High
5882,S01177,2026-01-19 00:00:00,83.31,87.83,0,0,0,0,0,0,0,High
5883,S01177,2026-06-08 00:00:00,75.85,72.54,0,0,0,0,0,0,0,High
5884,S01177,2026-08-24 00:00:00,86.6,86.22,0,0,1,0,0,0,1,High
5885,S01177,2027-01-18 00:00:00,76.24,72.21,0,0,5,2,0,0,1,High
5886,S01178,2025-08-25 00:00:00,77.74,73.93,0,0,0,0,0,0,0,High
5887,S01178,2026-01-19 00:00:00,,65.26,0,0,1,1,0,0,1,Moderate
5888,S01178,2026-06-08 00:00:00,61.64,60.18,1,0,4,3,0,1,2,Moderate
5889,S01178,2026-08-24 00:00:00,45.39,42.23,2,0,8,4,1,7,4,Low
5890,S01178,2027-01-18 00:00:00,46.11,48.91,2,0,8,4,1,7,0,Low
5891,S01179,2025-08-25 00:00:00,92.6,99.24,0,0,0,0,0,0,0,High
5892,S01179,2026-01-19 00:00:00,81.59,75.85,0,0,1,1,0,0,0,High
5893,S01179,2026-06-08 00:00:00,84.07,77.03,0,0,2,1,0,0,0,High
5894,S01179,2026-08-24 00:00:00,75.42,72.96,0,0,5,3,0,0,3,
5895,S01179,2027-01-18 00:00:00,75.58,72.5,0,0,5,3,0,0,0,High
5896,S01180,2025-08-25 00:00:00,85.24,92.38,0,0,0,0,0,0,0,High
5897,S01180,2026-01-19 00:00:00,96.67,100.0,0,0,0,0,0,0,0,High
5898,S01180,2026-06-08 00:00:00,82.49,79.16,0,0,0,0,0,0,0,High
5899,S01180,2026-08-24 00:00:00,84.74,89.72,0,0,1,1,0,0,1,High
5900,S01180,2027-01-18 00:00:00,90.19,90.61,0,0,1,1,0,0,0,High
5901,S01181,2025-08-25 00:00:00,83.1,82.03,0,0,0,0,0,0,0,High
5902,S01181,2026-01-19 00:00:00,85.58,81.44,0,0,0,0,0,0,0,High
5903,S01181,2026-06-08 00:00:00,73.23,73.23,0,0,1,0,0,0,1,Moderate
5904,S01181,2026-08-24 00:00:00,77.01,76.25,0,0,3,2,0,0,2,High
5905,S01181,2027-01-18 00:00:00,73.09,77.67,0,0,6,4,0,0,2,Moderate
5906,S01182,2025-08-25 00:00:00,82.59,84.55,0,0,0,0,0,0,0,High
5907,S01182,2026-01-19 00:00:00,81.34,84.16,0,1,0,0,0,0,0,High
5908,S01182,2026-06-08 00:00:00,62.38,65.54,1,1,3,2,0,1,3,Moderate
5909,S01182,2026-08-24 00:00:00,63.27,63.72,1,1,5,2,1,1,2,Moderate
5910,S01182,2027-01-18 00:00:00,61.5,67.42,1,1,6,3,1,1,1,Moderate
5911,S01183,2025-08-25 00:00:00,79.43,72.67,0,0,0,0,0,0,0,High
5912,S01183,2026-01-19 00:00:00,81.73,70.44,0,0,0,0,0,0,0,High
5913,S01183,2026-06-08 00:00:00,66.47,61.88,0,1,5,2,1,0,1,Moderate
5914,S01183,2026-08-24 00:00:00,69.04,70.26,0,1,6,2,1,0,1,Moderate
5915,S01183,2027-01-18 00:00:00,67.66,63.18,0,1,6,2,1,0,0,Moderate
5916,S01184,2025-08-25 00:00:00,83.06,75.23,0,0,0,0,0,0,0,High
5917,S01184,2026-01-19 00:00:00,92.48,92.2,0,0,1,0,0,0,0,High
5918,S01184,2026-06-08 00:00:00,89.07,86.79,0,0,1,0,0,0,0,High
5919,S01184,2026-08-24 00:00:00,83.85,76.77,0,0,3,1,0,0,2,High
5920,S01184,2027-01-18 00:00:00,80.62,80.3,0,0,4,1,1,0,0,High
5921,S01185,2025-08-25 00:00:00,100.0,100.0,0,0,0,0,0,0,0,High
5922,S01185,2026-01-19 00:00:00,80.19,,0,0,1,0,0,0,0,High
5923,S01185,2026-06-08 00:00:00,74.77,76.1,0,1,5,1,1,0,3,Moderate
5924,S01185,2026-08-24 00:00:00,61.24,66.56,1,1,7,2,1,8,2, Moderate 
5925,S01185,2027-01-18 00:00:00,67.69,68.46,1,1,8,2,1,8,0,Moderate
5926,S01186,2025-08-25 00:00:00,76.98,74.49,0,0,0,0,0,0,0,High
5927,S01186,2026-01-19 00:00:00,71.95,69.08,0,0,1,1,0,0,0,Moderate
5928,S01186,2026-06-08 00:00:00,77.6,69.14,0,0,1,1,0,0,0,High
5929,S01186,2026-08-24 00:00:00,78.67,75.79,0,0,1,1,0,0,0,High
5930,S01186,2027-01-18 00:00:00,69.56,62.08,0,1,2,1,1,0,1,Moderate
5931,S01187,2025-08-25 00:00:00,87.79,89.78,0,0,0,0,0,0,0,High
5932,S01187,2026-01-19 00:00:00,84.39,83.03,0,0,1,0,0,0,1,High
5933,S01187,2026-06-08 00:00:00,78.98,74.36,0,0,5,1,0,0,3,High
5934,S01187,2026-08-24 00:00:00,86.19,89.57,0,0,5,1,0,0,0,High
5935,S01187,2027-01-18 00:00:00,54.57,50.7,1,0,10,3,1,15,5,Moderate
5936,S01188,2025-08-25 00:00:00,80.37,74.85,0,0,0,0,0,0,0,High
5937,S01188,2026-01-19 00:00:00,,73.9,0,0,3,2,0,0,1,Moderate
5938,S01188,2026-06-08 00:00:00,71.06,72.09,0,0,4,2,1,0,1,Moderate
5939,S01188,2026-08-24 00:00:00,66.91,67.29,0,0,6,2,1,0,2,Moderate
5940,S01188,2027-01-18 00:00:00,70.01,66.53,0,0,8,3,1,0,2,Moderate
5941,S01189,2025-08-25 00:00:00,80.35,79.92,0,0,0,0,0,0,0,High
5942,S01189,2026-01-19 00:00:00,77.57,78.76,0,0,1,0,0,0,1,High
5943,S01189,2026-06-08 00:00:00,115.0,72.11,0,0,2,1,0,0,0,Moderate
5944,S01189,2026-08-24 00:00:00,70.96,67.59,0,0,2,1,0,0,0,Moderate
5945,S01189,2027-01-18 00:00:00,72.05,63.71,0,0,3,2,0,0,0,Moderate
5946,S01190,2025-08-25 00:00:00,85.12,81.26,0,0,0,0,0,0,0,High
5947,S01190,2026-01-19 00:00:00,79.24,78.42,0,0,0,0,0,0,0,High
5948,S01190,2026-06-08 00:00:00,68.69,74.32,1,1,1,1,0,1,0,Moderate
5949,S01190,2026-08-24 00:00:00,65.62,70.97,1,1,2,1,0,1,1,Moderate
5950,S01190,2027-01-18 00:00:00,75.23,80.55,1,1,2,1,0,1,0,High
5951, S01191 ,2025-08-25 00:00:00,92.19,93.39,0,0,0,0,0,0,0,High
5952,S01191,2026-01-19 00:00:00,88.42,85.26,0,0,0,0,0,0,0,High
5953,S01191,2026-06-08 00:00:00,74.77,72.35,0,0,5,3,0,0,4,Moderate
5954,S01191,2026-08-24 00:00:00,69.23,71.39,0,0,6,4,0,0,1,Moderate
5955,S01191,2027-01-18 00:00:00,77.57,,0,0,6,4,0,0,0,High
5956,S01192,2025-08-25 00:00:00,89.53,90.13,0,0,0,0,0,0,0,High
5957,S01192,2026-01-19 00:00:00,73.47,79.44,0,1,2,1,0,0,1,Moderate
5958,S01192,2026-06-08 00:00:00,60.11,61.44,0,1,8,3,1,0,6,Moderate
5959,S01192,2026-08-24 00:00:00,79.23,81.14,0,1,8,3,1,0,0,High
5960,S01192,2027-01-18 00:00:00,70.51,62.86,0,1,10,4,1,0,2,Moderate
5961,S01193,2025-08-25 00:00:00,90.07,97.34,0,0,0,0,0,0,0,High
5962,S01193,2026-01-19 00:00:00,85.58,85.95,0,0,0,0,0,0,0,High
5963,S01193,2026-06-08 00:00:00,78.89,82.8,0,0,0,0,0,0,0,High
5964,S01193,2026-08-24 00:00:00,73.01,78.25,0,0,1,1,0,0,1,Moderate
5965,S01193,2027-01-18 00:00:00,77.48,83.39,0,0,2,2,0,0,1,High
5966,S01194,2025-08-25 00:00:00,74.11,74.46,0,0,0,0,0,0,0,Moderate
5967,S01194,2026-01-19 00:00:00,60.75,57.18,0,0,3,1,1,0,3,Moderate
5968,S01194,2026-06-08 00:00:00,115.0,62.98,0,0,4,1,1,0,0,Moderate
5969, S01194 ,2026-08-24 00:00:00,67.97,65.42,0,0,5,1,1,0,1,Moderate
5970,S01194,2027-01-18 00:00:00,64.52,65.72,0,0,7,1,2,0,0,Moderate
5971,S01195,2025-08-25 00:00:00,89.27,91.71,0,0,0,0,0,0,0,High
5972,S01195,2026-01-19 00:00:00,84.33,85.97,0,0,0,0,0,0,0,High
5973,S01195,2026-06-08 00:00:00,89.61,93.88,0,0,0,0,0,0,0,High
5974,S01195,2026-08-24 00:00:00,76.52,70.38,0,0,1,0,0,0,1,High
5975,S01195,2027-01-18 00:00:00,75.37,87.76,0,0,2,1,0,0,1,High
5976,S01196,2025-08-25 00:00:00,92.5,90.19,0,0,0,0,0,0,0,High
5977,S01196,2026-01-19 00:00:00,79.89,,0,0,1,1,0,0,1,High
5978,S01196,2026-06-08 00:00:00,82.03,78.37,0,0,3,2,0,0,0,High
5979,S01196,2026-08-24 00:00:00,82.75,,0,0,4,2,0,0,1,High
5980,S01196,2027-01-18 00:00:00,78.73,77.72,0,0,5,2,0,0,0,High
5981,S01197,2025-08-25 00:00:00,82.64,86.41,0,0,0,0,0,0,0,High
5982,S01197,2026-01-19 00:00:00,74.67,71.5,0,0,4,2,2,0,4,Moderate
5983,S01197,2026-06-08 00:00:00,68.89,64.93,0,0,4,2,2,0,0,Moderate
5984,S01197,2026-08-24 00:00:00,68.74,65.64,0,0,4,2,2,0,0,Moderate
5985,S01197,2027-01-18 00:00:00,70.44,73.0,0,1,7,4,2,0,0,Moderate
5986,S01198,2025-08-25 00:00:00,81.86,78.12,0,0,0,0,0,0,0,High
5987,S01198,2026-01-19 00:00:00,75.25,72.3,0,0,5,3,1,0,3,High
5988,S01198,2026-06-08 00:00:00,70.93,64.22,0,0,6,3,1,0,1,Moderate
5989,S01198,2026-08-24 00:00:00,77.58,76.01,0,0,6,3,1,0,0,High
5990,S01198,2027-01-18 00:00:00,67.97,63.69,0,0,9,5,1,0,1,Moderate
5991,S01199,2025-08-25 00:00:00,100.0,100.0,0,0,0,0,0,0,0,High
5992,S01199,19-01-2026 00:00,91.02,90.45,0,0,1,0,1,0,1,High
5993,S01199,2026-06-08 00:00:00,81.98,82.13,0,0,4,1,1,0,2,High
5994, S01199 ,2026-08-24 00:00:00,87.28,88.18,0,0,6,1,1,0,2,High
5995,S01199,2027-01-18 00:00:00,93.31,100.0,0,0,6,1,1,0,0,High
5996,S01200,2025-08-25 00:00:00,88.4,92.41,0,0,0,0,0,0,0,High
5997,S01200,2026-01-19 00:00:00,85.27,82.77,0,0,0,0,0,0,0,High
5998,S01200,2026-06-08 00:00:00,89.89,91.61,0,0,0,0,0,0,0,High
5999,S01200,2026-08-24 00:00:00,85.58,83.93,0,1,1,0,0,0,1,High
6000,S01200,2027-01-18 00:00:00,80.54,81.91,0,2,4,1,0,0,2,High
6001,S01201,2025-08-25 00:00:00,90.18,87.0,0,0,0,0,0,0,0,High
6002,S01201,2026-01-19 00:00:00,84.9,84.6,0,0,0,0,0,0,0,High
6003,S01201,2026-06-08 00:00:00,83.53,87.02,0,0,1,1,0,0,1,High
6004,S01201,2026-08-24 00:00:00,68.81,69.37,0,0,5,1,0,0,4, Moderate 
6005,S01201,2027-01-18 00:00:00,80.86,87.52,0,0,7,1,0,0,1,High
6006,S01202,2025-08-25 00:00:00,91.35,89.6,0,0,0,0,0,0,0,High
6007,S01202,2026-01-19 00:00:00,74.9,68.23,0,0,4,1,0,0,4,Moderate
6008,S01202,2026-06-08 00:00:00,84.65,82.5,0,0,6,2,0,0,0,High
6009,S01202,2026-08-24 00:00:00,69.02,68.96,0,1,9,3,0,0,3,Moderate
6010,S01202,2027-01-18 00:00:00,76.34,73.97,0,1,9,3,0,0,0,High
6011,S01203,2025-08-25 00:00:00,86.13,89.16,0,0,0,0,0,0,0,High
6012,S01203,2026-01-19 00:00:00,83.31,84.79,0,0,1,0,0,0,1,High
6013,S01203,2026-06-08 00:00:00,90.94,91.63,0,0,1,0,0,0,0,High
6014,S01203,2026-08-24 00:00:00,81.79,90.22,0,1,2,1,0,0,1,High
6015,S01203,2027-01-18 00:00:00,69.62,69.27,0,1,8,3,1,0,6,Moderate
6016,S01204,2025-08-25 00:00:00,90.92,88.41,0,0,0,0,0,0,0,High
6017,S01204,2026-01-19 00:00:00,84.4,83.32,0,0,0,0,0,0,0,High
6018,S01204,2026-06-08 00:00:00,59.85,64.24,0,0,6,3,1,0,5,Moderate
6019,S01204,2026-08-24 00:00:00,67.2,71.61,0,0,8,4,1,0,2,Moderate
6020,S01204,2027-01-18 00:00:00,69.04,69.29,0,0,9,4,1,0,0,Moderate
6021,S01205,2025-08-25 00:00:00,78.71,81.08,0,0,0,0,0,0,0,High
6022,S01205,2026-01-19 00:00:00,82.02,81.91,0,0,0,0,0,0,0,High
6023,S01205,2026-06-08 00:00:00,76.76,76.63,0,0,0,0,0,0,0,High
6024,S01205,2026-08-24 00:00:00,73.02,66.41,0,1,0,0,0,0,0,Moderate
6025,S01205,2027-01-18 00:00:00,59.84,67.64,0,2,2,1,0,0,2,Moderate
6026,S01206,2025-08-25 00:00:00,89.58,,0,0,0,0,0,0,0,High
6027,S01206,2026-01-19 00:00:00,84.51,82.23,0,0,0,0,0,0,0,High
6028,S01206,2026-06-08 00:00:00,85.66,88.77,0,0,0,0,0,0,0,High
6029,S01206,2026-08-24 00:00:00,82.83,89.36,0,0,0,0,0,0,0,High
6030,S01206,2027-01-18 00:00:00,98.08,100.0,0,0,0,0,0,0,0,High
6031,S01207,2025-08-25 00:00:00,78.97,79.25,0,0,0,0,0,0,0,High
6032,S01207,2026-01-19 00:00:00,79.18,83.29,0,0,1,1,0,0,0,
6033,S01207,2026-06-08 00:00:00,75.95,72.73,0,0,1,1,0,0,0,High
6034,S01207,2026-08-24 00:00:00,80.22,75.47,0,0,1,1,0,0,0, High 
6035,S01207,2027-01-18 00:00:00,76.42,,0,0,2,2,0,0,0,
6036,S01208,2025-08-25 00:00:00,86.25,91.61,0,0,0,0,0,0,0,High
6037,S01208,2026-01-19 00:00:00,80.33,81.44,0,0,0,0,0,0,0,High
6038,S01208,2026-06-08 00:00:00,80.44,81.64,0,0,4,2,0,0,1,High
6039,S01208,2026-08-24 00:00:00,77.51,87.24,0,0,5,2,0,0,1,High
6040,S01208,2027-01-18 00:00:00,79.72,86.82,0,0,5,2,0,0,0,High
6041,S01209,2025-08-25 00:00:00,77.57,80.3,0,0,0,0,0,0,0,High
6042,S01209,2026-01-19 00:00:00,73.72,78.8,0,0,1,1,0,0,1,Moderate
6043,S01209,2026-06-08 00:00:00,72.71,71.25,0,0,3,1,0,0,1,Moderate
6044,S01209,2026-08-24 00:00:00,67.23,70.29,0,0,4,2,0,0,1,moderate
6045,S01209,2027-01-18 00:00:00,75.08,73.78,0,0,4,2,0,0,0,High
6046,S01210,2025-08-25 00:00:00,83.68,81.74,0,0,0,0,0,0,0,High
6047,S01210,2026-01-19 00:00:00,88.95,91.08,0,0,0,0,0,0,0,High
6048,S01210,2026-06-08 00:00:00,77.22,79.63,0,0,1,1,0,0,1,High
6049,S01210,2026-08-24 00:00:00,83.39,78.74,0,0,1,1,0,0,0,High
6050,S01210,2027-01-18 00:00:00,87.71,81.01,0,0,1,1,0,0,0,High
6051,S01211,2025-08-25 00:00:00,83.03,85.84,0,0,0,0,0,0,0,High
6052,S01211,2026-01-19 00:00:00,84.16,79.9,0,0,0,0,0,0,0,High
6053,S01211,2026-06-08 00:00:00,91.25,86.32,0,0,0,0,0,0,0,High
6054, S01211 ,2026-08-24 00:00:00,75.24,73.92,0,1,2,1,0,0,2,high
6055,S01211,2027-01-18 00:00:00,69.69,67.71,0,1,3,2,0,0,1,
6056,S01212,2025-08-25 00:00:00,80.39,85.91,0,0,0,0,0,0,0,High
6057,S01212,2026-01-19 00:00:00,78.19,69.91,0,0,3,1,1,0,0,High
6058,S01212,2026-06-08 00:00:00,79.9,77.43,0,0,3,1,1,0,0,High
6059,S01212,2026-08-24 00:00:00,70.61,65.64,0,0,4,2,1,0,1,Moderate
6060,S01212,2027-01-18 00:00:00,68.76,64.15,0,0,7,3,1,0,3,Moderate
6061,S01213,2025/08/25 00:00:00,89.54,87.91,0,0,0,0,0,0,0,High
6062,S01213,2026-01-19 00:00:00,71.72,66.72,0,0,4,1,1,0,2,Moderate
6063,S01213,2026-06-08 00:00:00,80.01,80.17,0,0,7,2,1,0,0,High
6064,S01213,2026-08-24 00:00:00,63.71,62.7,1,0,8,3,1,4,1,Moderate
6065,S01213,2027-01-18 00:00:00,56.67,63.33,1,0,12,5,2,4,1,Moderate
6066,S01214,2025-08-25 00:00:00,79.24,78.82,0,0,0,0,0,0,0,High
6067,S01214,2026-01-19 00:00:00,78.26,79.43,0,0,2,1,0,0,2,High
6068,S01214,2026-06-08 00:00:00,68.85,63.23,0,0,4,2,0,0,1,Moderate
6069,S01214,2026-08-24 00:00:00,51.1,49.13,1,0,6,3,0,6,2,Moderate
6070,S01214,2027-01-18 00:00:00,72.77,75.88,1,0,6,3,0,6,0,Moderate
6071,S01215,2025-08-25 00:00:00,87.75,90.92,0,0,0,0,0,0,0,High
6072,S01215,2026-01-19 00:00:00,79.33,78.15,1,0,1,1,0,1,0,High
6073,S01215,2026-06-08 00:00:00,72.05,74.49,1,0,1,1,0,1,0,Moderate
6074,S01215,2026-08-24 00:00:00,68.86,71.85,1,1,2,1,0,1,1,
6075,S01215,2027-01-18 00:00:00,65.13,62.1,1,1,4,2,0,1,2,Moderate
6076,S01216,2025-08-25 00:00:00,87.98,96.75,0,0,0,0,0,0,0,High
6077,S01216,2026-01-19 00:00:00,89.07,88.9,0,0,1,0,0,0,0,High
6078,S01216,2026-06-08 00:00:00,84.56,89.81,0,0,1,0,0,0,0,High
6079,S01216,2026-08-24 00:00:00,87.21,90.74,0,0,2,1,0,0,1,High
6080,S01216,2027-01-18 00:00:00,86.24,86.08,0,0,3,2,0,0,1,High
6081,S01217,2025-08-25 00:00:00,85.66,89.99,0,0,0,0,0,0,0,High
6082,S01217,2026-01-19 00:00:00,75.83,80.59,0,0,2,1,0,0,0,High
6083,S01217,2026-06-08 00:00:00,80.56,81.78,0,1,5,3,0,0,2,High
6084,S01217,2026-08-24 00:00:00,66.21,69.18,0,1,6,3,0,0,1,Moderate
6085,S01217,2027-01-18 00:00:00,72.58,73.45,0,1,7,4,0,0,0,Moderate
6086,S01218,2025-08-25 00:00:00,77.79,78.83,0,0,0,0,0,0,0,High
6087,S01218,2026-01-19 00:00:00,72.16,73.22,0,0,0,0,0,0,0,Moderate
6088,S01218,2026-06-08 00:00:00,74.29,65.0,0,0,0,0,0,0,0,Moderate
6089,S01218,2026-08-24 00:00:00,66.02,68.19,0,0,1,1,0,0,1,Moderate
6090,S01218,2027-01-18 00:00:00,76.13,70.68,0,0,1,1,0,0,0,High
6091,S01219,2025-08-25 00:00:00,89.23,82.78,0,0,0,0,0,0,0,High
6092,S01219,2026-01-19 00:00:00,78.23,76.48,0,0,1,1,0,0,0,High
6093,S01219,2026-06-08 00:00:00,90.83,82.83,0,0,1,1,0,0,0,High
6094,S01219,2026-08-24 00:00:00,81.65,76.63,0,0,1,1,0,0,0,High
6095,S01219,2027-01-18 00:00:00,83.83,86.16,0,0,1,1,0,0,0,High
6096,S01220,2025-08-25 00:00:00,87.19,91.0,0,0,0,0,0,0,0,High
6097,S01220,2026-01-19 00:00:00,83.53,80.24,0,0,1,0,0,0,1,High
6098,S01220,2026-06-08 00:00:00,78.15,77.41,0,0,3,1,0,0,1,High
6099,S01220,2026-08-24 00:00:00,75.33,77.0,0,1,5,3,0,0,2,High
6100,S01220,2027-01-18 00:00:00,84.22,76.74,0,1,5,3,0,0,0,High
6101,S01221,2025-08-25 00:00:00,85.03,90.15,0,0,0,0,0,0,0,High
6102,S01221,2026-01-19 00:00:00,69.9,70.35,1,0,3,2,0,4,2,Moderate
6103,S01221,2026-06-08 00:00:00,73.13,73.6,1,0,3,2,0,4,0,Moderate
6104,S01221,2026-08-24 00:00:00,70.99,68.92,1,0,3,2,0,4,0,Moderate
6105,S01221,2027-01-18 00:00:00,69.25,71.38,1,0,3,2,0,4,0,Moderate
6106,S01222,2025-08-25 00:00:00,90.09,88.3,0,0,0,0,0,0,0,High
6107,S01222,2026-01-19 00:00:00,92.31,99.3,0,0,1,0,0,0,0,High
6108,S01222,2026-06-08 00:00:00,89.92,97.04,0,0,1,0,0,0,0,High
6109,S01222,2026-08-24 00:00:00,75.31,78.05,0,1,6,2,0,0,5,
6110,S01222,2027-01-18 00:00:00,87.34,94.76,0,1,6,2,0,0,0,High
6111,S01223,2025-08-25 00:00:00,88.76,84.93,0,0,0,0,0,0,0,
6112,S01223,2026-01-19 00:00:00,79.6,80.69,0,1,3,2,0,0,1,High
6113,S01223,2026-06-08 00:00:00,62.07,68.94,0,1,7,4,0,0,2,Moderate
6114,S01223,2026-08-24 00:00:00,59.0,54.54,1,1,8,5,0,1,1,Moderate
6115,S01223,2027-01-18 00:00:00,37.83,36.88,2,2,11,6,0,9,3,Low
6116,S01224,2025-08-25 00:00:00,88.94,88.18,0,0,0,0,0,0,0,High
6117,S01224,2026-01-19 00:00:00,95.78,100.0,0,0,2,1,0,0,0,High
6118,S01224,2026-06-08 00:00:00,77.91,85.28,0,1,7,4,0,0,3,High
6119,S01224,2026-08-24 00:00:00,74.48,80.31,0,2,8,5,0,0,1,Moderate
6120,S01224,2027-01-18 00:00:00,42.92,48.25,1,2,14,8,0,8,5,Low
6121,S01225,2025-08-25 00:00:00,85.9,88.83,0,0,0,0,0,0,0,High
6122,S01225,2026-01-19 00:00:00,73.85,72.1,0,0,2,1,0,0,2,Moderate
6123,S01225,2026-06-08 00:00:00,69.59,67.97,0,0,4,2,0,0,0,Moderate
6124,S01225,2026-08-24 00:00:00,66.99,65.91,0,0,6,4,0,0,2,Moderate
6125,S01225,2027-01-18 00:00:00,68.98,64.6,0,0,8,5,0,0,0,Moderate
6126,S01226,2025-08-25 00:00:00,87.9,86.38,0,0,0,0,0,0,0,High
6127,S01226,2026-01-19 00:00:00,93.39,92.65,0,0,1,0,0,0,0,High
6128,S01226,2026-06-08 00:00:00,88.69,81.06,0,0,1,0,0,0,0,High
6129,S01226,2026-08-24 00:00:00,84.14,79.76,0,0,1,0,0,0,0,
6130,S01226,2027-01-18 00:00:00,91.96,92.91,0,0,2,1,0,0,0,High
6131,S01227,2025-08-25 00:00:00,87.17,88.97,0,0,0,0,0,0,0,High
6132,S01227,2026-01-19 00:00:00,86.3,90.76,0,0,2,1,0,0,1,High
6133,S01227,08/06/2026 00:00,63.32,67.16,0,0,9,4,1,0,4,Moderate
6134,S01227,2026-08-24 00:00:00,65.7,61.44,0,0,9,4,1,0,0,Moderate
6135,S01227,2027-01-18 00:00:00,61.33,,0,0,13,6,1,0,2,Moderate
6136,S01228,2025-08-25 00:00:00,84.44,87.26,0,0,0,0,0,0,0,High
6137,S01228,2026-01-19 00:00:00,85.89,89.31,0,0,0,0,0,0,0,High
6138,S01228,2026-06-08 00:00:00,83.09,82.27,0,0,0,0,0,0,0,high
6139,S01228,2026-08-24 00:00:00,80.15,87.29,0,0,4,2,0,0,4,High
6140,S01228,2027-01-18 00:00:00,69.73,74.52,0,1,6,4,0,0,1,Moderate
6141, S01229 ,2025-08-25 00:00:00,91.05,94.97,0,0,0,0,0,0,0,High
6142,S01229,2026-01-19 00:00:00,92.28,95.69,0,0,0,0,0,0,0,High
6143,S01229,2026-06-08 00:00:00,92.35,97.82,0,0,1,1,0,0,0,High
6144,S01229,2026-08-24 00:00:00,76.59,81.32,0,0,4,3,0,0,3, High 
6145,S01229,2027-01-18 00:00:00,78.25,85.0,0,0,5,3,0,0,1,High
6146,S01230,2025-08-25 00:00:00,88.96,91.13,0,0,0,0,0,0,0,High
6147,S01230,2026-01-19 00:00:00,80.23,83.61,0,0,5,2,0,0,1, High 
6148,S01230,2026-06-08 00:00:00,84.23,84.22,0,0,5,2,0,0,0,High
6149,S01230,2026-08-24 00:00:00,77.14,83.32,0,0,6,2,0,0,1,high
6150,S01230,2027-01-18 00:00:00,65.94,71.18,0,0,7,3,0,0,1,Moderate
6151,S01231,2025-08-25 00:00:00,88.85,84.13,0,0,0,0,0,0,0,High
6152,S01231,2026-01-19 00:00:00,87.3,89.29,0,0,1,1,0,0,0,High
6153,S01231,08/06/2026 00:00,72.54,69.67,0,1,1,1,0,0,0,Moderate
6154,S01231,2026-08-24 00:00:00,64.02,60.01,0,2,2,2,0,0,1,Moderate
6155,S01231,2027-01-18 00:00:00,78.51,82.45,0,2,3,3,0,0,0,High
6156,S01232,2025-08-25 00:00:00,91.06,93.39,0,0,0,0,0,0,0,High
6157,S01232,2026-01-19 00:00:00,85.65,94.33,0,0,0,0,0,0,0,High
6158,S01232,2026-06-08 00:00:00,86.44,89.06,0,0,0,0,0,0,0,High
6159,S01232,2026-08-24 00:00:00,79.73,,0,0,2,1,0,0,2,High
6160,S01232,2027-01-18 00:00:00,81.88,77.81,0,0,2,1,0,0,0,High
6161,S01233,2025-08-25 00:00:00,88.43,92.66,0,0,0,0,0,0,0,High
6162,S01233,2026-01-19 00:00:00,78.75,84.78,0,0,1,1,0,0,0,High
6163,S01233,2026-06-08 00:00:00,78.31,85.41,0,0,1,1,0,0,0,High
6164,S01233,2026-08-24 00:00:00,75.46,79.73,0,0,4,1,1,0,3,High
6165,S01233,2027-01-18 00:00:00,76.76,81.34,0,0,6,1,1,0,0,High
6166,S01234,2025-08-25 00:00:00,81.78,77.36,0,0,0,0,0,0,0,High
6167,S01234,01/19/2026 00:00,82.72,84.69,0,0,0,0,0,0,0,High
6168,S01234,2026-06-08 00:00:00,80.41,78.54,0,0,2,1,0,0,1,High
6169,S01234,2026-08-24 00:00:00,70.43,71.63,0,0,3,2,0,0,1,Moderate
6170,S01234,2027-01-18 00:00:00,67.13,67.62,0,0,6,3,0,0,3,Moderate
6171,S01235,2025-08-25 00:00:00,96.61,91.47,0,0,0,0,0,0,0,High
6172,S01235,2026-01-19 00:00:00,82.74,90.92,0,1,3,1,0,0,1,High
6173,S01235,2026-06-08 00:00:00,76.36,82.86,0,1,7,2,0,0,4,High
6174,S01235,2026-08-24 00:00:00,58.76,64.48,1,1,9,3,0,6,2,Moderate
6175,S01235,2027-01-18 00:00:00,44.41,45.69,2,1,11,4,0,14,2,Low
6176,S01236,2025-08-25 00:00:00,89.3,95.19,0,0,0,0,0,0,0,High
6177,S01236,2026-01-19 00:00:00,88.86,96.53,0,0,0,0,0,0,0,High
6178,S01236,2026-06-08 00:00:00,77.46,72.82,0,0,1,0,0,0,1,High
6179,S01236,2026-08-24 00:00:00,76.99,72.5,0,0,3,1,0,0,2,High
6180,S01236,2027-01-18 00:00:00,68.77,67.35,0,0,6,1,0,0,3,MODERATE
6181,S01237,2025-08-25 00:00:00,91.82,90.89,0,0,0,0,0,0,0,High
6182,S01237,2026-01-19 00:00:00,81.54,84.24,0,0,2,1,0,0,2,High
6183,S01237,2026-06-08 00:00:00,49.18,48.89,1,0,6,4,0,8,2,Low
6184,S01237,2026-08-24 00:00:00,54.32,59.13,1,0,10,5,1,8,4,Moderate
6185,S01237,2027-01-18 00:00:00,50.88,52.01,1,0,12,7,1,8,1,Moderate
6186,S01238,2025-08-25 00:00:00,82.68,86.73,0,0,0,0,0,0,0,High
6187,S01238,2026-01-19 00:00:00,80.68,86.68,0,1,0,0,0,0,0,High
6188,S01238,2026-06-08 00:00:00,74.55,80.88,0,2,2,1,0,0,2,Moderate
6189,S01238,2026-08-24 00:00:00,76.84,79.83,0,2,3,2,0,0,1,High
6190,S01238,2027-01-18 00:00:00,63.59,64.24,0,2,8,3,1,0,3,Moderate
6191,S01239,2025-08-25 00:00:00,86.65,85.87,0,0,0,0,0,0,0, High 
6192,S01239,2026-01-19 00:00:00,78.99,77.97,0,0,1,1,0,0,1,High
6193,S01239,2026-06-08 00:00:00,76.86,79.13,0,0,1,1,0,0,0,High
6194,S01239,2026-08-24 00:00:00,70.77,70.5,0,0,3,3,0,0,2,Moderate
6195,S01239,2027-01-18 00:00:00,68.87,69.61,1,0,4,4,0,4,0,Moderate
6196,S01240,2025-08-25 00:00:00,76.23,73.33,0,0,0,0,0,0,0,High
6197,S01240,2026-01-19 00:00:00,87.32,90.69,0,0,0,0,0,0,0,High
6198,S01240,2026-06-08 00:00:00,67.61,68.08,0,0,2,1,0,0,2,Moderate
6199,S01240,2026-08-24 00:00:00,74.47,77.59,0,0,5,2,0,0,3,Moderate
6200,S01240,2027-01-18 00:00:00,79.39,83.14,0,0,5,2,0,0,0,High
6201,S01241,2025-08-25 00:00:00,90.87,87.75,0,0,0,0,0,0,0,High
6202,S01241,2026-01-19 00:00:00,81.61,75.29,0,0,0,0,0,0,0,High
6203,S01241,2026-06-08 00:00:00,91.99,99.84,0,0,0,0,0,0,0,High
6204,S01241,2026-08-24 00:00:00,60.95,62.6,1,0,3,2,0,8,3,Moderate
6205,S01241,2027-01-18 00:00:00,62.16,64.83,1,0,4,2,1,8,1,Moderate
6206,S01242,2025-08-25 00:00:00,91.11,87.23,0,0,0,0,0,0,0,High
6207,S01242,2026-01-19 00:00:00,89.94,93.25,0,0,0,0,0,0,0,High
6208,S01242,2026-06-08 00:00:00,80.89,83.13,0,1,4,4,0,0,4,High
6209,S01242,2026-08-24 00:00:00,77.19,76.64,0,2,6,5,0,0,2,High
6210,S01242,2027-01-18 00:00:00,81.69,86.23,0,2,6,5,0,0,0,High
6211,S01243,2025-08-25 00:00:00,91.02,93.75,0,0,0,0,0,0,0, high 
6212,S01243,2026-01-19 00:00:00,83.49,87.27,0,0,0,0,0,0,0,High
6213,S01243,2026-06-08 00:00:00,85.35,92.13,0,0,1,1,0,0,0,High
6214,S01243,2026-08-24 00:00:00,77.67,80.87,0,0,3,1,0,0,2,High
6215,S01243,2027-01-18 00:00:00,83.42,80.47,0,0,3,1,0,0,0,High
6216,S01244,2025-08-25 00:00:00,88.02,85.69,0,0,0,0,0,0,0,High
6217,S01244,2026-01-19 00:00:00,92.84,88.08,0,0,2,2,0,0,0,High
6218,S01244,2026-06-08 00:00:00,90.66,86.01,0,0,2,2,0,0,0,
6219,S01244,2026-08-24 00:00:00,77.97,74.84,0,0,2,2,0,0,0,High
6220,S01244,2027-01-18 00:00:00,86.76,82.8,0,0,2,2,0,0,0,High
6221,S01245,2025-08-25 00:00:00,94.82,96.98,0,0,0,0,0,0,0,High
6222,S01245,2026-01-19 00:00:00,84.87,93.14,0,0,1,1,0,0,1,High
6223,S01245,2026-06-08 00:00:00,84.55,88.48,0,0,3,1,0,0,2,High
6224,S01245,2026-08-24 00:00:00,81.61,76.75,0,0,4,2,0,0,1,High
6225,S01245,01/18/2027 00:00,81.93,81.51,0,1,5,2,0,0,1,high
6226, S01246 ,2025-08-25 00:00:00,78.69,74.2,0,0,0,0,0,0,0,High
6227,S01246,2026-01-19 00:00:00,82.28,,0,0,0,0,0,0,0,High
6228,S01246,2026-06-08 00:00:00,68.36,60.63,0,0,3,1,1,0,2,Moderate
6229,S01246,2026-08-24 00:00:00,57.8,57.45,0,0,7,3,1,0,4,Moderate
6230,S01246,2027-01-18 00:00:00,67.91,58.34,0,0,7,3,1,0,0,Moderate
6231,S01247,2025-08-25 00:00:00,100.0,99.54,0,0,0,0,0,0,0,High
6232,S01247,2026-01-19 00:00:00,86.45,88.23,0,0,3,2,0,0,2,High
6233,S01247,2026-06-08 00:00:00,93.45,98.91,0,0,3,2,0,0,0,High
6234,S01247,24/08/2026 00:00,87.65,84.2,0,0,3,2,0,0,0,High
6235,S01247,2027-01-18 00:00:00,96.02,92.42,0,0,3,2,0,0,0,High
6236,S01248,2025-08-25 00:00:00,84.74,79.16,0,0,0,0,0,0,0,High
6237,S01248,2026-01-19 00:00:00,89.62,99.5,0,0,1,1,0,0,0,High
6238,S01248,2026-06-08 00:00:00,66.03,62.06,1,0,4,2,0,1,2,Moderate
6239,S01248,2026-08-24 00:00:00,70.64,72.99,1,0,4,2,0,1,0,Moderate
6240,S01248,2027-01-18 00:00:00,67.78,69.93,1,0,6,3,1,1,1,Moderate
6241,S01249,2025-08-25 00:00:00,84.85,79.64,0,0,0,0,0,0,0,High
6242,S01249,2026-01-19 00:00:00,74.39,76.73,0,0,1,1,0,0,1,Moderate
6243,S01249,2026-06-08 00:00:00,74.11,87.37,0,1,2,2,0,0,0,Moderate
6244,S01249,2026-08-24 00:00:00,69.4,75.53,0,1,5,3,0,0,3,Moderate
6245,S01249,2027-01-18 00:00:00,74.84,77.03,0,1,5,3,0,0,0,Moderate
6246,S01250,2025-08-25 00:00:00,84.74,86.02,0,0,0,0,0,0,0,High
6247,S01250,2026-01-19 00:00:00,68.49,68.27,0,0,3,1,0,0,1,Moderate
6248,S01250,2026-06-08 00:00:00,68.18,65.79,0,1,5,2,0,0,2,Moderate
6249,S01250,2026-08-24 00:00:00,69.26,66.78,0,1,5,2,0,0,0,Moderate
6250,S01250,2027-01-18 00:00:00,73.08,76.09,0,1,5,2,0,0,0,
6251,S01251,2025-08-25 00:00:00,93.13,100.0,0,0,0,0,0,0,0,High
6252,S01251,2026-01-19 00:00:00,95.58,95.64,0,0,1,1,0,0,0,High
6253,S01251,2026-06-08 00:00:00,77.84,80.21,0,0,3,1,0,0,1,High
6254,S01251,2026-08-24 00:00:00,88.08,94.59,0,0,3,1,0,0,0,High
6255,S01251,2027-01-18 00:00:00,68.48,68.93,1,0,6,2,0,4,3,Moderate
6256,S01252,2025-08-25 00:00:00,92.85,88.79,0,0,0,0,0,0,0,High
6257,S01252,2026-01-19 00:00:00,82.95,85.28,0,0,0,0,0,0,0,High
6258,S01252,2026-06-08 00:00:00,80.31,85.18,0,0,1,1,0,0,1,High
6259,S01252,2026-08-24 00:00:00,60.74,60.56,0,0,5,2,1,0,4,Moderate
6260,S01252,2027-01-18 00:00:00,73.64,75.67,0,2,5,2,1,0,0,Moderate
6261,S01253,2025-08-25 00:00:00,80.9,80.1,0,0,0,0,0,0,0,High
6262,S01253,2026-01-19 00:00:00,93.33,90.14,0,0,0,0,0,0,0,High
6263,S01253,2026-06-08 00:00:00,89.06,87.56,0,0,0,0,0,0,0,High
6264,S01253,2026-08-24 00:00:00,83.45,79.62,0,0,0,0,0,0,0,High
6265,S01253,2027-01-18 00:00:00,78.87,74.48,0,0,1,0,1,0,0,High
6266,S01254,2025-08-25 00:00:00,79.3,76.25,0,0,0,0,0,0,0,High
6267,S01254,2026-01-19 00:00:00,90.31,90.0,0,0,0,0,0,0,0,High
6268,S01254,2026-06-08 00:00:00,80.76,77.7,0,0,0,0,0,0,0,High
6269,S01254,2026-08-24 00:00:00,75.54,76.23,0,0,3,1,0,0,3, High 
6270,S01254,2027-01-18 00:00:00,75.32,74.89,0,1,4,2,0,0,0,High
6271,S01255,2025-08-25 00:00:00,84.62,89.74,0,0,0,0,0,0,0,High
6272,S01255,2026-01-19 00:00:00,77.71,85.08,0,0,3,1,0,0,3,High
6273,S01255,2026-06-08 00:00:00,72.41,70.28,0,0,4,2,0,0,1,Moderate
6274,S01255,2026-08-24 00:00:00,78.52,84.62,0,0,5,3,0,0,1,High
6275,S01255,2027-01-18 00:00:00,79.16,82.99,0,0,5,3,0,0,0,High
6276,S01256,2025-08-25 00:00:00,98.3,97.62,0,0,0,0,0,0,0,High
6277,S01256,2026-01-19 00:00:00,77.96,81.85,0,1,2,1,0,0,0,High
6278,S01256,2026-06-08 00:00:00,70.68,66.97,0,1,3,2,0,0,1,Moderate
6279,S01256,2026-08-24 00:00:00,75.41,75.13,0,1,3,2,0,0,0,High
6280,S01256,2027-01-18 00:00:00,69.64,71.24,0,1,5,3,0,0,0,Moderate
6281,S01257,2025-08-25 00:00:00,86.55,80.55,0,0,0,0,0,0,0,High
6282,S01257,2026-01-19 00:00:00,84.06,93.91,0,0,2,1,0,0,2,High
6283,S01257,2026-06-08 00:00:00,72.02,70.38,0,0,4,2,0,0,0,Moderate
6284,S01257,2026-08-24 00:00:00,72.82,70.43,0,0,5,3,0,0,1,Moderate
6285,S01257,2027-01-18 00:00:00,75.76,74.26,0,0,5,3,0,0,0,High
6286,S01258,2025-08-25 00:00:00,82.53,85.53,0,0,0,0,0,0,0,High
6287,S01258,2026-01-19 00:00:00,82.67,83.5,0,0,0,0,0,0,0,High
6288,S01258,2026-06-08 00:00:00,80.64,81.73,0,0,4,2,0,0,2,High
6289,S01258,2026-08-24 00:00:00,81.75,82.68,0,0,5,2,0,0,1,High
6290,S01258,01/18/2027 00:00,63.26,69.77,0,1,7,3,0,0,2,Moderate
6291,S01259,2025-08-25 00:00:00,84.02,91.18,0,0,0,0,0,0,0,High
6292,S01259,2026-01-19 00:00:00,71.63,74.0,0,1,2,1,0,0,1,Moderate
6293,S01259,2026-06-08 00:00:00,63.73,60.52,0,1,6,3,0,0,3,Moderate
6294,S01259,2026-08-24 00:00:00,65.49,62.22,0,1,7,4,0,0,1,Moderate
6295,S01259,2027-01-18 00:00:00,55.71,60.22,0,1,11,6,0,0,2,Moderate
6296,S01260,2025-08-25 00:00:00,83.81,85.6,0,0,0,0,0,0,0,High
6297,S01260,2026-01-19 00:00:00,79.38,87.93,0,0,2,1,0,0,0,High
6298,S01260,2026-06-08 00:00:00,79.51,72.86,0,0,3,2,0,0,1,High
6299,S01260,2026-08-24 00:00:00,71.44,68.73,0,0,3,2,0,0,0,Moderate
6300,S01260,2027-01-18 00:00:00,74.03,72.79,0,0,3,2,0,0,0,Moderate
6301,S01261,2025-08-25 00:00:00,92.6,95.79,0,0,0,0,0,0,0,High
6302,S01261,2026-01-19 00:00:00,91.63,94.56,0,0,5,1,1,0,3,High
6303,S01261,2026-06-08 00:00:00,89.06,93.94,0,0,6,1,2,0,1,High
6304,S01261,2026-08-24 00:00:00,77.44,77.73,0,0,7,1,2,0,1,High
6305,S01261,2027-01-18 00:00:00,81.21,84.0,0,0,7,1,2,0,0,High
6306,S01262,2025-08-25 00:00:00,84.63,87.45,0,0,0,0,0,0,0,High
6307,S01262,2026-01-19 00:00:00,74.77,66.93,0,0,0,0,0,0,0,Moderate
6308,S01262,2026-06-08 00:00:00,,88.34,0,0,0,0,0,0,0,HIGH
6309,S01262,2026-08-24 00:00:00,76.85,74.69,0,0,1,1,0,0,1,High
6310,S01262,2027-01-18 00:00:00,75.34,80.69,0,0,4,3,0,0,1,High
6311,S01263,2025-08-25 00:00:00,90.2,93.27,0,0,0,0,0,0,0,High
6312,S01263,2026-01-19 00:00:00,89.83,100.0,0,0,2,0,1,0,0,High
6313,S01263,2026-06-08 00:00:00,82.0,80.65,0,0,2,0,1,0,0,High
6314,S01263,2026-08-24 00:00:00,88.06,94.56,0,0,3,0,2,0,1,High
6315,S01263,2027-01-18 00:00:00,85.14,88.74,0,0,3,0,2,0,0,High
6316,S01264,2025-08-25 00:00:00,92.05,95.74,0,0,0,0,0,0,0,High
6317,S01264,2026-01-19 00:00:00,,90.89,0,1,2,2,0,0,1,High
6318,S01264,2026-06-08 00:00:00,52.25,57.07,1,1,5,3,1,1,3,Moderate
6319,S01264,2026-08-24 00:00:00,64.67,63.91,1,1,5,3,1,1,0,Moderate
6320,S01264,2027-01-18 00:00:00,67.74,65.57,1,1,6,4,1,1,1,Moderate
6321,S01265,2025-08-25 00:00:00,77.83,72.92,0,0,0,0,0,0,0,High
6322,S01265,2026-01-19 00:00:00,71.7,70.93,0,1,2,2,0,0,1,Moderate
6323,S01265,2026-06-08 00:00:00,70.32,71.16,0,1,3,3,0,0,1,Moderate
6324,S01265,2026-08-24 00:00:00,75.73,77.35,0,1,3,3,0,0,0,High
6325, S01265 ,2027-01-18 00:00:00,62.86,57.2,0,2,6,4,1,0,2,Moderate
6326,S01266,2025-08-25 00:00:00,100.0,100.0,0,0,0,0,0,0,0,High
6327,S01266,2026-01-19 00:00:00,96.4,95.83,0,0,1,0,0,0,0,High
6328,S01266,2026-06-08 00:00:00,80.07,82.87,0,0,6,2,0,0,4,High
6329,S01266,2026-08-24 00:00:00,89.85,100.0,0,0,7,2,0,0,1,High
6330,S01266,2027-01-18 00:00:00,84.39,89.74,0,0,7,2,0,0,0,High
6331,S01267,2025-08-25 00:00:00,78.09,74.94,0,0,0,0,0,0,0,High
6332,S01267,2026-01-19 00:00:00,76.49,71.87,0,0,0,0,0,0,0,High
6333,S01267,2026-06-08 00:00:00,84.36,,0,0,0,0,0,0,0, High 
6334,S01267,2026-08-24 00:00:00,78.84,84.52,0,0,0,0,0,0,0,High
6335,S01267,2027-01-18 00:00:00,74.69,62.99,0,0,0,0,0,0,0,Moderate
6336,S01268,2025-08-25 00:00:00,92.4,100.0,0,0,0,0,0,0,0,High
6337,S01268,2026-01-19 00:00:00,91.37,91.41,0,0,0,0,0,0,0,High
6338,S01268,2026-06-08 00:00:00,84.49,87.15,0,0,1,0,0,0,1,High
6339,S01268,2026-08-24 00:00:00,71.28,73.55,1,0,3,0,0,1,2, Moderate 
6340,S01268,2027/01/18 00:00:00,75.58,75.43,1,0,4,0,0,1,1,High
6341,S01269,2025-08-25 00:00:00,77.53,77.14,0,0,0,0,0,0,0,High
6342,S01269,2026-01-19 00:00:00,75.8,72.19,0,0,3,2,0,0,2,High
6343,S01269,2026-06-08 00:00:00,63.03,53.81,0,0,5,3,0,0,2,Moderate
6344,S01269,2026-08-24 00:00:00,68.84,56.79,0,0,7,5,0,0,2,Moderate
6345,S01269,2027-01-18 00:00:00,69.22,56.52,0,0,9,6,0,0,2,Moderate
6346,S01270,2025-08-25 00:00:00,76.92,70.82,0,0,0,0,0,0,0,High
6347,S01270,2026-01-19 00:00:00,75.71,75.6,0,1,2,1,0,0,0,High
6348,S01270,2026-06-08 00:00:00,78.06,83.36,0,1,2,1,0,0,0,High
6349,S01270,2026-08-24 00:00:00,71.31,64.49,0,1,2,1,0,0,0,Moderate
6350,S01270,2027-01-18 00:00:00,67.99,67.75,0,1,2,1,0,0,0,Moderate
6351,S01271,2025-08-25 00:00:00,87.58,87.61,0,0,0,0,0,0,0,High
6352,S01271,2026-01-19 00:00:00,85.32,87.18,0,0,1,1,0,0,0,High
6353,S01271,2026-06-08 00:00:00,90.22,93.75,0,0,1,1,0,0,0,High
6354,S01271,2026-08-24 00:00:00,91.65,99.18,0,0,1,1,0,0,0,High
6355,S01271,2027-01-18 00:00:00,86.25,85.88,0,0,1,1,0,0,0,High
6356,S01272,2025-08-25 00:00:00,92.25,93.25,0,0,0,0,0,0,0,High
6357,S01272,2026-01-19 00:00:00,84.47,80.89,0,1,3,2,0,0,2,High
6358,S01272,2026-06-08 00:00:00,80.85,85.78,0,1,3,2,0,0,0, High 
6359,S01272,2026-08-24 00:00:00,85.23,84.66,0,1,3,2,0,0,0,High
6360, S01272 ,2027-01-18 00:00:00,77.4,81.73,0,1,3,2,0,0,0,High
6361,S01273,2025-08-25 00:00:00,86.32,90.54,0,0,0,0,0,0,0,High
6362,S01273,2026-01-19 00:00:00,80.66,77.84,0,0,6,2,0,0,3,High
6363,S01273,2026-06-08 00:00:00,78.41,81.94,0,0,6,2,0,0,0,High
6364,S01273,2026-08-24 00:00:00,64.89,66.54,0,1,9,4,0,0,3,
6365,S01273,2027-01-18 00:00:00,71.65,66.1,0,1,10,5,0,0,0,Moderate
6366,S01274,2025-08-25 00:00:00,94.13,100.0,0,0,0,0,0,0,0,High
6367,S01274,2026-01-19 00:00:00,91.45,98.27,0,0,0,0,0,0,0,High
6368,S01274,2026-06-08 00:00:00,76.84,89.94,0,0,1,1,0,0,1,
6369,S01274,2026-08-24 00:00:00,84.39,87.76,0,0,2,2,0,0,1,High
6370,S01274,2027-01-18 00:00:00,88.52,,0,0,2,2,0,0,0,High
6371,S01275,2025-08-25 00:00:00,80.4,77.65,0,0,0,0,0,0,0,High
6372,S01275,2026-01-19 00:00:00,87.0,98.91,0,0,0,0,0,0,0,High
6373,S01275,2026-06-08 00:00:00,77.38,69.5,0,0,2,1,0,0,2,High
6374,S01275,2026-08-24 00:00:00,75.14,75.54,0,0,4,2,0,0,2,High
6375,S01275,2027-01-18 00:00:00,75.32,74.64,0,0,7,3,0,0,1,High
6376,S01276,2025-08-25 00:00:00,76.14,72.39,0,0,0,0,0,0,0,High
6377,S01276,2026-01-19 00:00:00,77.84,76.7,0,1,2,1,0,0,1,High
6378,S01276,2026-06-08 00:00:00,72.61,69.66,0,2,2,1,0,0,0,Moderate
6379,S01276,2026-08-24 00:00:00,69.67,67.18,0,2,2,1,0,0,0,Moderate
6380,S01276,2027-01-18 00:00:00,73.66,66.51,0,2,2,1,0,0,0,Moderate
6381,S01277,2025-08-25 00:00:00,83.92,77.32,0,0,0,0,0,0,0,High
6382,S01277,2026-01-19 00:00:00,68.52,72.01,0,0,7,2,1,0,2,Moderate
6383,S01277,2026-06-08 00:00:00,76.31,86.94,0,0,7,2,1,0,0,High
6384,S01277,2026-08-24 00:00:00,71.93,76.43,0,0,7,2,1,0,0,Moderate
6385,S01277,2027-01-18 00:00:00,62.17,71.89,1,0,7,2,1,6,0,Moderate
6386,S01278,2025-08-25 00:00:00,79.65,77.8,0,0,0,0,0,0,0,High
6387, S01278 ,2026-01-19 00:00:00,84.28,77.08,0,0,0,0,0,0,0,High
6388,S01278,2026-06-08 00:00:00,73.44,74.13,0,0,1,1,0,0,1,Moderate
6389,S01278,2026-08-24 00:00:00,78.77,79.48,0,0,2,2,0,0,1,High
6390,S01278,2027-01-18 00:00:00,77.1,76.76,0,0,3,3,0,0,0,High
6391,S01279,2025-08-25 00:00:00,87.45,90.35,0,0,0,0,0,0,0,High
6392,S01279,2026-01-19 00:00:00,93.65,95.23,0,0,0,0,0,0,0,High
6393,S01279,2026-06-08 00:00:00,77.62,82.41,0,0,4,1,0,0,3,High
6394,S01279,2026-08-24 00:00:00,84.28,90.6,0,0,4,1,0,0,0,High
6395,S01279,2027-01-18 00:00:00,85.5,85.72,0,0,4,1,0,0,0,High
6396,S01280,2025-08-25 00:00:00,78.92,72.35,0,0,0,0,0,0,0,High
6397,S01280,2026-01-19 00:00:00,79.92,81.13,0,0,1,1,0,0,1,High
6398,S01280,2026-06-08 00:00:00,70.87,68.2,0,1,3,1,1,0,2,Moderate
6399,S01280,2026-08-24 00:00:00,74.85,75.12,0,1,3,1,1,0,0,Moderate
6400,S01280,2027-01-18 00:00:00,74.04,72.19,0,1,4,1,1,0,0,Moderate
6401,S01281,2025-08-25 00:00:00,91.99,86.26,0,0,0,0,0,0,0,High
6402,S01281,2026-01-19 00:00:00,87.15,97.57,0,0,3,0,1,0,0,High
6403,S01281,2026-06-08 00:00:00,82.8,86.08,0,0,3,0,1,0,0,High
6404,S01281,2026-08-24 00:00:00,75.84,74.82,0,0,4,0,2,0,1,High
6405,S01281,2027-01-18 00:00:00,78.93,78.34,0,0,6,2,2,0,1,High
6406,S01282,2025-08-25 00:00:00,82.72,84.59,0,0,0,0,0,0,0,High
6407,S01282,2026-01-19 00:00:00,82.19,81.32,0,0,0,0,0,0,0,High
6408,S01282,2026-06-08 00:00:00,79.88,82.46,0,0,0,0,0,0,0,High
6409,S01282,24/08/2026 00:00,84.21,80.2,0,0,0,0,0,0,0,High
6410,S01282,2027-01-18 00:00:00,77.68,82.81,0,0,3,2,0,0,1,
6411,S01283,2025-08-25 00:00:00,79.01,76.26,0,0,0,0,50,0,0,High
6412,S01283,2026-01-19 00:00:00,80.98,84.35,0,0,0,0,0,0,0,High
6413,S01283,2026-06-08 00:00:00,81.49,81.84,0,0,1,0,0,0,0,High
6414,S01283,2026-08-24 00:00:00,61.8,60.39,1,0,3,1,0,6,2,Moderate
6415,S01283,2027-01-18 00:00:00,64.23,65.75,1,0,4,1,0,6,0,Moderate
6416,S01284,2025-08-25 00:00:00,92.94,88.43,0,0,0,0,0,0,0,High
6417,S01284,2026-01-19 00:00:00,81.79,85.46,0,0,0,0,0,0,0,High
6418,S01284,2026-06-08 00:00:00,81.16,81.37,0,0,0,0,0,0,0,High
6419,S01284,2026-08-24 00:00:00,84.3,81.65,0,0,0,0,0,0,0,High
6420,S01284,2027-01-18 00:00:00,87.19,87.75,0,0,0,0,0,0,0,High
6421,S01285,2025-08-25 00:00:00,93.85,100.0,0,0,0,0,0,0,0,High
6422,S01285,2026-01-19 00:00:00,85.45,85.83,0,0,0,0,0,0,0,High
6423,S01285,2026-06-08 00:00:00,79.77,80.55,0,0,2,1,0,0,0,High
6424,S01285,2026-08-24 00:00:00,70.96,-8.0,0,0,6,3,0,0,4,Moderate
6425,S01285,2027-01-18 00:00:00,66.19,68.37,0,0,10,4,0,0,1,Moderate
6426,S01286,2025-08-25 00:00:00,86.77,87.84,0,0,0,0,0,0,0,High
6427,S01286,2026/01/19 00:00:00,96.48,95.89,0,0,0,0,0,0,0,High
6428,S01286,2026-06-08 00:00:00,88.18,86.38,0,0,0,0,0,0,0,High
6429,S01286,2026-08-24 00:00:00,90.56,89.51,0,0,0,0,0,0,0,high
6430,S01286,2027-01-18 00:00:00,97.21,96.95,0,0,0,0,0,0,0,High
6431,S01287,2025-08-25 00:00:00,,90.01,0,0,0,0,0,0,0,High
6432,S01287,2026-01-19 00:00:00,94.0,99.55,0,0,0,0,0,0,0,High
6433,S01287,2026-06-08 00:00:00,90.68,91.69,0,0,0,0,0,0,0,High
6434,S01287,2026-08-24 00:00:00,88.53,95.6,0,0,0,0,0,0,0,High
6435,S01287,2027-01-18 00:00:00,84.82,91.8,0,0,2,0,0,0,1,High
6436,S01288,2025-08-25 00:00:00,79.4,76.62,0,0,0,0,0,0,0,High
6437,S01288,2026-01-19 00:00:00,81.16,75.37,0,0,0,0,0,100,0,High
6438,S01288,2026-06-08 00:00:00,85.49,89.54,0,0,0,0,0,0,0,High
6439,S01288,2026-08-24 00:00:00,80.44,75.68,0,0,0,0,0,0,0,High
6440,S01288,2027-01-18 00:00:00,74.4,73.19,0,0,1,0,0,0,1,Moderate
6441,S01289,2025-08-25 00:00:00,86.61,94.72,0,0,0,0,0,0,0,High
6442,S01289,2026-01-19 00:00:00,82.32,87.19,0,0,0,0,0,0,0,High
6443,S01289,2026-06-08 00:00:00,79.23,79.3,0,0,2,1,0,0,0,High
6444,S01289,2026-08-24 00:00:00,79.65,73.29,0,0,2,1,0,0,0,High
6445,S01289,2027-01-18 00:00:00,79.67,74.46,0,0,2,1,0,0,0,High
6446,S01290,2025-08-25 00:00:00,82.99,81.33,0,0,0,0,0,0,0,High
6447,S01290,2026-01-19 00:00:00,73.06,66.44,0,0,1,1,0,0,0,Moderate
6448,S01290,2026-06-08 00:00:00,75.36,67.18,0,0,1,1,0,0,0,High
6449,S01290,2026-08-24 00:00:00,78.71,82.57,0,-2,1,1,0,0,0,High
6450,S01290,2027-01-18 00:00:00,65.73,58.65,0,0,4,3,1,0,1,Moderate
6451,S01291,2025-08-25 00:00:00,84.0,78.11,0,0,0,0,0,0,0,High
6452,S01291,2026-01-19 00:00:00,80.23,81.72,0,0,0,0,0,0,0,High
6453,S01291,2026/06/08 00:00:00,84.76,84.94,0,0,0,0,0,0,0,High
6454,S01291,2026-08-24 00:00:00,78.33,88.2,0,0,1,1,0,0,1,High
6455,S01291,2027-01-18 00:00:00,67.89,73.14,0,0,5,3,0,0,3,Moderate
6456,S01292,2025-08-25 00:00:00,85.32,80.65,0,0,0,0,0,0,0,High
6457,S01292,2026-01-19 00:00:00,77.94,74.17,0,0,1,1,0,0,1,High
6458,S01292,2026-06-08 00:00:00,72.93,74.92,0,0,5,3,0,0,2,Moderate
6459,S01292,2026-08-24 00:00:00,59.42,49.61,0,0,10,5,0,0,5,Moderate
6460,S01292,2027-01-18 00:00:00,77.57,84.42,0,0,11,5,0,0,0,High
6461,S01293,2025-08-25 00:00:00,86.25,84.34,0,0,0,0,0,0,0,High
6462,S01293,2026-01-19 00:00:00,81.01,84.84,0,0,0,0,0,0,0,High
6463,S01293,2026-06-08 00:00:00,80.49,77.93,0,0,1,0,1,0,1,High
6464,S01293,2026-08-24 00:00:00,84.12,80.29,0,0,1,0,1,0,0,High
6465,S01293,2027-01-18 00:00:00,78.41,78.87,0,0,2,0,1,0,0,High
6466, S01294 ,2025-08-25 00:00:00,-10.0,98.57,0,0,0,0,0,0,0,High
6467,S01294,2026-01-19 00:00:00,92.39,99.33,0,1,2,1,0,0,0,High
6468,S01294,2026-06-08 00:00:00,87.81,92.12,0,1,2,1,0,0,0,High
6469,S01294,2026-08-24 00:00:00,63.55,67.17,1,1,3,2,0,6,1,Moderate
6470,S01294,2027-01-18 00:00:00,79.54,84.79,1,1,3,2,0,6,0,High
6471,S01295,2025-08-25 00:00:00,78.03,79.55,0,0,0,0,0,0,0,High
6472,S01295,2026-01-19 00:00:00,76.32,75.94,0,0,4,1,1,0,0,High
6473,S01295,2026-06-08 00:00:00,66.96,68.16,0,0,7,3,1,0,3, Moderate 
6474,S01295,2026-08-24 00:00:00,74.46,76.22,0,0,7,3,1,0,0,Moderate
6475,S01295,2027-01-18 00:00:00,73.74,70.41,0,0,7,3,1,0,0,Moderate
6476,S01296,2025-08-25 00:00:00,84.12,84.52,0,0,0,0,0,0,0,High
6477,S01296,2026-01-19 00:00:00,81.51,84.61,0,0,1,0,0,0,0,High
6478,S01296,2026-06-08 00:00:00,68.36,64.4,0,0,6,2,0,0,1,Moderate
6479,S01296,2026-08-24 00:00:00,67.1,67.11,0,1,8,3,0,0,2,Moderate
6480,S01296,2027-01-18 00:00:00,64.09,64.77,0,1,9,4,0,0,1,Moderate
6481,S01297,2025-08-25 00:00:00,82.7,80.19,0,0,0,0,0,0,0,High
6482,S01297,2026-01-19 00:00:00,80.56,86.45,0,0,0,0,0,0,0,High
6483,S01297,2026-06-08 00:00:00,89.58,,0,0,0,0,0,0,0,High
6484,S01297,2026-08-24 00:00:00,83.75,82.87,0,0,0,0,0,0,0,High
6485,S01297,2027-01-18 00:00:00,83.87,81.33,0,0,0,0,0,0,0,High
6486,S01298,2025-08-25 00:00:00,87.41,83.57,0,0,0,0,0,0,0,High
6487,S01298,2026-01-19 00:00:00,83.9,79.92,0,0,0,0,0,0,0, High 
6488,S01298,2026-06-08 00:00:00,78.57,80.61,0,0,2,1,0,0,2,High
6489,S01298,2026-08-24 00:00:00,82.77,84.91,0,0,2,1,0,0,0,High
6490,S01298,2027-01-18 00:00:00,81.26,81.81,0,0,5,1,0,0,2,High
6491,S01299,2025-08-25 00:00:00,96.23,91.81,0,0,0,0,0,0,0,High
6492,S01299,2026-01-19 00:00:00,73.06,67.76,0,2,7,4,1,0,0,Moderate
6493,S01299,2026-06-08 00:00:00,66.99,67.55,0,2,8,4,1,0,1,Moderate
6494,S01299,2026-08-24 00:00:00,67.84,66.83,0,2,8,4,1,0,0,Moderate
6495,S01299,2027-01-18 00:00:00,78.19,81.4,0,2,8,4,1,0,0,High
6496,S01300,2025-08-25 00:00:00,80.56,81.49,0,0,0,0,0,0,0,High
6497,S01300,2026-01-19 00:00:00,72.45,66.56,0,0,4,2,1,0,1,Moderate
6498,S01300,2026-06-08 00:00:00,66.05,54.87,0,0,8,3,1,0,4,Moderate
6499,S01300,2026-08-24 00:00:00,64.83,59.52,0,0,8,3,1,0,0,Moderate
6500,S01300,2027-01-18 00:00:00,58.34,57.24,0,0,11,5,1,0,1,Moderate
6501,S01301,2025-08-25 00:00:00,80.74,79.53,0,0,0,0,0,0,0,High
6502,S01301,2026-01-19 00:00:00,68.29,68.87,0,0,3,2,0,0,1,Moderate
6503,S01301,2026-06-08 00:00:00,67.64,69.95,0,0,6,4,0,0,1,Moderate
6504,S01301,2026-08-24 00:00:00,65.85,59.79,0,0,7,4,0,0,1,Moderate
6505,S01301,2027-01-18 00:00:00,48.56,46.29,1,0,11,6,0,6,2,Low
6506,S01302,2025-08-25 00:00:00,75.43,71.5,0,0,0,0,0,0,0,High
6507,S01302,2026-01-19 00:00:00,80.85,72.62,0,0,1,1,0,0,0,High
6508,S01302,2026-06-08 00:00:00,69.52,66.27,0,0,3,3,0,0,2,Moderate
6509,S01302,2026-08-24 00:00:00,77.37,74.32,0,0,3,3,0,0,0,High
6510,S01302,2027-01-18 00:00:00,65.34,61.18,0,0,3,3,0,0,0,Moderate
6511,S01303,2025-08-25 00:00:00,89.28,88.86,0,0,0,0,0,0,0,High
6512,S01303,2026-01-19 00:00:00,84.91,84.87,0,0,0,0,0,0,0,High
6513,S01303,2026-06-08 00:00:00,94.41,95.93,0,0,0,0,0,0,0,High
6514,S01303,2026-08-24 00:00:00,94.42,92.27,0,0,0,0,0,0,0,High
6515,S01303,2027-01-18 00:00:00,80.88,83.36,0,0,0,0,0,0,0,High
6516,S01304,2025-08-25 00:00:00,95.41,88.7,0,0,0,0,0,0,0,High
6517, S01304 ,2026-01-19 00:00:00,82.09,94.86,0,0,4,3,0,0,4,High
6518, S01304 ,2026-06-08 00:00:00,74.66,71.45,1,0,5,4,0,6,0,Moderate
6519,S01304,2026-08-24 00:00:00,57.16,59.21,1,0,7,5,0,6,2,Moderate
6520,S01304,2027-01-18 00:00:00,64.55,66.41,1,0,8,5,0,6,1,Moderate
6521,S01305,2025-08-25 00:00:00,76.26,76.63,0,0,0,0,0,0,0,High
6522,S01305,2026-01-19 00:00:00,72.72,80.53,0,0,3,2,0,0,1,Moderate
6523,S01305,2026-06-08 00:00:00,78.28,82.48,0,0,6,4,0,0,2,High
6524,S01305,2026-08-24 00:00:00,59.63,69.94,0,0,13,7,0,0,7,Moderate
6525,S01305,2027-01-18 00:00:00,63.79,63.19,0,0,13,7,0,0,0, Moderate 
6526,S01306,2025-08-25 00:00:00,95.17,94.45,0,0,0,0,0,0,0,High
6527,S01306,2026-01-19 00:00:00,85.4,89.43,0,0,1,1,0,0,1,High
6528,S01306,2026-06-08 00:00:00,85.0,91.67,0,1,4,2,0,0,0,High
6529,S01306,2026-08-24 00:00:00,81.15,76.29,0,1,5,3,0,0,1,
6530,S01306,2027-01-18 00:00:00,,93.76,0,1,5,3,0,0,0,High
6531,S01307,2025-08-25 00:00:00,90.58,91.86,0,0,0,0,0,0,0,High
6532,S01307,2026-01-19 00:00:00,91.86,91.15,0,0,1,1,0,0,1,High
6533,S01307,2026-06-08 00:00:00,,88.39,0,0,1,1,0,0,0,High
6534,S01307,24-08-2026 00:00,90.27,90.81,0,0,1,1,0,0,0,
6535,S01307,2027-01-18 00:00:00,80.9,83.78,0,30,3,2,0,0,1,High
6536,S01308,2025-08-25 00:00:00,91.61,93.45,0,0,0,0,0,0,0,High
6537,S01308,2026-01-19 00:00:00,93.66,96.42,0,0,0,0,0,0,0,High
6538,S01308,2026-06-08 00:00:00,86.81,89.39,0,0,1,1,0,0,1,High
6539,S01308,2026-08-24 00:00:00,87.37,87.22,0,0,1,1,0,0,0,High
6540, S01308 ,2027-01-18 00:00:00,56.93,61.37,1,0,8,3,1,8,7,Moderate
6541,S01309,2025-08-25 00:00:00,72.18,64.63,0,0,0,0,0,0,0,Moderate
6542,S01309,2026-01-19 00:00:00,80.7,83.22,0,0,0,0,0,0,0,High
6543,S01309,2026-06-08 00:00:00,78.84,77.07,0,0,0,0,0,0,0,High
6544,S01309,2026-08-24 00:00:00,79.28,74.64,0,0,1,0,0,0,1,High
6545,S01309,2027-01-18 00:00:00,76.34,76.06,0,0,2,0,0,0,1,High
6546,S01310,25-08-2025 00:00,78.35,78.05,0,0,0,0,0,0,0,High
6547,S01310,2026-01-19 00:00:00,83.08,85.1,0,0,0,0,0,0,0,High
6548, S01310 ,2026-06-08 00:00:00,82.3,86.3,0,0,0,0,0,0,0,High
6549,S01310,2026-08-24 00:00:00,67.79,66.35,0,1,2,1,0,0,2,Moderate
6550, S01310 ,2027-01-18 00:00:00,72.46,71.67,0,1,4,1,0,0,0,Moderate
6551,S01311,2025-08-25 00:00:00,85.49,88.11,0,0,0,0,0,0,0,High
6552,S01311,2026-01-19 00:00:00,72.41,72.4,0,0,3,2,0,0,1,Moderate
6553,S01311,2026-06-08 00:00:00,64.0,76.81,0,0,7,4,0,0,2,Moderate
6554,S01311,2026-08-24 00:00:00,72.74,78.31,0,0,7,4,0,0,0,Moderate
6555,S01311,2027-01-18 00:00:00,53.65,52.37,0,1,11,6,1,0,2,Moderate
6556,S01312,2025-08-25 00:00:00,80.1,72.86,0,0,0,0,0,0,0,High
6557,S01312,2026-01-19 00:00:00,74.05,75.76,0,0,1,1,0,0,1,Moderate
6558,S01312,2026-06-08 00:00:00,80.81,79.46,0,0,2,2,0,0,0,High
6559,S01312,2026-08-24 00:00:00,,68.41,0,0,2,2,0,0,0,Moderate
6560,S01312,2027-01-18 00:00:00,78.06,75.9,0,1,2,2,0,0,0,High
6561,S01313,2025-08-25 00:00:00,75.27,66.24,0,0,0,0,0,0,0,High
6562,S01313,2026-01-19 00:00:00,72.67,66.0,0,0,1,0,0,0,0,Moderate
6563,S01313,2026-06-08 00:00:00,75.43,73.53,0,0,1,0,0,0,0,High
6564,S01313,2026-08-24 00:00:00,76.38,78.06,0,0,1,0,0,0,0,High
6565,S01313,2027-01-18 00:00:00,83.31,78.28,0,0,1,0,0,0,0,High
6566,S01314,2025-08-25 00:00:00,86.97,89.92,0,0,0,0,0,0,0,High
6567,S01314,2026-01-19 00:00:00,84.61,84.12,0,0,0,0,0,0,0,High
6568,S01314,2026-06-08 00:00:00,90.66,89.5,0,0,1,0,0,0,0,High
6569,S01314,2026-08-24 00:00:00,81.57,81.9,0,0,2,0,0,0,1,High
6570,S01314,2027-01-18 00:00:00,86.3,88.97,0,0,2,0,0,0,0,High
6571,S01315,2025-08-25 00:00:00,94.79,96.88,0,0,0,0,0,0,0,High
6572,S01315,2026-01-19 00:00:00,93.33,100.0,0,0,3,0,0,0,0,High
6573,S01315,2026-06-08 00:00:00,87.65,88.47,0,0,3,0,50,0,0,High
6574, S01315 ,2026-08-24 00:00:00,93.54,93.45,0,0,3,0,0,0,0,High
6575,S01315,2027-01-18 00:00:00,79.79,82.14,0,0,6,2,0,0,1,High
6576,S01316,2025-08-25 00:00:00,81.35,77.17,0,0,0,0,0,0,0,High
6577,S01316,2026-01-19 00:00:00,72.84,69.8,0,0,3,1,0,0,0,Moderate
6578,S01316,2026-06-08 00:00:00,63.82,55.2,0,0,10,3,1,0,1,Moderate
6579,S01316,2026-08-24 00:00:00,62.46,62.23,0,0,10,3,1,0,0,Moderate
6580,S01316,2027-01-18 00:00:00,56.55,50.77,0,0,11,3,1,0,1,Moderate
6581,S01317,2025-08-25 00:00:00,89.69,85.01,0,0,0,0,0,0,0,High
6582,S01317,2026-01-19 00:00:00,73.35,73.41,0,0,3,1,0,0,0,Moderate
6583,S01317,2026-06-08 00:00:00,73.47,68.89,0,0,4,1,0,0,0,Moderate
6584,S01317,2026-08-24 00:00:00,70.73,70.65,0,0,5,1,0,0,1,Moderate
6585,S01317,2027-01-18 00:00:00,70.25,74.96,0,1,6,2,0,0,0,Moderate
6586,S01318,2025-08-25 00:00:00,79.19,70.72,0,0,0,0,0,0,0,High
6587,S01318,2026-01-19 00:00:00,78.08,75.9,0,0,1,1,0,0,1,High
6588,S01318,2026-06-08 00:00:00,82.12,83.84,0,0,1,1,0,0,0,High
6589,S01318,2026-08-24 00:00:00,79.28,77.15,0,0,1,1,0,0,0,High
6590,S01318,2027-01-18 00:00:00,73.05,63.9,0,0,2,2,0,0,1,Moderate
6591,S01319,2025-08-25 00:00:00,83.48,86.68,0,0,0,0,0,0,0,High
6592,S01319,2026-01-19 00:00:00,78.79,76.66,0,0,3,0,0,0,3,High
6593,S01319,2026-06-08 00:00:00,81.17,74.49,0,0,3,0,0,0,0,High
6594,S01319,2026-08-24 00:00:00,77.34,74.44,0,0,7,3,0,0,4,High
6595,S01319,2027-01-18 00:00:00,77.0,72.43,0,0,7,3,0,0,0,High
6596,S01320,2025-08-25 00:00:00,78.51,76.68,0,0,0,0,0,0,0,High
6597,S01320,2026-01-19 00:00:00,78.56,82.05,0,0,1,0,0,0,0,High
6598,S01320,2026-06-08 00:00:00,81.28,86.22,0,0,1,0,0,0,0,High
6599,S01320,2026-08-24 00:00:00,69.32,75.02,1,0,2,1,0,6,1,Moderate
6600,S01320,2027-01-18 00:00:00,54.67,51.81,1,0,5,1,0,6,2,Moderate
6601,S01321,2025-08-25 00:00:00,90.5,,0,0,0,0,0,0,0,High
6602,S01321,2026-01-19 00:00:00,73.13,75.01,0,0,3,2,0,0,1,Moderate
6603,S01321,2026-06-08 00:00:00,60.1,57.88,1,0,6,2,0,4,1,Moderate
6604,S01321,2026-08-24 00:00:00,60.05,61.01,1,0,8,3,0,4,2,Moderate
6605,S01321,2027-01-18 00:00:00,59.29,68.77,1,0,9,3,0,4,1,Moderate
6606,S01322,2025-08-25 00:00:00,90.72,94.29,0,0,0,0,0,0,0,High
6607,S01322,2026-01-19 00:00:00,86.39,91.2,0,0,2,0,0,0,0,High
6608,S01322,2026-06-08 00:00:00,74.36,75.38,0,2,3,0,0,0,1,Moderate
6609,S01322,2026-08-24 00:00:00,61.74,57.71,1,2,4,0,0,8,1,Moderate
6610,S01322,2027-01-18 00:00:00,43.47,39.32,1,2,13,3,2,8,6,Low
6611,S01323,2025-08-25 00:00:00,86.99,88.0,0,0,0,0,0,0,0,High
6612,S01323,2026-01-19 00:00:00,80.73,,0,0,0,0,0,0,0,High
6613,S01323,2026-06-08 00:00:00,77.18,74.85,0,1,1,1,0,0,1,High
6614,S01323,2026-08-24 00:00:00,78.59,82.71,0,1,1,1,0,0,0,High
6615,S01323,2027-01-18 00:00:00,76.37,79.58,0,1,1,1,0,0,0,High
6616,S01324,2025-08-25 00:00:00,76.02,70.97,0,0,0,0,0,0,0,High
6617,S01324,2026-01-19 00:00:00,74.53,70.12,0,0,3,1,0,0,0,Moderate
6618,S01324,2026-06-08 00:00:00,61.01,56.08,0,0,6,3,0,0,3,Moderate
6619,S01324,2026-08-24 00:00:00,71.09,65.76,0,0,8,3,0,0,2,Moderate
6620,S01324,2027-01-18 00:00:00,71.7,66.47,0,0,8,3,0,0,0,Moderate
6621,S01325,2025-08-25 00:00:00,83.41,79.93,0,0,0,0,0,0,0,High
6622,S01325,2026-01-19 00:00:00,82.95,88.39,0,1,1,1,0,0,0,High
6623,S01325,2026-06-08 00:00:00,85.59,88.96,0,1,2,1,0,0,0,High
6624,S01325,2026-08-24 00:00:00,79.95,78.39,0,1,2,1,0,0,0,High
6625,S01325,2027-01-18 00:00:00,76.63,67.39,0,1,2,1,0,0,0,High
6626,S01326,2025-08-25 00:00:00,84.02,82.84,0,0,0,0,0,0,0,High
6627,S01326,2026-01-19 00:00:00,85.46,84.45,0,0,1,1,0,0,0,High
6628,S01326,2026-06-08 00:00:00,77.34,71.78,0,0,2,2,0,0,0,High
6629,S01326,2026-08-24 00:00:00,82.58,88.9,0,0,2,2,0,0,0,High
6630,S01326,2027/01/18 00:00:00,64.95,55.58,1,0,4,2,1,1,2,Moderate
6631,S01327,2025-08-25 00:00:00,88.22,89.06,0,0,0,0,0,0,0,High
6632,S01327,2026-01-19 00:00:00,79.5,85.08,0,0,1,0,0,0,1,High
6633,S01327,2026-06-08 00:00:00,76.49,79.16,0,1,5,2,0,0,2,
6634, S01327 ,2026-08-24 00:00:00,72.56,75.94,0,1,5,2,0,0,0,Moderate
6635,S01327,2027-01-18 00:00:00,71.05,67.09,0,1,6,3,0,0,0,Moderate
6636,S01328,2025-08-25 00:00:00,87.33,93.53,0,0,0,0,0,0,0,High
6637,S01328,2026-01-19 00:00:00,86.27,96.43,0,0,2,1,0,0,0,High
6638,S01328,2026-06-08 00:00:00,89.55,97.31,0,0,2,1,0,0,0,High
6639,S01328,2026-08-24 00:00:00,82.12,87.96,0,0,3,1,0,0,1,High
6640,S01328,2027-01-18 00:00:00,92.34,96.05,0,0,3,1,0,0,0,High
6641,S01329,2025-08-25 00:00:00,96.01,93.54,0,0,0,0,0,0,0,High
6642,S01329,2026-01-19 00:00:00,93.06,100.0,0,0,2,1,0,0,0,High
6643,S01329,2026-06-08 00:00:00,90.76,100.0,0,0,3,2,0,0,0,High
6644,S01329,2026-08-24 00:00:00,73.42,76.2,0,0,7,5,1,0,4,Moderate
6645,S01329,2027-01-18 00:00:00,75.72,85.47,0,0,7,5,1,0,0,High
6646,S01330,2025-08-25 00:00:00,83.95,84.91,0,0,0,0,0,0,0,High
6647,S01330,2026-01-19 00:00:00,89.71,91.51,0,0,0,0,0,0,0,High
6648,S01330,2026-06-08 00:00:00,77.37,83.08,0,0,2,0,0,0,2,High
6649,S01330,2026-08-24 00:00:00,78.1,86.36,0,0,3,0,0,0,1,High
6650,S01330,2027-01-18 00:00:00,70.96,69.23,0,1,6,3,0,0,2,Moderate
6651,S01331,2025-08-25 00:00:00,98.64,100.0,0,0,0,0,0,0,0,High
6652,S01331,2026-01-19 00:00:00,77.62,73.45,0,0,3,1,0,0,2,High
6653,S01331,2026-06-08 00:00:00,64.99,62.55,1,0,5,2,0,1,1,Moderate
6654,S01331,2026-08-24 00:00:00,78.95,80.23,1,0,5,2,0,1,0,High
6655,S01331,2027-01-18 00:00:00,66.64,60.96,1,1,7,3,0,1,2,Moderate
6656,S01332,2025-08-25 00:00:00,84.41,84.43,0,0,0,0,0,0,0,High
6657,S01332,2026-01-19 00:00:00,90.06,93.22,0,0,0,0,0,0,0,High
6658,S01332,2026-06-08 00:00:00,87.28,87.35,0,0,1,1,0,0,0,High
6659,S01332,2026-08-24 00:00:00,84.1,84.15,0,0,3,1,0,0,2,High
6660,S01332,2027-01-18 00:00:00,57.08,57.57,1,0,7,2,1,4,3,Moderate
6661, S01333 ,2025-08-25 00:00:00,90.66,94.98,0,0,0,0,0,0,0,High
6662,S01333,2026-01-19 00:00:00,86.55,92.55,0,0,2,0,0,0,1,High
6663,S01333,2026-06-08 00:00:00,89.07,98.94,0,0,3,1,0,0,1,High
6664,S01333,2026-08-24 00:00:00,83.48,80.81,0,0,4,2,0,0,1,High
6665,S01333,2027-01-18 00:00:00,81.1,91.57,0,0,6,3,0,0,1,High
6666,S01334,2025-08-25 00:00:00,77.23,81.03,0,0,0,0,0,0,0,High
6667,S01334,2026-01-19 00:00:00,75.72,72.63,0,1,3,1,0,0,1,High
6668,S01334,2026-06-08 00:00:00,76.29,80.68,0,1,4,2,0,0,1,High
6669,S01334,2026-08-24 00:00:00,72.75,75.6,0,1,5,3,0,0,1,Moderate
6670,S01334,2027-01-18 00:00:00,,68.84,0,1,8,4,0,0,1,Moderate
6671,S01335,2025-08-25 00:00:00,84.34,77.44,0,0,0,0,0,0,0,High
6672,S01335,2026-01-19 00:00:00,75.62,77.82,0,0,1,1,0,0,1,High
6673,S01335,2026-06-08 00:00:00,70.63,67.7,0,0,2,1,0,0,1,Moderate
6674,S01335,2026-08-24 00:00:00,68.49,71.36,0,0,2,1,0,0,0,Moderate
6675,S01335,2027-01-18 00:00:00,68.39,65.33,0,0,6,3,0,0,0,Moderate
6676,S01336,08/25/2025 00:00,96.64,99.56,0,0,0,0,0,0,0,High
6677,S01336,2026-01-19 00:00:00,86.34,89.28,0,0,1,1,0,0,1,High
6678,S01336,2026-06-08 00:00:00,92.3,88.54,0,0,2,1,0,0,0,High
6679,S01336,2026-08-24 00:00:00,84.11,86.86,0,0,5,1,0,0,3,High
6680,S01336,2027-01-18 00:00:00,83.69,84.9,0,1,5,1,0,0,0,High
6681,S01337,2025-08-25 00:00:00,90.71,94.02,0,0,0,0,0,0,0,High
6682,S01337,2026-01-19 00:00:00,86.27,86.53,0,0,0,0,0,0,0, High 
6683,S01337,2026-06-08 00:00:00,85.89,78.03,0,0,1,0,0,0,1,High
6684,S01337,2026-08-24 00:00:00,68.14,66.98,0,0,4,1,0,0,3,Moderate
6685,S01337,2027-01-18 00:00:00,88.36,82.82,0,0,4,1,0,0,0,High
6686,S01338,2025-08-25 00:00:00,82.57,80.89,0,0,0,0,0,0,0,High
6687,S01338,2026-01-19 00:00:00,79.09,81.84,0,0,2,0,0,0,1,
6688,S01338,2026-06-08 00:00:00,82.18,82.71,0,0,2,0,0,0,0,High
6689,S01338,2026-08-24 00:00:00,75.19,72.72,0,0,4,1,0,0,2,
6690,S01338,2027-01-18 00:00:00,70.49,72.33,0,1,5,2,0,0,1,Moderate
6691,S01339,2025-08-25 00:00:00,80.06,81.26,0,0,0,0,0,0,0,High
6692,S01339,2026-01-19 00:00:00,79.37,77.97,0,0,2,1,0,0,1,High
6693,S01339,2026-06-08 00:00:00,82.12,81.1,0,0,2,1,0,0,0,High
6694,S01339,2026-08-24 00:00:00,69.0,69.79,0,0,5,2,0,0,3,Moderate
6695,S01339,2027-01-18 00:00:00,62.46,65.5,0,1,9,4,0,0,2,Moderate
6696,S01340,2025-08-25 00:00:00,88.62,90.09,0,0,0,0,0,0,0,High
6697,S01340,2026-01-19 00:00:00,84.25,86.17,0,0,0,0,0,0,0,High
6698,S01340,2026-06-08 00:00:00,86.86,83.42,0,0,3,1,0,0,1,High
6699,S01340,2026-08-24 00:00:00,65.68,66.28,0,0,8,3,0,0,5,Moderate
6700,S01340,2027-01-18 00:00:00,73.1,78.2,0,0,8,3,0,0,0,Moderate
6701,S01341,2025-08-25 00:00:00,100.0,100.0,0,0,0,0,0,0,0,High
6702,S01341,2026-01-19 00:00:00,64.4,64.59,1,0,6,3,1,6,3,Moderate
6703,S01341,2026-06-08 00:00:00,58.35,62.83,1,0,8,4,1,6,1,Moderate
6704,S01341,2026-08-24 00:00:00,62.24,63.42,1,0,9,5,1,6,1,Moderate
6705,S01341,2027-01-18 00:00:00,54.06,55.14,1,0,12,5,2,6,0,Moderate
6706, S01342 ,2025-08-25 00:00:00,86.08,90.23,0,0,0,0,0,0,0,High
6707,S01342,2026-01-19 00:00:00,84.22,86.01,0,0,0,0,0,0,0,High
6708,S01342,2026-06-08 00:00:00,78.76,83.05,0,0,2,1,0,0,2,High
6709,S01342,2026-08-24 00:00:00,81.05,81.33,0,0,3,1,0,0,1,High
6710,S01342,2027-01-18 00:00:00,79.63,89.37,0,0,5,2,0,0,1,High
6711,S01343,2025-08-25 00:00:00,82.26,82.27,0,0,0,0,0,0,0,High
6712,S01343,2026-01-19 00:00:00,82.6,90.39,0,0,0,0,0,0,0,High
6713,S01343,2026-06-08 00:00:00,72.16,72.78,0,0,2,2,0,0,2,Moderate
6714,S01343,2026-08-24 00:00:00,81.34,80.31,0,0,3,2,0,0,1,High
6715,S01343,2027-01-18 00:00:00,83.04,80.11,0,0,3,2,0,0,0,High
6716,S01344,2025-08-25 00:00:00,90.79,98.26,0,0,0,0,0,0,0,High
6717,S01344,2026-01-19 00:00:00,,88.06,0,0,0,0,0,0,0,High
6718,S01344,2026-06-08 00:00:00,70.38,72.21,1,1,3,2,0,15,0,Moderate
6719,S01344,2026-08-24 00:00:00,56.21,67.51,1,1,3,2,0,15,0,Moderate
6720,S01344,2027-01-18 00:00:00,62.71,62.77,1,1,5,2,0,15,0,Moderate
6721,S01345,2025-08-25 00:00:00,88.71,90.36,0,0,0,0,0,0,0,High
6722,S01345,2026-01-19 00:00:00,84.78,84.74,0,0,0,0,0,0,0,High
6723,S01345,2026-06-08 00:00:00,89.3,96.26,0,0,0,0,0,0,0,High
6724,S01345,2026-08-24 00:00:00,75.5,84.56,0,0,2,1,0,0,2,High
6725,S01345,2027-01-18 00:00:00,,72.89,0,0,4,2,0,0,2,Moderate
6726,S01346,2025-08-25 00:00:00,91.44,98.63,0,0,0,0,0,0,0,High
6727,S01346,2026-01-19 00:00:00,,82.13,0,0,0,0,0,0,0,High
6728,S01346,2026-06-08 00:00:00,78.84,82.87,0,0,1,0,1,0,0,High
6729,S01346,2026-08-24 00:00:00,66.73,67.33,0,1,4,1,2,0,3,Moderate
6730,S01346,2027-01-18 00:00:00,68.97,71.61,0,1,4,1,2,0,0,Moderate
6731,S01347,2025-08-25 00:00:00,70.55,60.77,0,0,0,0,0,0,0,Moderate
6732,S01347,2026-01-19 00:00:00,58.3,51.9,0,0,3,1,0,0,3,Moderate
6733,S01347,2026-06-08 00:00:00,55.08,44.79,0,0,7,2,0,0,1,Moderate
6734,S01347,2026-08-24 00:00:00,51.14,43.1,0,0,12,4,0,0,5,Moderate
6735,S01347,2027-01-18 00:00:00,49.23,40.06,0,0,13,5,0,0,0,Low
6736,S01348,2025-08-25 00:00:00,90.57,86.47,0,0,0,0,0,0,0,High
6737,S01348,2026-01-19 00:00:00,83.26,79.86,0,0,1,0,0,0,1,High
6738,S01348,2026-06-08 00:00:00,79.55,74.61,0,0,2,0,0,0,1,High
6739,S01348,2026-08-24 00:00:00,77.92,72.94,0,0,3,0,0,0,1,High
6740,S01348,2027-01-18 00:00:00,59.07,55.1,1,0,5,1,1,8,2,Moderate
6741,S01349,2025-08-25 00:00:00,82.04,76.45,0,0,0,0,0,0,0,High
6742,S01349,2026-01-19 00:00:00,79.93,75.17,0,0,0,0,0,0,0,HIGH
6743,S01349,2026-06-08 00:00:00,72.88,73.43,0,0,1,1,0,0,1,Moderate
6744,S01349,2026-08-24 00:00:00,76.48,74.97,0,0,1,1,0,0,0,High
6745,S01349,2027-01-18 00:00:00,68.19,66.85,0,0,2,2,0,0,1,Moderate
6746,S01350,2025-08-25 00:00:00,95.67,96.82,0,0,0,0,0,0,0,High
6747,S01350,2026-01-19 00:00:00,87.1,84.03,0,0,0,0,0,0,0,High
6748,S01350,2026-06-08 00:00:00,81.51,80.34,0,0,3,3,0,0,1, High 
6749,S01350,2026-08-24 00:00:00,75.07,75.79,0,0,4,4,0,0,1,High
6750,S01350,2027-01-18 00:00:00,60.35,56.74,0,0,11,7,1,0,6,Moderate
6751,S01351,2025-08-25 00:00:00,77.46,80.14,0,0,0,0,0,0,0,High
6752,S01351,2026-01-19 00:00:00,81.93,87.39,0,0,0,0,0,0,0,High
6753,S01351,2026-06-08 00:00:00,80.34,76.87,0,0,0,0,0,0,0,High
6754,S01351,2026/08/24 00:00:00,87.46,90.33,0,0,0,0,0,0,0,High
6755,S01351,2027-01-18 00:00:00,89.35,88.87,0,0,0,0,0,0,0,High
6756,S01352,2025-08-25 00:00:00,86.08,83.74,0,0,0,0,0,0,0,High
6757,S01352,2026-01-19 00:00:00,90.61,89.8,0,0,0,0,0,0,0,High
6758,S01352,2026-06-08 00:00:00,78.07,76.81,0,0,2,2,0,0,1,High
6759,S01352,2026-08-24 00:00:00,62.08,58.16,0,1,6,4,0,0,4,Moderate
6760,S01352,2027-01-18 00:00:00,71.67,76.42,0,1,6,4,0,0,0,Moderate
6761,S01353,2025-08-25 00:00:00,88.16,86.64,0,0,0,0,0,0,0,High
6762,S01353,2026-01-19 00:00:00,63.28,70.82,0,2,4,1,1,0,3,Moderate
6763,S01353,2026-06-08 00:00:00,67.2,63.63,0,2,5,1,1,0,1,Moderate
6764,S01353,2026-08-24 00:00:00,79.11,83.96,0,2,5,1,1,0,0,High
6765,S01353,2027-01-18 00:00:00,71.38,75.34,0,2,6,2,1,0,1,Moderate
6766,S01354,2025-08-25 00:00:00,87.17,92.81,0,0,0,0,0,0,0,High
6767,S01354,2026-01-19 00:00:00,79.26,84.99,0,1,3,2,0,0,0,
6768,S01354,2026-06-08 00:00:00,71.42,73.16,0,1,3,2,0,0,0,Moderate
6769,S01354,2026-08-24 00:00:00,75.8,75.69,0,1,4,3,0,0,1,High
6770,S01354,2027-01-18 00:00:00,66.07,72.92,0,1,7,4,1,0,2,Moderate
6771,S01355,2025-08-25 00:00:00,78.56,75.1,0,0,0,0,0,0,0,High
6772,S01355,2026-01-19 00:00:00,86.58,87.22,0,0,0,0,0,0,0,High
6773,S01355,2026-06-08 00:00:00,77.34,71.43,0,0,0,0,0,0,0,High
6774,S01355,2026-08-24 00:00:00,72.06,64.39,0,0,0,0,0,0,0,Moderate
6775,S01355,2027-01-18 00:00:00,83.57,75.36,0,0,2,0,1,0,0,High
6776,S01356,2025-08-25 00:00:00,79.14,76.87,0,0,0,0,0,0,0,High
6777,S01356,2026-01-19 00:00:00,68.06,64.14,0,0,2,0,0,0,1,Moderate
6778,S01356,2026-06-08 00:00:00,70.51,66.73,0,0,3,1,0,0,1,Moderate
6779,S01356,2026-08-24 00:00:00,72.79,67.68,0,0,3,1,0,0,0,Moderate
6780,S01356,2027-01-18 00:00:00,72.76,68.87,0,0,3,1,0,0,0,Moderate
6781,S01357,2025-08-25 00:00:00,91.22,87.72,0,0,0,0,0,0,0,High
6782,S01357,2026-01-19 00:00:00,76.29,68.78,0,1,4,1,0,0,3,High
6783,S01357,2026-06-08 00:00:00,72.83,73.36,0,2,6,2,0,0,1,Moderate
6784,S01357,2026-08-24 00:00:00,79.94,79.0,0,2,6,2,0,0,0,High
6785,S01357,2027-01-18 00:00:00,75.58,73.45,0,2,8,3,0,0,1,High
6786,S01358,2025-08-25 00:00:00,84.32,82.4,0,0,0,0,0,0,0,High
6787,S01358,2026-01-19 00:00:00,84.3,84.43,0,0,0,0,0,0,0,High
6788,S01358,2026-06-08 00:00:00,77.82,71.59,0,0,1,1,0,0,1,High
6789,S01358,2026-08-24 00:00:00,82.86,72.48,0,1,1,1,0,0,0,High
6790,S01358,2027-01-18 00:00:00,84.75,82.99,0,1,1,1,0,0,0,High
6791,S01359,2025/08/25 00:00:00,92.38,100.0,0,0,0,0,0,0,0,High
6792,S01359,2026-01-19 00:00:00,80.66,86.77,0,0,0,0,0,0,0,High
6793,S01359,2026-06-08 00:00:00,72.12,76.42,0,0,4,2,0,0,1, Moderate 
6794,S01359,2026-08-24 00:00:00,70.74,70.7,0,0,4,2,0,-5,0,Moderate
6795,S01359,2027-01-18 00:00:00,80.11,85.29,0,0,5,2,0,0,0,High
6796,S01360,2025-08-25 00:00:00,88.14,88.39,0,0,0,0,0,0,0,High
6797,S01360,2026-01-19 00:00:00,86.57,85.05,0,0,0,0,0,0,0,High
6798,S01360,2026-06-08 00:00:00,92.15,91.66,0,0,0,0,0,0,0,High
6799,S01360,2026-08-24 00:00:00,87.75,86.47,0,0,0,0,0,0,0,High
6800,S01360,2027-01-18 00:00:00,87.0,96.31,0,0,0,0,0,0,0,High
6801,S01361,2025-08-25 00:00:00,86.19,88.13,0,0,0,0,0,0,0,High
6802,S01361,2026-01-19 00:00:00,81.53,74.43,0,0,0,0,0,0,0,High
6803,S01361,2026-06-08 00:00:00,54.69,59.4,1,0,5,2,1,8,1,Moderate
6804,S01361,2026-08-24 00:00:00,61.46,60.56,1,0,6,2,1,8,1,Moderate
6805,S01361,2027-01-18 00:00:00,54.48,51.86,1,1,7,3,1,8,1,Moderate
6806,S01362,2025-08-25 00:00:00,84.31,78.88,0,0,0,0,0,0,0,High
6807,S01362,2026-01-19 00:00:00,77.13,67.36,0,0,0,0,0,0,0,High
6808,S01362,2026-06-08 00:00:00,71.68,70.78,0,0,1,1,0,0,1,Moderate
6809,S01362,2026-08-24 00:00:00,67.27,66.71,0,0,4,3,0,0,3,Moderate
6810,S01362,2027-01-18 00:00:00,82.22,81.88,0,0,4,3,0,0,0,High
6811,S01363,2025-08-25 00:00:00,82.81,77.52,0,0,0,0,0,0,0,High
6812,S01363,2026-01-19 00:00:00,87.34,87.52,0,0,0,0,0,0,0,High
6813,S01363,06/08/2026 00:00,94.32,93.85,0,0,0,0,0,0,0,High
6814,S01363,2026-08-24 00:00:00,86.0,86.18,0,0,2,1,0,0,2,High
6815,S01363,2027-01-18 00:00:00,81.0,84.99,0,1,4,2,0,0,1,High
6816,S01364,2025-08-25 00:00:00,76.94,69.82,0,0,0,0,0,0,0,High
6817,S01364,2026-01-19 00:00:00,74.38,66.33,0,0,3,0,0,0,2,Moderate
6818,S01364,2026-06-08 00:00:00,67.5,60.56,0,1,5,1,0,0,1,Moderate
6819,S01364,2026-08-24 00:00:00,78.7,73.09,0,1,5,1,0,0,0,High
6820,S01364,2027-01-18 00:00:00,48.47,45.61,1,1,6,2,0,8,1,Low
6821,S01365,2025-08-25 00:00:00,82.91,82.91,0,0,0,0,0,0,0,High
6822,S01365,2026-01-19 00:00:00,83.28,75.81,0,0,3,1,0,0,0,High
6823,S01365,2026-06-08 00:00:00,76.91,75.39,0,0,6,3,0,0,1,High
6824,S01365,2026-08-24 00:00:00,78.83,84.59,0,0,6,3,0,0,0,High
6825,S01365,2027-01-18 00:00:00,73.64,71.48,0,0,8,5,0,0,1,Moderate
6826,S01366,2025-08-25 00:00:00,83.55,78.81,0,0,0,0,0,0,0,High
6827,S01366,2026-01-19 00:00:00,80.68,84.02,0,0,2,0,1,0,0,High
6828,S01366,2026-06-08 00:00:00,68.63,67.61,0,1,6,3,2,0,3,Moderate
6829,S01366,2026-08-24 00:00:00,66.02,69.41,0,1,8,4,2,0,2,Moderate
6830,S01366,2027-01-18 00:00:00,43.74,44.27,0,2,15,6,2,0,7,Low
6831,S01367,2025-08-25 00:00:00,83.85,84.71,0,0,0,0,0,0,0,High
6832,S01367,2026-01-19 00:00:00,65.35,61.19,0,0,5,2,1,0,5,MODERATE
6833,S01367,2026-06-08 00:00:00,78.39,84.12,0,0,5,2,1,0,0,High
6834,S01367,2026-08-24 00:00:00,71.13,72.45,0,0,5,2,1,0,0,Moderate
6835,S01367,2027-01-18 00:00:00,62.92,63.47,0,0,9,4,1,0,4,Moderate
6836,S01368,2025-08-25 00:00:00,85.05,84.94,0,0,0,0,0,0,0,High
6837,S01368,2026-01-19 00:00:00,94.1,95.39,0,0,0,0,0,0,0,High
6838,S01368,2026-06-08 00:00:00,80.42,85.77,0,1,2,2,0,0,2,High
6839,S01368,2026-08-24 00:00:00,86.29,87.43,0,1,2,2,0,0,0,High
6840,S01368,2027-01-18 00:00:00,81.18,81.48,0,1,2,2,0,0,0,High
6841,S01369,2025-08-25 00:00:00,95.65,100.0,0,0,0,0,0,0,0,High
6842,S01369,2026-01-19 00:00:00,85.55,86.41,0,0,3,0,0,0,1,High
6843,S01369,2026-06-08 00:00:00,78.41,87.15,0,2,6,2,0,0,3,High
6844,S01369,2026-08-24 00:00:00,73.32,80.26,0,2,7,3,0,0,1,Moderate
6845,S01369,2027-01-18 00:00:00,46.93,52.74,1,4,11,5,1,8,2,Low
6846,S01370,2025-08-25 00:00:00,90.0,86.63,0,0,0,0,0,0,0,High
6847,S01370,2026-01-19 00:00:00,85.55,83.82,0,0,0,0,0,0,0,High
6848,S01370,2026-06-08 00:00:00,88.55,87.13,0,0,2,1,0,0,1,High
6849,S01370,2026-08-24 00:00:00,90.3,96.69,0,0,2,1,0,0,0,High
6850,S01370,2027-01-18 00:00:00,85.54,83.05,0,0,2,1,0,0,0,High
6851,S01371,2025-08-25 00:00:00,96.91,94.8,0,0,0,0,0,0,0,High
6852,S01371,2026-01-19 00:00:00,79.32,81.39,0,1,2,2,0,0,1,High
6853, S01371 ,2026-06-08 00:00:00,89.62,94.72,0,1,2,2,0,0,0,High
6854,S01371,2026-08-24 00:00:00,81.0,90.41,0,1,4,3,0,0,2,High
6855,S01371,2027-01-18 00:00:00,64.43,62.19,0,2,6,5,0,0,2,Moderate
6856,S01372,2025-08-25 00:00:00,85.51,86.69,0,0,0,0,0,0,0,High
6857,S01372,2026-01-19 00:00:00,79.77,,0,0,1,1,0,0,0,High
6858,S01372,2026-06-08 00:00:00,79.08,70.44,0,0,6,3,0,0,0,High
6859,S01372,2026-08-24 00:00:00,66.29,,0,0,8,4,0,0,2,Moderate
6860,S01372,01/18/2027 00:00,66.95,70.07,0,0,9,4,0,0,1,Moderate
6861,S01373,2025-08-25 00:00:00,76.81,73.48,0,0,0,0,50,0,0,High
6862,S01373,2026-01-19 00:00:00,82.26,84.26,0,0,0,0,0,0,0,High
6863,S01373,2026-06-08 00:00:00,85.02,86.68,0,0,0,0,0,0,0,High
6864,S01373,2026-08-24 00:00:00,84.06,91.54,0,0,0,0,0,0,0,High
6865,S01373,2027-01-18 00:00:00,85.08,95.74,0,0,1,1,0,0,0,High
6866,S01374,2025-08-25 00:00:00,81.86,86.26,0,0,0,0,0,0,0,High
6867,S01374,2026-01-19 00:00:00,86.08,83.11,0,0,0,0,0,0,0,High
6868,S01374,2026-06-08 00:00:00,83.89,88.84,0,1,0,0,0,0,0,High
6869,S01374,2026-08-24 00:00:00,79.97,76.98,0,1,3,2,0,0,3,High
6870,S01374,2027-01-18 00:00:00,61.54,63.76,0,2,6,4,0,0,3,Moderate
6871,S01375,2025-08-25 00:00:00,94.77,93.48,0,0,0,0,0,0,0,High
6872,S01375,2026-01-19 00:00:00,89.1,92.87,0,0,0,0,0,0,0,High
6873,S01375,2026-06-08 00:00:00,61.85,68.7,1,0,2,1,0,15,1,Moderate
6874,S01375,2026-08-24 00:00:00,63.54,71.81,1,0,2,1,0,15,0,Moderate
6875,S01375,2027-01-18 00:00:00,72.94,73.58,1,0,3,1,0,15,0,Moderate
6876,S01376,2025-08-25 00:00:00,92.71,88.79,0,0,0,0,0,0,0,High
6877,S01376,2026-01-19 00:00:00,90.55,88.0,0,0,2,1,0,0,1,High
6878,S01376,2026-06-08 00:00:00,47.41,48.36,1,0,12,4,2,1,10,Low
6879,S01376,2026-08-24 00:00:00,58.04,59.94,1,0,14,5,2,1,2,Moderate
6880,S01376,2027-01-18 00:00:00,54.57,61.36,1,0,15,5,2,1,1,Moderate
6881,S01377,2025-08-25 00:00:00,82.74,81.86,0,0,0,0,0,0,0,High
6882,S01377,2026-01-19 00:00:00,64.69,71.45,0,0,1,1,0,0,1,Moderate
6883,S01377,2026-06-08 00:00:00,77.31,67.0,0,0,1,1,0,0,0,High
6884,S01377,2026-08-24 00:00:00,75.2,73.36,0,0,1,1,0,0,0,High
6885,S01377,2027-01-18 00:00:00,75.86,70.05,0,0,1,1,0,0,0,High
6886,S01378,2025-08-25 00:00:00,74.34,75.04,0,0,0,0,0,0,0,Moderate
6887,S01378,2026-01-19 00:00:00,83.72,86.93,0,0,0,0,0,0,0,High
6888,S01378,2026-06-08 00:00:00,75.54,76.24,0,1,3,1,0,0,1,High
6889,S01378,2026-08-24 00:00:00,78.23,83.82,0,1,3,1,0,0,0,High
6890,S01378,2027-01-18 00:00:00,75.06,76.51,0,2,3,1,0,0,0,High
6891,S01379,2025-08-25 00:00:00,68.79,67.17,0,0,0,0,0,0,0,Moderate
6892,S01379,2026-01-19 00:00:00,69.55,72.55,0,0,5,3,0,0,1,Moderate
6893,S01379,2026-06-08 00:00:00,72.28,73.33,0,0,6,4,0,0,0,Moderate
6894,S01379,2026-08-24 00:00:00,69.54,64.62,0,0,7,5,0,0,1,Moderate
6895,S01379,2027-01-18 00:00:00,67.9,68.5,0,0,7,5,0,0,0,Moderate
6896,S01380,2025-08-25 00:00:00,78.77,68.42,0,0,0,0,0,0,0,High
6897,S01380,2026-01-19 00:00:00,76.99,79.46,0,0,0,0,0,0,0,High
6898,S01380,2026-06-08 00:00:00,76.95,74.27,0,0,2,1,0,0,0,High
6899,S01380,2026-08-24 00:00:00,61.07,65.21,0,0,4,2,0,0,2,Moderate
6900,S01380,2027-01-18 00:00:00,57.01,59.95,0,0,7,3,0,0,3,Moderate
6901,S01381,2025-08-25 00:00:00,88.38,88.18,0,0,0,0,0,0,0,High
6902,S01381,2026-01-19 00:00:00,88.37,86.85,0,0,3,0,0,0,1,High
6903,S01381,2026-06-08 00:00:00,93.0,92.47,0,0,5,1,0,0,0,High
6904,S01381,2026-08-24 00:00:00,80.24,76.14,0,0,7,2,1,0,2,High
6905,S01381,2027-01-18 00:00:00,77.2,75.9,0,0,7,2,1,0,0, High 
6906,S01382,2025-08-25 00:00:00,88.6,86.21,0,0,0,0,0,0,0,High
6907,S01382,2026-01-19 00:00:00,94.97,89.75,0,0,0,0,0,0,0,High
6908,S01382,2026-06-08 00:00:00,90.89,90.75,0,0,2,1,1,0,2,High
6909,S01382,2026-08-24 00:00:00,86.36,97.63,0,0,2,1,1,0,0,High
6910,S01382,2027-01-18 00:00:00,79.47,82.37,0,1,6,3,1,0,3,High
6911,S01383,2025-08-25 00:00:00,89.18,84.25,0,0,0,0,0,0,0,High
6912,S01383,2026-01-19 00:00:00,75.41,73.55,0,0,0,0,0,0,0,High
6913,S01383,2026-06-08 00:00:00,70.21,68.63,0,0,1,1,0,0,1,Moderate
6914,S01383,2026-08-24 00:00:00,84.93,86.76,0,0,1,1,0,0,0,High
6915,S01383,2027-01-18 00:00:00,79.44,82.11,0,0,3,2,1,0,0,High
6916,S01384,2025-08-25 00:00:00,82.48,91.02,0,0,0,0,0,0,0,High
6917,S01384,2026-01-19 00:00:00,67.14,67.92,1,0,4,2,1,8,3,Moderate
6918,S01384,2026-06-08 00:00:00,60.28,59.09,1,0,5,2,1,8,1,Moderate
6919,S01384,2026-08-24 00:00:00,59.99,68.86,1,0,6,2,1,8,1,Moderate
6920,S01384,2027-01-18 00:00:00,57.89,54.12,1,0,6,2,1,8,0,Moderate
6921,S01385,2025-08-25 00:00:00,96.92,100.0,0,0,0,0,0,0,0,High
6922,S01385,2026-01-19 00:00:00,84.07,,0,0,0,0,0,0,0,High
6923,S01385,06/08/2026 00:00,70.84,71.94,0,0,5,1,0,0,5,Moderate
6924,S01385,2026-08-24 00:00:00,80.85,83.81,0,0,6,1,0,0,1,High
6925,S01385,2027-01-18 00:00:00,78.18,78.53,0,0,6,1,0,0,0,High
6926,S01386,2025-08-25 00:00:00,82.86,76.17,0,0,0,0,0,0,0,High
6927,S01386,2026-01-19 00:00:00,59.66,60.62,1,2,5,2,0,1,2,Moderate
6928,S01386,2026-06-08 00:00:00,63.22,62.28,1,2,5,2,0,1,0,Moderate
6929,S01386,2026-08-24 00:00:00,69.0,72.48,1,2,5,2,0,1,0,Moderate
6930,S01386,2027-01-18 00:00:00,57.61,56.01,1,3,6,3,0,1,0,Moderate
6931,S01387,2025-08-25 00:00:00,91.1,84.96,0,0,0,0,0,0,0,High
6932,S01387,2026-01-19 00:00:00,78.49,75.75,0,0,0,0,0,0,0,High
6933,S01387,2026-06-08 00:00:00,83.05,78.45,0,0,4,1,0,0,1,High
6934,S01387,2026-08-24 00:00:00,75.31,86.79,0,0,6,2,0,0,2,High
6935,S01387,2027-01-18 00:00:00,74.96,82.45,0,0,9,3,0,0,0,Moderate
6936,S01388,2025-08-25 00:00:00,91.05,99.29,0,0,0,0,0,0,0,High
6937,S01388,2026-01-19 00:00:00,77.03,80.8,0,0,3,1,1,0,3,High
6938,S01388,2026-06-08 00:00:00,88.3,93.63,0,0,4,1,1,0,0,High
6939,S01388,2026-08-24 00:00:00,83.66,86.96,0,0,4,1,1,0,0,High
6940,S01388,2027-01-18 00:00:00,86.97,90.37,0,0,5,1,1,0,0,High
6941,S01389,2025-08-25 00:00:00,77.57,69.71,0,0,0,0,0,0,0,High
6942,S01389,2026-01-19 00:00:00,84.12,84.91,0,0,1,1,0,0,0,High
6943,S01389,2026-06-08 00:00:00,87.09,84.38,0,0,1,1,0,0,0,high
6944,S01389,2026-08-24 00:00:00,68.86,,0,1,4,2,0,0,3,Moderate
6945,S01389,2027-01-18 00:00:00,75.46,,0,1,5,3,0,0,0,High
6946,S01390,2025-08-25 00:00:00,84.08,79.86,0,0,0,0,0,0,0,High
6947,S01390,2026-01-19 00:00:00,81.58,84.66,0,0,0,0,0,0,0,High
6948,S01390,2026-06-08 00:00:00,94.03,98.57,0,0,0,0,0,0,0,High
6949,S01390,2026-08-24 00:00:00,80.86,79.01,0,0,0,0,0,0,0,High
6950,S01390,2027-01-18 00:00:00,84.38,85.56,0,1,3,2,0,0,1,High
6951,S01391,2025-08-25 00:00:00,76.61,80.05,0,0,0,0,0,0,0,high
6952,S01391,2026-01-19 00:00:00,60.44,53.03,0,1,6,4,1,0,4,Moderate
6953,S01391,2026-06-08 00:00:00,57.56,50.32,0,2,7,5,1,0,1,Moderate
6954,S01391,2026-08-24 00:00:00,51.32,50.9,0,2,11,7,1,0,4,Moderate
6955,S01391,2027-01-18 00:00:00,61.61,63.96,0,2,11,7,1,0,0,Moderate
6956,S01392,2025-08-25 00:00:00,80.97,77.53,0,0,0,0,0,0,0,High
6957,S01392,2026-01-19 00:00:00,80.43,79.98,0,0,0,0,0,0,0,High
6958,S01392,2026-06-08 00:00:00,62.25,55.45,0,0,1,1,0,0,1,Moderate
6959,S01392,2026-08-24 00:00:00,77.73,75.3,0,0,1,1,0,0,0,High
6960,S01392,2027-01-18 00:00:00,78.68,74.31,0,0,1,1,0,0,0,High
6961,S01393,2025-08-25 00:00:00,89.97,91.1,0,0,0,0,0,0,0,High
6962,S01393,2026-01-19 00:00:00,75.09,74.96,0,0,2,0,0,0,2,High
6963, S01393 ,2026-06-08 00:00:00,83.46,85.1,0,0,2,0,0,0,0,High
6964,S01393,2026-08-24 00:00:00,83.43,81.24,0,0,2,0,0,0,0, High 
6965,S01393,2027-01-18 00:00:00,87.86,89.43,0,0,3,0,0,0,0,High
6966,S01394,2025-08-25 00:00:00,88.19,96.3,0,0,0,0,0,0,0,High
6967,S01394,2026-01-19 00:00:00,92.45,99.7,0,0,0,0,0,0,0,High
6968,S01394,2026-06-08 00:00:00,81.52,82.33,0,0,1,1,0,0,1,High
6969,S01394,2026-08-24 00:00:00,78.27,77.55,0,0,4,2,0,0,3,High
6970,S01394,2027-01-18 00:00:00,78.38,76.18,0,0,5,2,0,0,1,High
6971,S01395,2025-08-25 00:00:00,76.57,79.01,0,0,0,0,0,0,0,High
6972,S01395,2026/01/19 00:00:00,68.53,67.57,0,0,4,2,0,0,4,Moderate
6973,S01395,2026-06-08 00:00:00,59.53,,0,0,10,4,0,0,4,Moderate
6974,S01395,2026-08-24 00:00:00,61.87,,0,0,14,5,0,0,4,Moderate
6975,S01395,2027-01-18 00:00:00,46.46,41.94,1,1,15,6,0,4,1,Low
6976,S01396,2025-08-25 00:00:00,91.7,92.09,0,0,0,0,0,0,0,High
6977,S01396,2026-01-19 00:00:00,87.81,93.02,0,0,0,0,0,0,0,High
6978,S01396,2026-06-08 00:00:00,86.81,92.1,0,1,1,1,0,0,0,
6979,S01396,2026-08-24 00:00:00,67.86,73.77,1,1,3,2,0,4,2,Moderate
6980,S01396,2027-01-18 00:00:00,67.8,73.26,1,1,4,3,0,4,0,Moderate
6981,S01397,2025-08-25 00:00:00,,63.29,0,0,0,0,0,0,0,High
6982,S01397,2026-01-19 00:00:00,82.33,80.1,0,0,0,0,0,0,0,High
6983,S01397,2026-06-08 00:00:00,78.29,74.9,0,0,1,1,0,0,0,High
6984,S01397,2026-08-24 00:00:00,63.76,59.4,0,0,3,3,0,0,2,Moderate
6985,S01397,2027-01-18 00:00:00,60.41,55.49,0,0,6,5,0,0,2,Moderate
6986,S01398,2025-08-25 00:00:00,82.02,78.98,0,0,0,0,0,0,0,High
6987,S01398,2026-01-19 00:00:00,76.43,73.87,0,0,1,1,0,0,0,High
6988,S01398,2026-06-08 00:00:00,49.42,44.14,1,0,4,3,0,15,2,Low
6989,S01398,2026-08-24 00:00:00,56.33,51.19,1,0,5,3,0,15,1,Moderate
6990, S01398 ,2027-01-18 00:00:00,59.64,57.23,1,0,6,4,0,15,0,Moderate
6991,S01399,2025-08-25 00:00:00,88.43,87.42,0,0,0,0,0,0,0,
6992,S01399,2026-01-19 00:00:00,93.42,94.38,0,0,2,0,0,0,0,High
6993,S01399,2026-06-08 00:00:00,75.23,82.51,0,0,2,0,0,0,0,High
6994,S01399,2026-08-24 00:00:00,66.07,67.38,0,0,3,0,0,0,1,Moderate
6995,S01399,2027-01-18 00:00:00,76.87,79.06,0,0,3,0,0,0,0,High
6996,S01400,2025-08-25 00:00:00,82.36,80.74,0,0,0,0,0,0,0,High
6997,S01400,2026-01-19 00:00:00,79.38,75.77,0,0,3,2,0,0,2,High
6998,S01400,2026-06-08 00:00:00,83.42,88.89,0,0,3,2,0,0,0,High
6999,S01400,2026-08-24 00:00:00,76.67,76.79,0,0,3,2,0,0,0,High
7000,S01400,2027-01-18 00:00:00,67.48,62.05,0,0,4,3,0,0,0,Moderate
7001,S01401,2025-08-25 00:00:00,79.91,87.86,0,0,0,0,0,0,0,High
7002,S01401,2026-01-19 00:00:00,78.52,73.12,0,0,1,1,0,0,0,High
7003,S01401,2026-06-08 00:00:00,80.07,79.42,0,0,1,1,0,0,0,High
7004,S01401,2026-08-24 00:00:00,72.98,69.69,0,0,3,2,0,0,2,Moderate
7005,S01401,2027-01-18 00:00:00,81.27,81.48,0,0,5,3,0,0,1,High
7006,S01402,2025-08-25 00:00:00,79.55,83.49,0,0,0,0,0,0,0,High
7007,S01402,2026-01-19 00:00:00,75.73,71.08,0,0,0,0,0,0,0,High
7008,S01402,2026-06-08 00:00:00,71.95,60.57,0,0,1,0,0,0,1,Moderate
7009,S01402,2026-08-24 00:00:00,79.7,71.84,0,0,1,0,0,0,0,High
7010, S01402 ,2027-01-18 00:00:00,77.37,76.56,0,0,1,0,0,0,0,High
7011,S01403,2025-08-25 00:00:00,84.32,79.52,0,0,0,0,0,0,0,High
7012,S01403,2026-01-19 00:00:00,,76.73,0,0,3,0,0,0,1,Moderate
7013,S01403,2026-06-08 00:00:00,65.2,59.51,0,0,6,1,0,0,3,Moderate
7014,S01403,2026-08-24 00:00:00,78.85,76.02,0,0,8,1,0,0,2,High
7015,S01403,2027-01-18 00:00:00,76.87,80.12,0,0,8,1,0,0,0,High
7016,S01404,2025-08-25 00:00:00,91.92,97.04,0,0,0,0,0,0,0,High
7017,S01404,2026-01-19 00:00:00,80.3,80.99,0,0,0,0,0,0,0,High
7018,S01404,2026-06-08 00:00:00,89.21,87.54,0,0,0,0,0,0,0,High
7019,S01404,2026-08-24 00:00:00,82.96,89.42,0,0,2,1,0,0,2,High
7020,S01404,2027-01-18 00:00:00,80.16,81.53,0,1,2,1,0,0,0,High
7021,S01405,2025-08-25 00:00:00,89.79,91.87,0,0,0,0,0,0,0,High
7022,S01405,2026-01-19 00:00:00,74.13,73.85,0,0,5,3,1,0,1,Moderate
7023,S01405,2026-06-08 00:00:00,80.44,78.62,0,0,5,3,1,0,0,High
7024,S01405,2026-08-24 00:00:00,79.45,73.22,0,0,5,3,1,0,0,High
7025,S01405,2027-01-18 00:00:00,81.69,81.64,0,0,5,3,1,0,0,High
7026,S01406,2025-08-25 00:00:00,93.18,98.59,0,0,0,0,0,0,0,High
7027,S01406,2026-01-19 00:00:00,89.98,89.1,0,0,1,1,0,0,1,High
7028,S01406,2026-06-08 00:00:00,91.57,89.73,0,0,1,1,0,0,0,High
7029,S01406,2026-08-24 00:00:00,87.63,90.72,0,0,3,2,0,0,2,High
7030,S01406,01/18/2027 00:00,81.82,87.74,0,0,6,2,0,0,3, High 
7031,S01407,2025-08-25 00:00:00,82.45,84.37,0,0,0,0,0,0,0,High
7032,S01407,2026-01-19 00:00:00,83.94,87.85,0,0,1,0,0,0,0,High
7033,S01407,08/06/2026 00:00,84.12,86.8,0,0,1,0,0,0,0,High
7034,S01407,2026-08-24 00:00:00,69.16,72.49,0,0,4,1,1,0,3,Moderate
7035,S01407,2027-01-18 00:00:00,81.48,78.63,0,0,4,1,1,0,0,High
7036,S01408,2025-08-25 00:00:00,91.09,90.39,0,0,0,0,0,0,0,High
7037,S01408,2026-01-19 00:00:00,89.44,87.99,0,0,3,1,0,0,2,High
7038,S01408,2026-06-08 00:00:00,83.09,88.08,0,0,4,1,0,0,1,High
7039,S01408,2026-08-24 00:00:00,84.17,88.27,0,0,5,1,0,0,1,High
7040,S01408,2027-01-18 00:00:00,80.09,94.03,0,0,5,1,0,0,0,High
7041,S01409,2025-08-25 00:00:00,85.84,83.33,0,0,0,0,0,0,0,High
7042,S01409,2026-01-19 00:00:00,88.59,96.07,0,0,0,0,0,0,0,High
7043,S01409,2026-06-08 00:00:00,81.87,83.02,0,0,0,0,0,0,0,High
7044,S01409,2026-08-24 00:00:00,64.0,65.06,1,0,2,1,0,8,2,Moderate
7045,S01409,2027-01-18 00:00:00,57.55,55.2,1,0,4,2,0,8,0,
7046,S01410,2025-08-25 00:00:00,86.7,90.45,0,0,0,0,0,0,0,High
7047,S01410,2026-01-19 00:00:00,96.27,100.0,0,0,2,1,0,0,0,High
7048,S01410,2026-06-08 00:00:00,73.05,74.78,0,0,8,4,0,0,4,Moderate
7049,S01410,2026-08-24 00:00:00,75.49,78.4,0,0,9,4,0,0,1,High
7050,S01410,2027-01-18 00:00:00,68.6,71.94,0,0,11,6,0,0,1,Moderate
7051,S01411,2025-08-25 00:00:00,76.66,81.72,0,0,0,0,0,0,0,High
7052,S01411,2026-01-19 00:00:00,73.58,69.8,0,0,2,2,0,0,1,Moderate
7053,S01411,2026-06-08 00:00:00,70.75,-8.0,0,0,2,2,0,0,0,Moderate
7054,S01411,2026-08-24 00:00:00,71.35,67.63,0,0,3,3,0,0,1,Moderate
7055,S01411,2027-01-18 00:00:00,68.72,61.11,0,0,5,4,0,0,2,Moderate
7056,S01412,2025-08-25 00:00:00,80.16,75.16,0,0,0,0,0,0,0,High
7057,S01412,2026-01-19 00:00:00,87.28,83.37,0,0,0,0,0,0,0,High
7058,S01412,2026-06-08 00:00:00,69.82,60.54,0,0,4,1,1,0,4,Moderate
7059,S01412,2026-08-24 00:00:00,81.11,73.27,0,0,4,1,1,0,0, High 
7060,S01412,2027-01-18 00:00:00,72.49,71.33,0,0,5,2,1,0,0,Moderate
7061,S01413,2025-08-25 00:00:00,94.59,98.45,0,0,0,0,0,0,0,High
7062,S01413,2026-01-19 00:00:00,81.01,84.92,0,0,0,0,0,0,0,High
7063,S01413,2026-06-08 00:00:00,89.57,85.01,0,0,2,0,0,0,0,High
7064,S01413,2026-08-24 00:00:00,85.36,89.74,0,0,2,0,0,0,0,High
7065,S01413,2027-01-18 00:00:00,83.93,86.69,0,0,4,1,0,0,0,High
7066,S01414,2025-08-25 00:00:00,82.98,83.03,0,0,0,0,0,0,0,High
7067,S01414,2026-01-19 00:00:00,81.12,81.99,0,0,0,0,0,0,0,High
7068,S01414,2026-06-08 00:00:00,67.33,73.14,0,0,5,3,0,0,1,Moderate
7069,S01414,2026-08-24 00:00:00,78.32,83.43,0,0,5,3,0,0,0,High
7070,S01414,2027-01-18 00:00:00,78.96,83.61,0,0,5,3,0,0,0,High
7071,S01415,2025-08-25 00:00:00,77.48,78.27,0,0,0,0,0,0,0,High
7072, S01415 ,2026-01-19 00:00:00,72.52,62.37,0,0,1,0,0,0,0,Moderate
7073,S01415,2026-06-08 00:00:00,75.46,65.63,0,0,1,0,0,0,0,High
7074,S01415,2026-08-24 00:00:00,68.18,59.09,0,0,5,1,0,0,4,Moderate
7075,S01415,2027-01-18 00:00:00,67.15,66.87,0,0,6,1,0,0,1,Moderate
7076,S01416,2025-08-25 00:00:00,82.82,81.29,0,0,0,0,0,0,0,High
7077,S01416,2026-01-19 00:00:00,73.71,71.38,0,0,1,1,0,0,0,Moderate
7078,S01416,2026-06-08 00:00:00,66.49,59.98,0,0,4,3,0,0,3,Moderate
7079,S01416,2026-08-24 00:00:00,71.24,80.79,0,0,5,4,0,0,1,Moderate
7080,S01416,2027-01-18 00:00:00,71.7,66.94,0,0,8,5,0,0,0,Moderate
7081,S01417,2025-08-25 00:00:00,85.44,87.55,0,0,0,0,0,0,0,High
7082,S01417,2026-01-19 00:00:00,73.89,75.65,0,0,0,0,0,0,0,Moderate
7083,S01417,2026-06-08 00:00:00,79.46,75.25,0,0,0,0,0,0,0,High
7084,S01417,2026-08-24 00:00:00,78.81,80.44,0,0,0,0,0,0,0,High
7085,S01417,2027-01-18 00:00:00,67.49,72.08,0,1,3,1,0,0,3,Moderate
7086,S01418,2025-08-25 00:00:00,79.95,80.41,0,0,0,0,0,0,0,High
7087,S01418,2026-01-19 00:00:00,69.04,69.43,0,0,3,2,0,0,1,Moderate
7088,S01418,2026-06-08 00:00:00,67.35,70.79,0,1,5,3,0,0,2,Moderate
7089,S01418,2026-08-24 00:00:00,76.59,76.35,0,1,5,3,0,0,0,High
7090,S01418,2027-01-18 00:00:00,65.44,63.45,0,1,5,3,0,0,0,Moderate
7091,S01419,2025-08-25 00:00:00,89.19,98.38,0,0,0,0,0,0,0,High
7092,S01419,2026-01-19 00:00:00,88.09,92.79,0,0,0,0,0,0,0,High
7093,S01419,2026-06-08 00:00:00,73.57,80.41,0,0,3,1,0,0,3,Moderate
7094,S01419,2026-08-24 00:00:00,80.13,87.61,0,0,5,2,1,0,2,High
7095,S01419,2027-01-18 00:00:00,66.12,71.23,0,0,8,3,1,0,3,Moderate
7096,S01420,2025-08-25 00:00:00,83.3,77.4,0,0,0,0,0,0,0,High
7097,S01420,2026-01-19 00:00:00,86.86,86.08,0,0,3,2,0,0,0,High
7098,S01420,2026-06-08 00:00:00,68.98,67.97,1,0,6,4,0,1,0,Moderate
7099,S01420,2026-08-24 00:00:00,68.2,65.29,1,0,6,4,0,1,0,Moderate
7100,S01420,2027-01-18 00:00:00,48.22,39.35,2,0,8,5,0,7,2,Low
7101,S01421,2025-08-25 00:00:00,92.58,98.13,0,0,0,0,0,0,0,High
7102,S01421,2026-01-19 00:00:00,93.95,100.0,0,0,0,0,0,0,0,High
7103,S01421,2026-06-08 00:00:00,87.13,87.36,0,0,3,1,0,0,2,High
7104,S01421,2026-08-24 00:00:00,75.39,83.7,0,0,4,2,0,0,1,High
7105,S01421,2027-01-18 00:00:00,83.33,91.24,0,0,5,3,0,0,0,High
7106,S01422,2025-08-25 00:00:00,79.43,75.65,0,0,0,0,0,0,0,High
7107,S01422,2026/01/19 00:00:00,76.94,74.3,0,0,2,1,0,0,2,High
7108,S01422,2026-06-08 00:00:00,75.07,70.79,0,0,2,1,0,0,0,High
7109,S01422,2026-08-24 00:00:00,68.48,62.78,0,0,3,2,0,0,1,Moderate
7110,S01422,2027-01-18 00:00:00,77.75,68.25,0,0,3,2,0,0,0,High
7111,S01423,2025-08-25 00:00:00,83.85,84.28,0,0,0,0,0,0,0,High
7112,S01423,2026-01-19 00:00:00,87.72,85.04,0,0,0,0,0,0,0,High
7113,S01423,2026-06-08 00:00:00,88.71,85.95,0,0,0,0,0,0,0,High
7114,S01423,2026-08-24 00:00:00,73.46,68.86,0,0,1,1,0,0,1,Moderate
7115,S01423,2027-01-18 00:00:00,72.16,76.14,0,0,3,2,0,0,1,Moderate
7116,S01424,2025-08-25 00:00:00,80.46,85.66,0,0,0,0,0,0,0,High
7117,S01424,2026-01-19 00:00:00,85.84,88.19,0,0,2,1,0,0,0,High
7118,S01424,2026-06-08 00:00:00,65.74,64.7,0,1,4,3,0,0,2, Moderate 
7119,S01424,2026-08-24 00:00:00,75.3,80.11,0,1,5,3,0,0,1,High
7120,S01424,2027-01-18 00:00:00,,81.17,0,1,5,3,0,0,0,Moderate
7121,S01425,2025-08-25 00:00:00,78.5,82.61,0,0,0,0,0,0,0,High
7122,S01425,2026-01-19 00:00:00,79.08,77.26,0,0,3,2,0,0,1,High
7123,S01425,2026-06-08 00:00:00,78.4,81.27,0,0,4,3,0,0,0,High
7124,S01425,2026-08-24 00:00:00,80.89,82.22,0,0,4,3,0,0,0,High
7125,S01425,2027-01-18 00:00:00,83.72,85.37,0,0,6,3,0,0,0,High
7126,S01426,2025-08-25 00:00:00,94.78,95.68,0,0,0,0,0,0,0,High
7127,S01426,2026-01-19 00:00:00,88.79,85.55,1,0,0,0,0,6,0,High
7128,S01426,2026-06-08 00:00:00,81.04,84.55,1,0,0,0,0,6,0,High
7129,S01426,2026-08-24 00:00:00,67.29,72.39,1,0,4,2,1,6,4,Moderate
7130, S01426 ,2027-01-18 00:00:00,75.55,76.84,1,0,4,2,1,6,0,High
7131,S01427,2025-08-25 00:00:00,93.71,93.01,0,0,0,0,0,0,0,High
7132, S01427 ,2026-01-19 00:00:00,94.25,98.38,0,0,0,0,0,0,0,High
7133,S01427,2026-06-08 00:00:00,91.59,100.0,0,0,0,0,0,0,0,High
7134,S01427,2026-08-24 00:00:00,87.87,89.98,0,0,0,0,0,0,0,High
7135,S01427,2027-01-18 00:00:00,,100.0,0,0,0,0,0,0,0,High
7136,S01428,2025-08-25 00:00:00,76.76,71.66,0,0,0,0,0,0,0,High
7137,S01428,2026-01-19 00:00:00,80.57,78.6,0,0,0,0,0,0,0,High
7138,S01428,2026-06-08 00:00:00,72.83,63.54,0,0,1,1,0,0,1,Moderate
7139,S01428,2026-08-24 00:00:00,72.96,75.6,0,0,1,1,0,0,0,Moderate
7140,S01428,2027-01-18 00:00:00,76.62,76.5,0,0,1,1,0,0,0,High
7141,S01429,2025-08-25 00:00:00,82.68,82.2,0,0,0,0,0,0,0,High
7142,S01429,2026-01-19 00:00:00,,92.71,0,0,0,0,0,0,0, High 
7143,S01429,08-06-2026 00:00,84.85,89.08,0,0,0,0,0,0,0,High
7144,S01429,2026-08-24 00:00:00,81.45,80.77,0,0,2,0,0,0,2,High
7145,S01429,2027-01-18 00:00:00,87.31,89.61,0,0,3,0,0,0,1,High
7146,S01430,2025-08-25 00:00:00,91.28,94.24,0,0,0,0,0,0,0,High
7147,S01430,2026-01-19 00:00:00,89.27,96.27,0,0,4,2,0,0,0,High
7148,S01430,2026-06-08 00:00:00,64.63,66.0,2,0,7,4,0,2,1,Moderate
7149,S01430,2026-08-24 00:00:00,58.37,63.37,2,0,8,5,0,2,1,Moderate
7150,S01430,2027-01-18 00:00:00,60.28,52.33,2,0,8,5,0,2,0,Moderate
7151,S01431,2025-08-25 00:00:00,89.1,87.67,0,0,0,0,0,0,0,High
7152,S01431,2026-01-19 00:00:00,85.43,82.67,0,0,0,0,0,0,0,High
7153,S01431,2026-06-08 00:00:00,80.85,85.84,0,0,2,1,0,0,1,High
7154,S01431,2026-08-24 00:00:00,68.27,68.28,0,0,4,2,0,0,2,Moderate
7155,S01431,2027-01-18 00:00:00,79.73,76.48,0,0,4,2,0,0,0,High
7156,S01432,2025-08-25 00:00:00,84.89,82.49,0,0,0,0,0,0,0,High
7157,S01432,2026-01-19 00:00:00,74.23,75.95,0,0,1,1,0,0,1,Moderate
7158,S01432,2026-06-08 00:00:00,63.07,68.07,0,1,4,1,2,0,3,Moderate
7159, S01432 ,2026-08-24 00:00:00,,87.85,0,1,4,1,2,0,0,High
7160,S01432,2027-01-18 00:00:00,65.54,68.7,0,2,7,2,2,0,1,Moderate
7161,S01433,2025-08-25 00:00:00,88.08,85.73,0,0,0,0,0,0,0,High
7162,S01433,2026-01-19 00:00:00,67.64,64.01,0,1,8,4,0,0,3,Moderate
7163,S01433,2026-06-08 00:00:00,69.97,,0,1,9,5,0,0,0,Moderate
7164,S01433,2026-08-24 00:00:00,65.2,62.42,0,1,10,5,0,0,1,Moderate
7165,S01433,2027-01-18 00:00:00,69.72,69.41,0,1,10,5,0,0,0,Moderate
7166,S01434,2025-08-25 00:00:00,84.32,92.46,0,0,0,0,0,0,0,High
7167,S01434,2026-01-19 00:00:00,69.36,70.66,0,0,5,2,0,0,3,Moderate
7168,S01434,2026-06-08 00:00:00,78.33,79.36,0,0,5,2,0,0,0,High
7169,S01434,2026-08-24 00:00:00,74.73,66.56,0,0,6,3,0,0,1,Moderate
7170,S01434,2027-01-18 00:00:00,77.11,74.78,0,0,7,3,0,0,0,High
7171,S01435,2025-08-25 00:00:00,86.88,85.19,0,0,0,0,0,0,0,High
7172,S01435,2026-01-19 00:00:00,77.4,84.91,0,1,5,1,0,0,1,high
7173,S01435,2026-06-08 00:00:00,71.06,74.25,0,1,8,2,0,0,3,Moderate
7174,S01435,2026-08-24 00:00:00,85.18,89.57,0,1,8,2,0,0,0,High
7175,S01435,2027-01-18 00:00:00,74.05,76.91,0,1,9,3,0,0,0,Moderate
7176,S01436,2025-08-25 00:00:00,75.91,69.76,0,0,0,0,0,0,0,High
7177,S01436,2026-01-19 00:00:00,77.01,62.29,0,0,0,0,0,0,0,High
7178,S01436,2026-06-08 00:00:00,65.23,60.11,0,0,2,0,0,0,2,Moderate
7179,S01436,2026-08-24 00:00:00,77.32,76.65,0,0,3,1,0,0,1,High
7180,S01436,2027-01-18 00:00:00,74.86,75.42,0,0,3,1,0,0,0,Moderate
7181,S01437,2025-08-25 00:00:00,84.71,90.4,0,0,0,0,0,0,0,High
7182,S01437,2026-01-19 00:00:00,79.86,88.63,0,0,0,0,0,0,0,High
7183,S01437,2026-06-08 00:00:00,85.51,85.36,0,0,0,0,0,0,0,High
7184,S01437,2026-08-24 00:00:00,84.59,87.58,0,0,0,0,0,0,0,High
7185,S01437,2027-01-18 00:00:00,84.38,86.69,0,0,1,0,0,0,0,High
7186,S01438,2025-08-25 00:00:00,92.41,90.58,0,0,0,0,0,0,0,High
7187,S01438,2026-01-19 00:00:00,80.39,81.03,0,0,2,2,0,0,2,High
7188,S01438,2026-06-08 00:00:00,80.68,79.56,0,0,3,2,0,0,0,High
7189,S01438,2026-08-24 00:00:00,74.5,75.35,0,0,4,2,0,0,1,Moderate
7190,S01438,2027-01-18 00:00:00,74.01,72.42,0,1,6,3,0,0,0,Moderate
7191,S01439,2025-08-25 00:00:00,81.79,78.0,0,0,0,0,0,0,0,High
7192,S01439,2026-01-19 00:00:00,65.68,64.87,0,0,5,2,0,0,4,Moderate
7193,S01439,2026-06-08 00:00:00,50.43,46.05,1,0,8,3,0,1,2,Moderate
7194,S01439,2026-08-24 00:00:00,51.22,49.65,1,0,10,5,0,1,2,Moderate
7195,S01439,2027-01-18 00:00:00,46.93,45.05,1,0,12,6,0,1,2,Low
7196,S01440,2025-08-25 00:00:00,78.37,72.94,0,0,0,0,0,0,0,High
7197,S01440,2026-01-19 00:00:00,60.81,54.88,1,0,6,2,1,8,2,Moderate
7198,S01440,2026-06-08 00:00:00,61.22,55.57,1,0,6,2,1,8,0,Moderate
7199,S01440,2026-08-24 00:00:00,50.15,48.2,1,0,8,3,1,8,2,Moderate
7200,S01440,2027-01-18 00:00:00,57.9,66.68,1,0,10,3,1,8,2,Moderate
7201,S01441,2025-08-25 00:00:00,85.01,80.31,0,0,0,0,0,0,0,High
7202, S01441 ,2026-01-19 00:00:00,83.26,77.43,0,0,0,0,0,0,0,High
7203,S01441,2026-06-08 00:00:00,69.36,75.96,0,0,1,1,0,0,1,Moderate
7204,S01441,2026-08-24 00:00:00,84.9,87.46,0,0,1,1,0,0,0,High
7205,S01441,2027-01-18 00:00:00,56.79,51.52,1,0,5,3,1,15,1,Moderate
7206,S01442,2025-08-25 00:00:00,85.72,97.81,0,0,0,0,0,0,0,High
7207,S01442,2026-01-19 00:00:00,86.82,93.26,0,0,0,0,0,0,0,High
7208,S01442,2026-06-08 00:00:00,81.77,90.51,0,0,1,1,0,0,0,High
7209,S01442,2026-08-24 00:00:00,83.1,86.31,0,0,1,1,0,0,0,High
7210,S01442,2027-01-18 00:00:00,60.16,63.56,1,0,4,3,0,15,0,Moderate
7211,S01443,2025-08-25 00:00:00,88.57,87.32,0,0,0,0,0,0,0,High
7212,S01443,2026-01-19 00:00:00,73.28,74.94,0,0,3,1,1,0,2,Moderate
7213,S01443,2026-06-08 00:00:00,75.75,78.96,0,0,5,2,1,0,2,High
7214,S01443,2026-08-24 00:00:00,65.66,66.53,0,0,6,3,1,0,1,Moderate
7215,S01443,2027-01-18 00:00:00,72.88,75.24,0,0,8,4,2,0,0,Moderate
7216,S01444,2025-08-25 00:00:00,79.41,82.57,0,0,0,0,0,0,0,High
7217,S01444,2026-01-19 00:00:00,78.27,86.8,0,0,0,0,0,0,0,High
7218,S01444,2026-06-08 00:00:00,71.0,70.99,0,1,4,1,0,0,4,Moderate
7219,S01444,2026-08-24 00:00:00,83.38,79.13,0,1,4,1,0,0,0,High
7220,S01444,2027-01-18 00:00:00,70.07,69.54,0,1,4,1,0,0,0,Moderate
7221,S01445,2025-08-25 00:00:00,94.49,100.0,0,0,0,0,0,0,0,High
7222,S01445,2026-01-19 00:00:00,,85.98,0,0,0,0,0,0,0,High
7223,S01445,2026-06-08 00:00:00,83.38,86.1,0,0,5,2,0,0,3,High
7224,S01445,2026-08-24 00:00:00,76.43,,0,0,10,3,1,0,5,High
7225,S01445,2027-01-18 00:00:00,72.79,75.69,0,0,12,4,1,0,2,Moderate
7226,S01446,2025-08-25 00:00:00,87.89,88.66,0,0,0,0,0,0,0,High
7227,S01446,2026-01-19 00:00:00,94.93,96.71,0,0,0,0,0,0,0,High
7228,S01446,2026-06-08 00:00:00,80.12,70.91,0,0,5,2,1,0,2,High
7229,S01446,2026-08-24 00:00:00,69.6,67.82,0,0,9,5,1,0,4,Moderate
7230,S01446,2027-01-18 00:00:00,72.65,75.96,0,0,11,5,1,0,2,Moderate
7231,S01447,2025-08-25 00:00:00,81.55,83.77,0,0,0,0,0,0,0,High
7232,S01447,2026-01-19 00:00:00,81.34,85.83,0,0,3,2,0,0,1,High
7233,S01447,2026-06-08 00:00:00,67.48,71.77,0,0,5,4,0,0,2,Moderate
7234,S01447,2026-08-24 00:00:00,68.98,67.26,0,2,7,6,0,0,2,Moderate
7235,S01447,2027-01-18 00:00:00,69.5,76.75,0,2,8,6,0,0,0,Moderate
7236,S01448,2025-08-25 00:00:00,84.59,83.08,0,0,0,0,0,0,0, High 
7237,S01448,2026-01-19 00:00:00,86.83,97.84,0,0,0,0,0,0,0,High
7238,S01448,2026-06-08 00:00:00,74.44,72.45,0,0,1,0,0,0,1,Moderate
7239,S01448,08/24/2026 00:00,73.69,,0,0,5,2,0,0,4,Moderate
7240,S01448,2027-01-18 00:00:00,70.01,,0,0,7,3,0,0,2,Moderate
7241,S01449,2025-08-25 00:00:00,88.91,90.94,0,0,0,0,0,0,0,High
7242,S01449,2026-01-19 00:00:00,76.79,78.47,0,0,2,1,0,0,2,High
7243,S01449,2026-06-08 00:00:00,69.42,74.21,0,0,5,2,0,0,3,Moderate
7244,S01449,2026-08-24 00:00:00,56.88,61.05,0,2,10,5,1,0,5,Moderate
7245,S01449,2027-01-18 00:00:00,60.16,66.18,0,2,10,5,1,0,0,Moderate
7246,S01450,2025-08-25 00:00:00,78.6,76.55,0,0,0,0,0,0,0,High
7247,S01450,2026-01-19 00:00:00,80.2,80.81,1,0,1,0,0,4,0,High
7248,S01450,2026-06-08 00:00:00,68.14,68.94,1,0,1,0,0,4,0,Moderate
7249,S01450,2026-08-24 00:00:00,67.92,68.58,1,0,1,0,0,4,0,Moderate
7250,S01450,2027-01-18 00:00:00,55.47,54.91,1,0,3,1,0,4,1,Moderate
7251,S01451,2025-08-25 00:00:00,90.8,89.24,0,0,0,0,0,0,0,High
7252,S01451,2026-01-19 00:00:00,85.3,83.69,0,0,2,1,1,0,0,High
7253,S01451,2026-06-08 00:00:00,74.38,74.46,0,0,4,1,1,0,2,Moderate
7254,S01451,2026-08-24 00:00:00,82.98,82.82,0,1,4,1,1,0,0,High
7255,S01451,2027-01-18 00:00:00,72.01,83.59,0,1,9,4,1,0,1,Moderate
7256,S01452,2025-08-25 00:00:00,91.2,90.75,0,0,0,0,0,0,0,High
7257,S01452,2026-01-19 00:00:00,83.86,85.37,0,0,1,1,0,0,1,High
7258,S01452,2026-06-08 00:00:00,76.95,78.91,0,1,4,3,0,0,1,High
7259,S01452,2026-08-24 00:00:00,63.29,59.65,1,1,6,3,0,6,2,Moderate
7260,S01452,2027-01-18 00:00:00,63.75,64.44,1,1,6,3,0,6,0,Moderate
7261,S01453,2025-08-25 00:00:00,88.65,91.97,0,0,0,0,0,0,0,High
7262,S01453,2026-01-19 00:00:00,77.16,82.11,0,0,1,0,0,0,1,High
7263,S01453,2026-06-08 00:00:00,85.91,87.14,0,1,2,1,0,0,0,High
7264,S01453,2026-08-24 00:00:00,81.07,85.83,0,1,2,1,0,0,0,High
7265,S01453,2027-01-18 00:00:00,82.3,79.62,0,1,3,1,0,0,1,High
7266,S01454,2025-08-25 00:00:00,89.8,87.1,0,0,0,0,0,0,0,High
7267,S01454,2026-01-19 00:00:00,91.95,90.75,0,0,1,1,0,0,0,High
7268,S01454,2026-06-08 00:00:00,66.7,69.13,0,0,5,4,0,0,1,Moderate
7269,S01454,2026-08-24 00:00:00,71.34,70.47,0,0,7,4,0,0,2,Moderate
7270,S01454,2027-01-18 00:00:00,76.63,85.97,0,0,7,4,0,0,0,High
7271,S01455,2025-08-25 00:00:00,84.83,87.25,0,0,0,0,0,0,0,High
7272,S01455,2026-01-19 00:00:00,80.31,79.69,0,0,0,0,0,0,0,High
7273,S01455,2026-06-08 00:00:00,81.77,83.1,0,0,0,0,0,0,0,High
7274,S01455,2026-08-24 00:00:00,82.63,82.9,0,0,1,0,0,0,1,High
7275,S01455,2027-01-18 00:00:00,80.42,76.78,0,0,1,0,0,0,0,High
7276,S01456,2025-08-25 00:00:00,88.61,,0,0,0,0,0,0,0,High
7277,S01456,2026-01-19 00:00:00,79.94,76.43,0,0,6,2,0,0,0,High
7278,S01456,2026-06-08 00:00:00,77.08,83.33,0,0,7,-2,1,0,0,High
7279,S01456,2026-08-24 00:00:00,65.59,66.99,0,0,9,3,1,0,2,Moderate
7280,S01456,2027-01-18 00:00:00,78.01,82.02,0,0,9,3,1,0,0,High
7281,S01457,2025-08-25 00:00:00,86.79,83.95,0,0,0,0,0,0,0,High
7282,S01457,2026-01-19 00:00:00,84.3,93.04,0,0,0,0,0,0,0,High
7283,S01457,2026-06-08 00:00:00,86.85,84.48,0,0,0,0,0,0,0,High
7284,S01457,2026-08-24 00:00:00,79.88,82.81,0,1,2,0,1,0,2,High
7285,S01457,2027-01-18 00:00:00,83.14,90.3,0,1,2,0,1,0,0,High
7286,S01458,2025-08-25 00:00:00,84.86,75.42,0,0,0,0,0,0,0, High 
7287,S01458,2026-01-19 00:00:00,79.52,81.18,0,0,4,1,0,0,1,High
7288,S01458,2026-06-08 00:00:00,66.93,62.2,0,0,5,1,0,0,1,Moderate
7289,S01458,2026-08-24 00:00:00,70.33,68.3,0,0,5,1,0,0,0,Moderate
7290,S01458,2027-01-18 00:00:00,68.78,66.7,0,0,6,2,0,0,1,Moderate
7291,S01459,2025-08-25 00:00:00,93.38,99.95,0,0,0,0,0,0,0,High
7292,S01459,2026-01-19 00:00:00,86.29,91.02,0,0,0,0,0,0,0,High
7293,S01459,2026-06-08 00:00:00,81.94,85.47,0,0,4,2,0,0,4,High
7294,S01459,2026-08-24 00:00:00,69.52,75.95,0,0,7,4,0,0,3,Moderate
7295,S01459,2027-01-18 00:00:00,68.45,64.64,0,0,7,4,0,0,0,Moderate
7296,S01460,2025-08-25 00:00:00,69.4,70.46,0,0,0,0,0,0,0,Moderate
7297,S01460,2026-01-19 00:00:00,82.7,84.61,0,0,1,1,0,0,0,High
7298,S01460,2026-06-08 00:00:00,63.74,61.57,0,1,2,2,0,0,1,Moderate
7299,S01460,2026-08-24 00:00:00,35.08,37.79,1,1,4,3,1,15,2,Low
7300,S01460,2027-01-18 00:00:00,47.23,44.28,1,1,4,3,1,15,0,Low
7301,S01461,2025-08-25 00:00:00,91.61,89.41,0,0,0,0,0,0,0,High
7302,S01461,2026-01-19 00:00:00,95.52,97.3,0,0,0,0,0,0,0,High
7303,S01461,2026-06-08 00:00:00,90.11,91.31,0,1,0,0,0,0,0,High
7304,S01461,2026-08-24 00:00:00,89.31,86.48,0,1,0,0,0,0,0,High
7305,S01461,2027-01-18 00:00:00,-10.0,67.39,0,2,4,2,0,0,1,Moderate
7306,S01462,2025-08-25 00:00:00,82.73,77.54,0,0,0,0,0,0,0,High
7307,S01462,2026-01-19 00:00:00,82.03,81.56,0,0,0,0,0,0,0,High
7308,S01462,2026-06-08 00:00:00,79.01,79.4,0,0,1,1,0,0,1,High
7309,S01462,2026-08-24 00:00:00,86.33,91.16,0,0,1,1,0,0,0,High
7310,S01462,2027-01-18 00:00:00,77.78,78.0,0,0,3,2,0,0,1,High
7311,S01463,2025-08-25 00:00:00,99.22,100.0,0,0,0,0,0,0,0,High
7312,S01463,2026-01-19 00:00:00,100.0,100.0,0,0,0,0,0,0,0,High
7313,S01463,2026-06-08 00:00:00,91.38,100.0,0,0,0,0,0,0,0,High
7314,S01463,2026-08-24 00:00:00,95.91,98.62,0,0,0,0,0,0,0,High
7315,S01463,2027-01-18 00:00:00,97.14,99.33,0,0,0,0,0,0,0,High
7316,S01464,2025-08-25 00:00:00,87.97,89.34,0,0,0,0,0,0,0,High
7317,S01464,2026-01-19 00:00:00,79.83,80.23,0,0,3,1,0,0,1,High
7318,S01464,2026-06-08 00:00:00,85.81,84.78,0,0,4,2,0,0,0,High
7319,S01464,2026-08-24 00:00:00,69.89,67.27,0,1,5,3,0,0,1,Moderate
7320,S01464,2027-01-18 00:00:00,70.65,67.37,0,2,6,4,0,0,1,Moderate
7321,S01465,2025-08-25 00:00:00,83.49,88.02,0,0,0,0,0,0,0,High
7322,S01465,2026-01-19 00:00:00,83.29,89.38,0,0,0,0,0,0,0,High
7323,S01465,2026-06-08 00:00:00,82.87,89.48,0,0,0,0,0,0,0,High
7324,S01465,2026-08-24 00:00:00,80.63,86.93,0,0,0,0,0,0,0,High
7325,S01465,2027-01-18 00:00:00,84.34,78.11,0,0,0,0,0,0,0,High
7326,S01466,2025-08-25 00:00:00,84.28,78.44,0,0,0,0,0,0,0,High
7327,S01466,2026-01-19 00:00:00,88.52,84.09,0,0,1,0,0,0,0,High
7328,S01466,2026-06-08 00:00:00,85.05,83.54,0,0,1,0,0,0,0,High
7329,S01466,2026-08-24 00:00:00,67.72,73.42,0,0,4,1,0,0,3,Moderate
7330,S01466,2027-01-18 00:00:00,76.07,66.56,0,0,5,2,0,0,1,High
7331,S01467,2025-08-25 00:00:00,87.89,90.03,0,0,0,0,0,0,0,High
7332,S01467,2026-01-19 00:00:00,94.15,90.43,0,0,0,0,0,0,0,High
7333,S01467,2026-06-08 00:00:00,86.4,90.58,0,0,1,1,0,0,0,High
7334,S01467,2026-08-24 00:00:00,91.79,93.86,0,0,1,1,0,0,0,High
7335,S01467,2027-01-18 00:00:00,82.93,88.9,0,0,4,1,0,0,2,High
7336,S01468,2025-08-25 00:00:00,87.48,87.03,0,0,0,0,0,0,0,High
7337,S01468,2026-01-19 00:00:00,86.94,94.66,0,0,0,0,0,0,0,High
7338,S01468,2026-06-08 00:00:00,78.54,84.67,0,0,1,0,0,0,1,High
7339,S01468,2026-08-24 00:00:00,80.44,90.52,0,0,2,0,0,0,1,High
7340,S01468,2027-01-18 00:00:00,89.48,87.33,0,0,3,1,0,0,0,High
7341,S01469,2025-08-25 00:00:00,80.83,82.75,0,0,0,0,0,0,0,High
7342,S01469,2026-01-19 00:00:00,72.54,73.59,0,0,1,0,0,0,1,Moderate
7343,S01469,2026-06-08 00:00:00,82.05,85.13,0,0,2,1,0,0,0,High
7344,S01469,2026-08-24 00:00:00,72.76,71.34,0,0,4,2,1,0,2,Moderate
7345,S01469,2027-01-18 00:00:00,75.09,75.09,0,0,4,2,1,0,0,High
7346,S01470,2025-08-25 00:00:00,82.99,91.81,0,0,0,0,0,0,0,High
7347,S01470,2026-01-19 00:00:00,89.29,91.77,0,0,0,0,0,0,0,
7348,S01470,2026-06-08 00:00:00,82.45,85.92,0,0,1,1,0,0,1,High
7349,S01470,2026-08-24 00:00:00,71.77,74.33,0,0,6,3,0,0,5,Moderate
7350,S01470,2027-01-18 00:00:00,68.65,71.32,0,2,10,5,0,0,1,Moderate
7351,S01471,2025-08-25 00:00:00,91.01,100.0,0,0,0,0,0,0,0,High
7352,S01471,2026-01-19 00:00:00,77.47,80.46,0,0,3,2,0,0,2,High
7353,S01471,2026-06-08 00:00:00,115.0,80.66,0,0,3,2,0,0,0,High
7354,S01471,2026-08-24 00:00:00,67.1,67.7,0,1,3,2,0,0,0,Moderate
7355,S01471,2027-01-18 00:00:00,59.91,60.39,0,2,7,5,0,0,1,Moderate
7356,S01472,2025-08-25 00:00:00,88.44,91.94,0,0,0,0,0,0,0,High
7357,S01472,2026-01-19 00:00:00,83.75,80.64,0,0,2,1,0,0,0,
7358,S01472,2026-06-08 00:00:00,80.29,82.93,0,0,2,1,0,0,0,High
7359,S01472,2026-08-24 00:00:00,65.64,64.0,1,0,3,1,0,8,1,Moderate
7360,S01472,2027-01-18 00:00:00,73.53,80.0,1,0,3,1,0,8,0,Moderate
7361,S01473,2025-08-25 00:00:00,80.88,84.03,0,0,0,0,0,0,0,High
7362,S01473,2026-01-19 00:00:00,80.16,79.75,0,0,0,0,0,0,0,High
7363, S01473 ,2026-06-08 00:00:00,72.14,73.43,1,0,2,1,0,6,0,Moderate
7364,S01473,2026-08-24 00:00:00,65.97,58.68,1,0,3,1,0,6,1,Moderate
7365,S01473,2027-01-18 00:00:00,56.03,52.57,1,0,6,3,0,6,3,moderate
7366,S01474,2025-08-25 00:00:00,82.19,80.24,0,0,0,0,0,0,0,High
7367,S01474,2026-01-19 00:00:00,82.78,79.3,0,0,2,2,0,0,0,High
7368,S01474,2026-06-08 00:00:00,79.34,80.91,0,0,2,2,0,0,0,High
7369,S01474,2026-08-24 00:00:00,83.34,-8.0,0,0,2,2,0,0,0,High
7370,S01474,2027-01-18 00:00:00,77.68,79.91,0,0,2,2,0,0,0,High
7371,S01475,2025-08-25 00:00:00,85.48,85.3,0,0,0,0,0,0,0, High 
7372,S01475,2026-01-19 00:00:00,48.06,44.28,2,0,5,1,0,12,2,Low
7373,S01475,2026-06-08 00:00:00,42.39,41.19,2,0,7,3,0,12,0,Low
7374,S01475,2026-08-24 00:00:00,52.35,50.66,2,0,7,3,0,12,0,Moderate
7375,S01475,2027-01-18 00:00:00,47.83,46.36,2,0,8,3,0,12,1,Low
7376,S01476,2025-08-25 00:00:00,80.87,79.74,0,0,0,0,0,0,0,High
7377,S01476,2026-01-19 00:00:00,87.23,92.45,0,0,0,0,0,0,0,High
7378,S01476,2026-06-08 00:00:00,81.32,80.38,0,0,0,0,0,0,0,High
7379,S01476,2026-08-24 00:00:00,74.94,,0,1,1,1,0,0,1,Moderate
7380,S01476,2027-01-18 00:00:00,71.88,76.9,0,1,3,2,0,0,2,Moderate
7381,S01477,2025-08-25 00:00:00,92.07,90.75,0,0,0,0,0,0,0,High
7382,S01477,2026-01-19 00:00:00,95.03,89.17,0,0,0,0,0,0,0,High
7383,S01477,2026-06-08 00:00:00,87.19,85.9,0,0,0,0,0,0,0,High
7384,S01477,2026-08-24 00:00:00,80.78,87.68,0,0,2,2,0,0,2,High
7385,S01477,2027-01-18 00:00:00,73.4,62.59,0,0,5,3,0,0,3,Moderate
7386,S01478,2025-08-25 00:00:00,84.06,80.49,0,0,0,0,0,-5,0,High
7387,S01478,2026-01-19 00:00:00,69.42,72.18,0,0,1,1,0,0,1,Moderate
7388,S01478,2026-06-08 00:00:00,77.82,73.79,0,0,4,2,0,0,1,High
7389,S01478,2026-08-24 00:00:00,68.93,70.84,0,0,5,3,0,0,1,Moderate
7390,S01478,2027-01-18 00:00:00,59.27,64.83,0,0,9,5,0,0,4,Moderate
7391,S01479,2025-08-25 00:00:00,90.05,90.69,0,0,0,0,0,0,0,High
7392,S01479,2026-01-19 00:00:00,86.09,88.37,0,0,4,2,0,0,1,High
7393,S01479,2026-06-08 00:00:00,76.53,76.59,0,0,6,4,0,0,1,High
7394,S01479,2026-08-24 00:00:00,85.79,80.64,0,0,6,4,0,0,0, High 
7395,S01479,2027-01-18 00:00:00,74.0,70.91,0,0,8,6,0,0,1,Moderate
7396,S01480,2025-08-25 00:00:00,85.42,77.73,0,0,0,0,0,0,0,High
7397,S01480,2026-01-19 00:00:00,77.96,80.41,0,0,1,0,0,0,0,High
7398,S01480,2026-06-08 00:00:00,69.91,70.75,0,0,4,2,0,0,1,Moderate
7399,S01480,2026-08-24 00:00:00,69.22,73.41,0,0,7,2,1,0,3,moderate
7400,S01480,2027-01-18 00:00:00,38.47,39.37,1,1,12,6,1,8,3,Low
7401,S01481,2025-08-25 00:00:00,91.18,,0,0,0,0,0,0,0,High
7402,S01481,2026-01-19 00:00:00,78.21,80.55,0,0,2,2,0,0,1,High
7403,S01481,2026-06-08 00:00:00,82.35,90.82,0,0,2,2,0,0,0,High
7404,S01481,2026-08-24 00:00:00,78.95,80.14,0,0,2,2,0,0,0,High
7405,S01481,2027-01-18 00:00:00,79.7,78.96,0,0,2,2,0,0,0,high
7406,S01482,2025-08-25 00:00:00,86.11,82.79,0,0,0,0,0,0,0,High
7407,S01482,2026-01-19 00:00:00,78.44,83.17,0,1,3,0,1,0,0,High
7408,S01482,2026-06-08 00:00:00,69.05,62.57,0,1,5,1,1,0,0,Moderate
7409,S01482,2026-08-24 00:00:00,62.76,67.42,1,1,7,2,1,1,2,Moderate
7410,S01482,2027-01-18 00:00:00,50.47,50.17,1,1,12,3,2,1,3,Moderate
7411,S01483,2025-08-25 00:00:00,82.59,87.13,0,0,0,0,0,0,0,High
7412,S01483,2026-01-19 00:00:00,84.82,88.0,0,0,0,0,0,0,0,High
7413,S01483,2026-06-08 00:00:00,81.23,84.9,0,0,2,1,0,0,1,High
7414,S01483,2026-08-24 00:00:00,74.4,74.87,0,0,5,2,0,0,3,Moderate
7415,S01483,2027-01-18 00:00:00,75.82,82.17,0,0,6,2,0,0,1,High
7416,S01484,2025-08-25 00:00:00,80.84,76.63,0,0,0,0,0,0,0, High 
7417,S01484,2026-01-19 00:00:00,,83.94,0,0,0,0,0,0,0,High
7418,S01484,2026-06-08 00:00:00,62.25,66.41,1,0,1,0,0,1,1,Moderate
7419,S01484,2026-08-24 00:00:00,72.89,80.95,1,0,1,0,0,1,0,Moderate
7420, S01484 ,2027-01-18 00:00:00,69.11,66.34,1,0,3,1,0,1,1,Moderate
7421,S01485,2025-08-25 00:00:00,91.6,88.81,0,0,0,0,0,0,0,High
7422,S01485,2026-01-19 00:00:00,81.11,79.25,0,1,3,0,1,0,3, High 
7423,S01485,2026-06-08 00:00:00,81.43,81.44,0,2,4,0,1,0,1,High
7424,S01485,2026-08-24 00:00:00,76.88,79.37,0,2,6,1,1,0,2,High
7425,S01485,2027-01-18 00:00:00,76.78,76.71,0,2,8,2,1,0,0,High
7426,S01486,2025-08-25 00:00:00,77.52,72.53,0,0,0,0,0,0,0,High
7427,S01486,2026-01-19 00:00:00,81.03,74.56,0,0,1,1,0,0,0,High
7428,S01486,2026-06-08 00:00:00,73.14,80.66,0,0,3,2,0,0,2,Moderate
7429,S01486,2026-08-24 00:00:00,73.95,69.9,0,0,5,3,1,0,2,Moderate
7430,S01486,2027-01-18 00:00:00,75.32,77.65,0,0,5,3,1,0,0,High
7431,S01487,2025-08-25 00:00:00,89.43,92.0,0,0,0,0,0,0,0,High
7432,S01487,2026-01-19 00:00:00,79.62,88.16,0,0,2,1,0,0,2,High
7433,S01487,2026-06-08 00:00:00,65.55,70.6,1,1,3,1,0,8,1,Moderate
7434,S01487,2026-08-24 00:00:00,72.22,74.11,1,1,3,1,0,8,0,Moderate
7435,S01487,2027-01-18 00:00:00,72.11,77.71,1,1,4,1,0,8,0,Moderate
7436,S01488,2025-08-25 00:00:00,75.16,75.9,0,0,0,0,0,0,0, High 
7437,S01488,2026-01-19 00:00:00,70.84,77.11,0,1,2,1,0,0,1,Moderate
7438,S01488,2026-06-08 00:00:00,70.02,63.37,0,1,3,2,0,0,1,Moderate
7439,S01488,2026-08-24 00:00:00,80.91,86.01,0,1,3,2,0,0,0,High
7440,S01488,2027-01-18 00:00:00,69.3,78.39,0,1,4,2,0,0,1,Moderate
7441,S01489,2025-08-25 00:00:00,75.06,74.39,0,0,0,0,0,0,0,High
7442,S01489,2026-01-19 00:00:00,83.13,82.43,0,0,0,0,0,0,0,High
7443,S01489,2026-06-08 00:00:00,66.11,71.74,0,0,2,1,0,0,1,Moderate
7444,S01489,2026-08-24 00:00:00,73.07,64.24,0,0,2,1,0,0,0,Moderate
7445,S01489,2027-01-18 00:00:00,84.49,91.15,0,0,2,1,0,0,0,High
7446,S01490,2025-08-25 00:00:00,87.82,87.09,0,0,0,0,0,0,0,High
7447,S01490,2026-01-19 00:00:00,83.79,85.63,0,0,0,0,0,0,0,High
7448, S01490 ,2026-06-08 00:00:00,78.36,,0,0,1,1,0,0,1,High
7449,S01490,2026-08-24 00:00:00,81.96,79.13,0,0,1,1,0,0,0,High
7450,S01490,2027-01-18 00:00:00,80.13,82.65,0,0,1,1,0,0,0,High
7451,S01491,2025-08-25 00:00:00,73.94,73.49,0,0,0,0,0,0,0,Moderate
7452,S01491,2026-01-19 00:00:00,63.99,56.68,0,1,4,3,0,0,2,Moderate
7453,S01491,2026-06-08 00:00:00,75.24,75.73,0,2,5,4,0,0,1,High
7454,S01491,2026-08-24 00:00:00,31.19,23.8,1,2,9,5,0,15,4,Low
7455,S01491,2027-01-18 00:00:00,40.3,33.83,1,2,10,5,0,15,0,Low
7456,S01492,2025-08-25 00:00:00,81.99,91.33,0,0,0,0,0,0,0,High
7457,S01492,2026-01-19 00:00:00,77.51,120.0,0,0,1,0,1,0,0,High
7458,S01492,2026-06-08 00:00:00,70.02,74.2,0,1,5,2,2,0,4,Moderate
7459,S01492,2026-08-24 00:00:00,61.62,67.33,0,2,6,3,2,0,1,Moderate
7460,S01492,2027-01-18 00:00:00,65.26,67.78,0,2,8,4,2,0,0,Moderate
7461,S01493,2025-08-25 00:00:00,78.52,73.84,0,0,0,0,0,0,0,High
7462,S01493,2026-01-19 00:00:00,76.01,81.34,0,0,1,1,0,0,0,High
7463,S01493,2026-06-08 00:00:00,82.03,71.95,0,0,1,1,0,0,0,High
7464,S01493,2026-08-24 00:00:00,80.26,81.54,0,0,1,1,0,0,0,High
7465,S01493,2027-01-18 00:00:00,60.04,60.55,0,0,9,3,1,0,4,Moderate
7466, S01494 ,2025-08-25 00:00:00,64.49,71.07,0,0,0,0,0,0,0,Moderate
7467,S01494,2026-01-19 00:00:00,75.16,78.71,0,0,2,1,0,0,0,High
7468,S01494,2026-06-08 00:00:00,61.03,56.02,0,0,4,1,0,0,2,Moderate
7469,S01494,2026-08-24 00:00:00,57.15,53.49,0,1,8,3,1,0,4,Moderate
7470,S01494,2027-01-18 00:00:00,49.47,47.19,0,2,9,3,1,0,1,Low
7471,S01495,2025-08-25 00:00:00,87.34,89.85,0,0,0,0,0,0,0,High
7472,S01495,2026-01-19 00:00:00,85.01,84.1,0,0,0,0,0,0,0,High
7473,S01495,2026-06-08 00:00:00,74.56,80.07,0,0,7,1,1,0,1,Moderate
7474,S01495,2026-08-24 00:00:00,66.2,73.82,0,0,9,2,1,0,2,Moderate
7475,S01495,2027-01-18 00:00:00,59.01,60.93,0,0,13,3,2,0,4,Moderate
7476,S01496,2025-08-25 00:00:00,82.08,73.76,0,0,0,0,0,0,0,High
7477,S01496,2026-01-19 00:00:00,80.02,78.12,0,0,0,0,0,0,0,High
7478, S01496 ,2026-06-08 00:00:00,71.68,68.74,0,0,3,2,0,0,1,Moderate
7479,S01496,2026-08-24 00:00:00,81.38,74.74,0,0,3,2,0,0,0,High
7480,S01496,2027-01-18 00:00:00,78.94,74.79,0,0,3,2,0,0,0,High
7481,S01497,2025-08-25 00:00:00,87.79,82.65,0,0,0,0,0,0,0,High
7482,S01497,2026-01-19 00:00:00,87.0,84.35,0,0,1,0,0,0,1,High
7483,S01497,2026-06-08 00:00:00,83.08,78.4,0,0,3,0,0,0,2,High
7484,S01497,2026-08-24 00:00:00,72.68,81.79,0,0,4,1,0,0,1,Moderate
7485,S01497,2027-01-18 00:00:00,81.91,79.93,0,0,4,1,0,0,0,High
7486,S01498,2025-08-25 00:00:00,78.99,77.14,0,0,0,0,0,0,0,high
7487, S01498 ,2026-01-19 00:00:00,80.16,83.42,0,0,0,0,0,0,0,High
7488,S01498,2026-06-08 00:00:00,56.59,54.89,1,0,1,1,0,8,0,Moderate
7489,S01498,2026-08-24 00:00:00,58.32,52.14,1,0,3,2,0,8,2,Moderate
7490,S01498,2027-01-18 00:00:00,63.7,62.82,1,1,5,2,0,8,2,Moderate
7491,S01499,2025-08-25 00:00:00,89.33,87.62,0,0,0,0,0,0,0,High
7492,S01499,2026-01-19 00:00:00,82.51,82.24,0,0,0,0,0,0,0,High
7493,S01499,2026-06-08 00:00:00,87.04,88.75,0,0,2,1,0,0,0,High
7494,S01499,2026-08-24 00:00:00,63.4,66.46,0,0,8,3,1,0,6,Moderate
7495,S01499,2027-01-18 00:00:00,76.82,72.91,0,0,8,3,1,0,0,High
7496,S01500,2025-08-25 00:00:00,89.74,94.05,0,0,0,0,0,0,0,High
7497,S01500,2026-01-19 00:00:00,91.85,100.0,0,0,4,2,0,0,1,High
7498,S01500,2026-06-08 00:00:00,78.96,81.03,1,0,4,2,0,1,0,High
7499,S01500,2026-08-24 00:00:00,67.44,68.12,1,0,7,2,0,1,3,Moderate
7500,S01500,2027-01-18 00:00:00,75.09,75.45,1,0,8,2,0,1,0,High
971,S00195,2025-08-25 00:00:00,79.1,79.4,0,0,0,0,0,0,0,High
6280,S01256,2027-01-18 00:00:00,69.64,71.24,0,1,5,3,0,0,0,
1860,S00372,2027-01-18 00:00:00,79.8,76.41,0,1,2,2,0,0,1,High
6804,S01361,2026-08-24 00:00:00,61.46,60.56,1,0,6,2,1,8,1,Moderate
6306,S01262,2025-08-25 00:00:00,84.63,87.45,0,0,0,0,0,0,0,High
3040,S00608,2027-01-18 00:00:00,86.05,78.77,0,0,7,3,0,0,0, High 
7195,S01439,2027-01-18 00:00:00,46.93,45.05,1,0,12,6,0,1,2,Low
1447,S00290,2026-01-19 00:00:00,87.36,86.55,0,0,1,1,0,0,0,High
5200,S01040,2027-01-18 00:00:00,82.09,82.29,0,0,4,1,1,0,0,High
6235,S01247,2027-01-18 00:00:00,96.02,92.42,0,0,3,2,0,0,0,High
4317,S00864,2026-01-19 00:00:00,80.08,75.86,0,0,1,0,0,0,1,High
5923,S01185,2026-06-08 00:00:00,74.77,76.1,0,1,5,1,1,0,3,Moderate
6028,S01206,2026-06-08 00:00:00,85.66,88.77,0,0,0,0,0,0,0,High
1851,S00371,2025-08-25 00:00:00,98.65,98.32,0,0,0,0,0,0,0,High
430,S00086,2027-01-18 00:00:00,58.8,59.5,0,1,8,4,1,0,2,Moderate
102,S00021,2026-01-19 00:00:00,97.53,94.21,0,0,0,0,0,0,0, High 
4708,S00942,2026-06-08 00:00:00,81.76,84.46,0,1,2,1,0,0,1,High
466,S00094,2025-08-25 00:00:00,90.15,91.13,0,0,0,0,0,0,0,High
4130,S00826,2027-01-18 00:00:00,71.8,78.28,0,0,4,3,0,0,0,Moderate
4829,S00966,2026-08-24 00:00:00,72.28,72.49,0,0,7,3,0,0,2,Moderate
3505,S00701,2027-01-18 00:00:00,75.88,72.05,0,0,5,1,1,0,0,High
6767,S01354,2026-01-19 00:00:00,79.26,84.99,0,1,3,2,0,0,0,High
2779,S00556,2026-08-24 00:00:00,51.76,43.02,1,0,7,4,0,6,2,Moderate
3985,S00797,2027-01-18 00:00:00,68.16,64.75,0,1,6,4,0,0,1,Moderate
5240,S01048,2027-01-18 00:00:00,84.43,81.32,0,0,5,2,0,0,0,High
577,S00116,2026-01-19 00:00:00,76.64,81.85,0,0,2,1,0,0,1,High
4467,S00894,2026-01-19 00:00:00,82.63,90.39,0,0,0,0,0,0,0,High
7142,S01429,2026-01-19 00:00:00,90.69,92.71,0,0,0,0,0,0,0,High
6637,S01328,2026-01-19 00:00:00,,96.43,0,0,2,1,0,0,0,High
3015,S00603,2027-01-18 00:00:00,61.04,58.32,1,0,6,2,0,6,2,Moderate
3247,S00650,2026-01-19 00:00:00,83.54,75.42,0,1,0,0,0,0,0,High
5503,S01101,2026-06-08 00:00:00,51.92,56.46,1,0,4,3,0,6,2,Moderate
7174,S01435,2026-08-24 00:00:00,85.18,89.57,0,1,8,2,0,0,0,High
4510,S00902,2027-01-18 00:00:00,76.27,84.11,0,0,5,3,0,0,0, High 
3533,S00707,2026-06-08 00:00:00,64.18,63.33,0,1,3,2,1,0,1,Moderate
1859,S00372,2026-08-24 00:00:00,82.05,80.9,0,1,1,1,0,0,0,High
3482,S00697,2026-01-19 00:00:00,75.1,70.89,0,0,0,0,0,0,0,High
539,S00108,2026-08-24 00:00:00,77.88,78.26,0,0,7,4,0,0,1,High
5891,S01179,2025-08-25 00:00:00,92.6,99.24,0,0,0,0,0,0,0,High
4980,S00996,2027-01-18 00:00:00,78.35,73.31,0,1,0,0,0,0,0,High
7148,S01430,2026-06-08 00:00:00,64.63,66.0,2,0,7,4,0,2,1,Moderate
3382,S00677,2026-01-19 00:00:00,86.51,88.19,0,0,2,0,0,0,1,High
2267,S00454,2026-01-19 00:00:00,81.28,81.99,0,0,0,0,0,0,0,High
1796,S00360,2025-08-25 00:00:00,78.05,76.76,0,0,0,0,0,0,0,High
1727,S00346,2026-01-19 00:00:00,77.26,70.72,0,0,0,0,0,0,0,High
3136,S00628,2025-08-25 00:00:00,85.21,91.01,0,0,0,0,0,0,0,High
3083,S00617,2026-06-08 00:00:00,84.36,85.15,0,0,0,0,0,0,0,High
133,S00027,2026-06-08 00:00:00,84.26,84.21,0,0,3,2,0,0,0,High
1189,S00238,2026-08-24 00:00:00,79.96,71.66,0,0,3,2,0,0,0,High
6866,S01374,2025-08-25 00:00:00,81.86,86.26,0,0,0,0,0,0,0,High
4059,S00812,2026-08-24 00:00:00,69.13,68.8,1,0,3,0,1,6,0,Moderate
555,S00111,2027-01-18 00:00:00,88.07,94.43,0,0,0,0,0,0,0,High
5389,S01078,2026-08-24 00:00:00,75.71,74.53,0,0,2,1,0,0,2, High 
2822,S00565,2026-01-19 00:00:00,,87.91,0,0,1,1,0,0,1,High
2886,S00578,2025-08-25 00:00:00,76.5,74.36,0,0,0,0,0,0,0,High
737,S00148,2026-01-19 00:00:00,88.96,93.87,0,0,1,1,0,0,1,High
2834,S00567,2026-08-24 00:00:00,75.23,77.57,0,0,4,1,0,0,0,High
3821,S00765,2025-08-25 00:00:00,70.8,56.6,0,0,0,0,0,0,0,Moderate
7145,S01429,2027-01-18 00:00:00,87.31,89.61,0,0,3,0,0,0,1,High
602,S00121,2026-01-19 00:00:00,70.53,65.87,0,0,3,0,1,0,1,Moderate
4459,S00892,2026-08-24 00:00:00,90.39,99.25,0,0,3,1,0,0,0,High
5607,S01122,2026-01-19 00:00:00,80.87,80.61,0,1,2,2,0,0,2,High
4688,S00938,2026-06-08 00:00:00,85.03,88.92,0,0,1,0,0,0,0,High
1056,S00212,2025-08-25 00:00:00,91.57,93.02,0,0,0,0,0,0,0,High
4815,S00963,2027-01-18 00:00:00,64.9,61.52,0,1,6,3,0,0,0,Moderate
133,S00027,2026-06-08 00:00:00,84.26,84.21,0,0,3,2,0,0,0,High
2618,S00524,2026-06-08 00:00:00,,60.18,1,0,3,1,0,8,0,Moderate
1143,S00229,2026-06-08 00:00:00,,81.92,0,0,2,0,0,0,0,High
3008,S00602,2026-06-08 00:00:00,84.07,88.97,0,0,0,0,0,0,0,High
458,S00092,2026-06-08 00:00:00,81.09,88.02,0,1,1,0,1,0,0,High
4114,S00823,2026-08-24 00:00:00,77.43,77.33,1,0,1,1,0,1,0,High
6805,S01361,2027-01-18 00:00:00,54.48,51.86,1,1,7,3,1,8,1,Moderate
2292,S00459,2026-01-19 00:00:00,93.67,94.24,0,0,0,0,0,0,0,High
3998,S00800,2026-06-08 00:00:00,84.4,86.67,0,0,1,1,0,0,0,High
1254,S00251,2026-08-24 00:00:00,71.87,71.11,0,0,8,3,0,0,1,Moderate
4297,S00860,2026-01-19 00:00:00,77.66,84.92,0,1,3,1,0,0,1,High
1189,S00238,2026-08-24 00:00:00,79.96,71.66,0,0,3,2,0,0,0,High
5524,S01105,2026-08-24 00:00:00,76.56,82.79,0,1,3,0,0,0,2,High
102,S00021,2026-01-19 00:00:00,97.53,94.21,0,0,0,0,0,0,0,High
4428,S00886,2026-06-08 00:00:00,82.79,78.45,0,0,1,1,0,0,0,HIGH
3934,S00787,2026-08-24 00:00:00,69.11,57.52,0,1,5,2,0,0,0,Moderate
4396,S00880,2025-08-25 00:00:00,95.28,99.89,0,0,0,0,0,0,0,High
2904,S00581,2026-08-24 00:00:00,80.04,80.69,0,0,1,1,0,0,0,High
1546,S00310,2025-08-25 00:00:00,88.39,94.66,0,0,0,0,0,0,0,High
4640,S00928,2027-01-18 00:00:00,76.29,76.94,0,0,8,4,1,0,0,High
5514,S01103,2026-08-24 00:00:00,70.41,71.24,1,0,1,1,0,8,0,Moderate
